ISO-10303-21;
HEADER;
/* Generated by software containing ST-Developer
 * from STEP Tools, Inc. (www.steptools.com) 
 */

FILE_DESCRIPTION(
/* description */ (''),
/* implementation_level */ '2;1');

FILE_NAME(
/* name */ 'Crahsense outter shel part-2 v4.step',
/* time_stamp */ '2026-08-02T12:36:32+05:30',
/* author */ (''),
/* organization */ (''),
/* preprocessor_version */ 'ST-DEVELOPER v20.1',
/* originating_system */ 'Autodesk Translation Framework v15.8.0.0',
/* authorisation */ '');

FILE_SCHEMA (('AUTOMOTIVE_DESIGN { 1 0 10303 214 3 1 1 }'));
ENDSEC;

DATA;
#10=MECHANICAL_DESIGN_GEOMETRIC_PRESENTATION_REPRESENTATION('',(#13),#12050);
#11=SHAPE_REPRESENTATION_RELATIONSHIP('SRR','None',#12057,#12);
#12=ADVANCED_BREP_SHAPE_REPRESENTATION('',(#14),#12049);
#13=STYLED_ITEM('',(#12066),#14);
#14=MANIFOLD_SOLID_BREP('Body1',#6310);
#15=(
BOUNDED_SURFACE()
B_SPLINE_SURFACE(2,2,((#11802,#11803,#11804),(#11805,#11806,#11807),(#11808,
#11809,#11810)),.UNSPECIFIED.,.F.,.F.,.F.)
B_SPLINE_SURFACE_WITH_KNOTS((3,3),(3,3),(0.523598775598299,1.5707963267949),
(-3.14159265358979,-1.5707963267949),.UNSPECIFIED.)
GEOMETRIC_REPRESENTATION_ITEM()
RATIONAL_B_SPLINE_SURFACE(((1.,0.707106781186548,1.),(0.866025403784441,
0.612372435695796,0.866025403784441),(1.,0.707106781186548,1.)))
REPRESENTATION_ITEM('')
SURFACE()
);
#16=(
BOUNDED_SURFACE()
B_SPLINE_SURFACE(2,2,((#11845,#11846,#11847),(#11848,#11849,#11850),(#11851,
#11852,#11853)),.UNSPECIFIED.,.F.,.F.,.F.)
B_SPLINE_SURFACE_WITH_KNOTS((3,3),(3,3),(0.523598775598299,1.5707963267949),
(1.57079632679488,3.1415926535898),.UNSPECIFIED.)
GEOMETRIC_REPRESENTATION_ITEM()
RATIONAL_B_SPLINE_SURFACE(((1.,0.707106781186541,1.),(0.866025403784441,
0.612372435695791,0.866025403784441),(1.,0.707106781186541,1.)))
REPRESENTATION_ITEM('')
SURFACE()
);
#17=(
BOUNDED_SURFACE()
B_SPLINE_SURFACE(2,2,((#11896,#11897,#11898),(#11899,#11900,#11901),(#11902,
#11903,#11904)),.UNSPECIFIED.,.F.,.F.,.F.)
B_SPLINE_SURFACE_WITH_KNOTS((3,3),(3,3),(0.523598775598299,1.5707963267949),
(-3.14159265358979,-1.5707963267949),.UNSPECIFIED.)
GEOMETRIC_REPRESENTATION_ITEM()
RATIONAL_B_SPLINE_SURFACE(((1.,0.707106781186548,1.),(0.866025403784438,
0.612372435695794,0.866025403784438),(1.,0.707106781186548,1.)))
REPRESENTATION_ITEM('')
SURFACE()
);
#18=(
BOUNDED_SURFACE()
B_SPLINE_SURFACE(2,2,((#11939,#11940,#11941),(#11942,#11943,#11944),(#11945,
#11946,#11947)),.UNSPECIFIED.,.F.,.F.,.F.)
B_SPLINE_SURFACE_WITH_KNOTS((3,3),(3,3),(0.523598775598299,1.5707963267949),
(1.57079632679488,3.1415926535898),.UNSPECIFIED.)
GEOMETRIC_REPRESENTATION_ITEM()
RATIONAL_B_SPLINE_SURFACE(((1.,0.707106781186541,1.),(0.866025403784438,
0.612372435695789,0.866025403784438),(1.,0.707106781186541,1.)))
REPRESENTATION_ITEM('')
SURFACE()
);
#19=CYLINDRICAL_SURFACE('',#6490,20.);
#20=CYLINDRICAL_SURFACE('',#6499,20.);
#21=CYLINDRICAL_SURFACE('',#6501,20.);
#22=CYLINDRICAL_SURFACE('',#6509,20.);
#23=CYLINDRICAL_SURFACE('',#6510,4.);
#24=CYLINDRICAL_SURFACE('',#6512,4.);
#25=CYLINDRICAL_SURFACE('',#6514,4.);
#26=CYLINDRICAL_SURFACE('',#6516,4.);
#27=CYLINDRICAL_SURFACE('',#6532,2.5);
#28=CYLINDRICAL_SURFACE('',#6534,2.49999999999998);
#29=CYLINDRICAL_SURFACE('',#6536,2.5);
#30=CYLINDRICAL_SURFACE('',#6538,2.5);
#31=CIRCLE('',#6486,2.67949192431123);
#32=CIRCLE('',#6487,2.67949192431123);
#33=CIRCLE('',#6488,2.67949192431123);
#34=CIRCLE('',#6489,2.67949192431123);
#35=CIRCLE('',#6491,20.);
#36=CIRCLE('',#6492,20.);
#37=CIRCLE('',#6493,20.);
#38=CIRCLE('',#6494,20.);
#39=CIRCLE('',#6495,15.9082484796342);
#40=CIRCLE('',#6496,20.);
#41=CIRCLE('',#6497,20.);
#42=CIRCLE('',#6498,15.9082484796342);
#43=CIRCLE('',#6500,20.);
#44=CIRCLE('',#6502,20.);
#45=CIRCLE('',#6503,20.);
#46=CIRCLE('',#6504,20.);
#47=CIRCLE('',#6505,15.9082484796342);
#48=CIRCLE('',#6506,20.);
#49=CIRCLE('',#6507,20.);
#50=CIRCLE('',#6508,15.9082484796342);
#51=CIRCLE('',#6511,4.);
#52=CIRCLE('',#6513,4.);
#53=CIRCLE('',#6515,4.);
#54=CIRCLE('',#6517,4.);
#55=CIRCLE('',#6525,2.5);
#56=CIRCLE('',#6527,2.5);
#57=CIRCLE('',#6529,2.5);
#58=CIRCLE('',#6531,2.49999999999998);
#59=CIRCLE('',#6533,2.5);
#60=CIRCLE('',#6535,2.49999999999998);
#61=CIRCLE('',#6537,2.5);
#62=CIRCLE('',#6539,2.5);
#63=FACE_BOUND('',#911,.T.);
#64=FACE_BOUND('',#975,.T.);
#65=FACE_BOUND('',#1018,.T.);
#66=FACE_BOUND('',#1178,.T.);
#67=FACE_BOUND('',#1180,.T.);
#68=FACE_BOUND('',#1181,.T.);
#69=FACE_BOUND('',#1182,.T.);
#70=FACE_BOUND('',#1183,.T.);
#71=FACE_BOUND('',#1184,.T.);
#72=FACE_BOUND('',#1185,.T.);
#73=FACE_BOUND('',#1186,.T.);
#74=FACE_BOUND('',#1187,.T.);
#75=FACE_BOUND('',#1188,.T.);
#76=FACE_BOUND('',#1189,.T.);
#77=FACE_BOUND('',#1190,.T.);
#78=FACE_BOUND('',#1191,.T.);
#79=FACE_BOUND('',#1192,.T.);
#80=FACE_BOUND('',#1193,.T.);
#81=FACE_BOUND('',#1194,.T.);
#82=FACE_BOUND('',#1195,.T.);
#83=FACE_BOUND('',#1198,.T.);
#84=FACE_BOUND('',#1200,.T.);
#85=FACE_BOUND('',#1204,.T.);
#86=FACE_BOUND('',#1206,.T.);
#87=FACE_BOUND('',#1219,.T.);
#88=FACE_BOUND('',#1221,.T.);
#89=FACE_BOUND('',#1223,.T.);
#90=FACE_BOUND('',#1225,.T.);
#91=FACE_BOUND('',#1231,.T.);
#92=FACE_BOUND('',#1232,.T.);
#93=FACE_BOUND('',#1233,.T.);
#94=FACE_BOUND('',#1234,.T.);
#95=FACE_BOUND('',#1235,.T.);
#96=B_SPLINE_CURVE_WITH_KNOTS('',3,(#7599,#7600,#7601,#7602,#7603),
 .UNSPECIFIED.,.F.,.F.,(4,1,4),(0.,0.119001375927846,0.175883550772287),
 .UNSPECIFIED.);
#97=B_SPLINE_CURVE_WITH_KNOTS('',3,(#7605,#7606,#7607,#7608,#7609),
 .UNSPECIFIED.,.F.,.F.,(4,1,4),(-0.175883550772287,-0.119001375927846,0.),
 .UNSPECIFIED.);
#98=B_SPLINE_CURVE_WITH_KNOTS('',3,(#7622,#7623,#7624,#7625,#7626),
 .UNSPECIFIED.,.F.,.F.,(4,1,4),(0.,0.0235490072724906,0.054124596067019),
 .UNSPECIFIED.);
#99=B_SPLINE_CURVE_WITH_KNOTS('',3,(#7628,#7629,#7630,#7631,#7632),
 .UNSPECIFIED.,.F.,.F.,(4,1,4),(-0.054124596067019,-0.0235490072724906,
0.),.UNSPECIFIED.);
#100=B_SPLINE_CURVE_WITH_KNOTS('',3,(#7645,#7646,#7647,#7648,#7649),
 .UNSPECIFIED.,.F.,.F.,(4,1,4),(0.,0.0402723807104392,0.0791620872562808),
 .UNSPECIFIED.);
#101=B_SPLINE_CURVE_WITH_KNOTS('',3,(#7651,#7652,#7653,#7654,#7655),
 .UNSPECIFIED.,.F.,.F.,(4,1,4),(-0.0791620872562808,-0.0402723807104392,
0.),.UNSPECIFIED.);
#102=B_SPLINE_CURVE_WITH_KNOTS('',3,(#7668,#7669,#7670,#7671,#7672),
 .UNSPECIFIED.,.F.,.F.,(4,1,4),(0.,0.068831345168632,0.193483543198093),
 .UNSPECIFIED.);
#103=B_SPLINE_CURVE_WITH_KNOTS('',3,(#7674,#7675,#7676,#7677,#7678),
 .UNSPECIFIED.,.F.,.F.,(4,1,4),(-0.193483543198093,-0.068831345168632,0.),
 .UNSPECIFIED.);
#104=B_SPLINE_CURVE_WITH_KNOTS('',3,(#7697,#7698,#7699,#7700,#7701),
 .UNSPECIFIED.,.F.,.F.,(4,1,4),(0.,0.11741893339364,0.177645471951188),
 .UNSPECIFIED.);
#105=B_SPLINE_CURVE_WITH_KNOTS('',3,(#7703,#7704,#7705,#7706,#7707),
 .UNSPECIFIED.,.F.,.F.,(4,1,4),(-0.177645471951188,-0.11741893339364,0.),
 .UNSPECIFIED.);
#106=B_SPLINE_CURVE_WITH_KNOTS('',3,(#7720,#7721,#7722,#7723,#7724),
 .UNSPECIFIED.,.F.,.F.,(4,1,4),(0.,0.0271552466278939,0.0593165908878506),
 .UNSPECIFIED.);
#107=B_SPLINE_CURVE_WITH_KNOTS('',3,(#7726,#7727,#7728,#7729,#7730),
 .UNSPECIFIED.,.F.,.F.,(4,1,4),(-0.0593165908878506,-0.0271552466278939,
0.),.UNSPECIFIED.);
#108=B_SPLINE_CURVE_WITH_KNOTS('',3,(#7743,#7744,#7745,#7746,#7747),
 .UNSPECIFIED.,.F.,.F.,(4,1,4),(0.,0.0368325029673284,0.0748946143719172),
 .UNSPECIFIED.);
#109=B_SPLINE_CURVE_WITH_KNOTS('',3,(#7749,#7750,#7751,#7752,#7753),
 .UNSPECIFIED.,.F.,.F.,(4,1,4),(-0.0748946143719172,-0.0368325029673284,
0.),.UNSPECIFIED.);
#110=B_SPLINE_CURVE_WITH_KNOTS('',3,(#7766,#7767,#7768,#7769,#7770),
 .UNSPECIFIED.,.F.,.F.,(4,1,4),(0.,0.0715039165070229,0.204514572888816),
 .UNSPECIFIED.);
#111=B_SPLINE_CURVE_WITH_KNOTS('',3,(#7772,#7773,#7774,#7775,#7776),
 .UNSPECIFIED.,.F.,.F.,(4,1,4),(-0.204514572888816,-0.0715039165070229,
0.),.UNSPECIFIED.);
#112=B_SPLINE_CURVE_WITH_KNOTS('',3,(#7807,#7808,#7809,#7810,#7811),
 .UNSPECIFIED.,.F.,.F.,(4,1,4),(0.,0.281240018725674,0.480590917231803),
 .UNSPECIFIED.);
#113=B_SPLINE_CURVE_WITH_KNOTS('',3,(#7813,#7814,#7815,#7816,#7817),
 .UNSPECIFIED.,.F.,.F.,(4,1,4),(-0.480590917231803,-0.281240018725674,0.),
 .UNSPECIFIED.);
#114=B_SPLINE_CURVE_WITH_KNOTS('',3,(#7830,#7831,#7832,#7833,#7834),
 .UNSPECIFIED.,.F.,.F.,(4,1,4),(0.,0.169016556088944,0.364472196669963),
 .UNSPECIFIED.);
#115=B_SPLINE_CURVE_WITH_KNOTS('',3,(#7836,#7837,#7838,#7839,#7840),
 .UNSPECIFIED.,.F.,.F.,(4,1,4),(-0.364472196669963,-0.169016556088944,0.),
 .UNSPECIFIED.);
#116=B_SPLINE_CURVE_WITH_KNOTS('',3,(#7853,#7854,#7855,#7856,#7857),
 .UNSPECIFIED.,.F.,.F.,(4,1,4),(0.,0.209756853987691,0.424679316602669),
 .UNSPECIFIED.);
#117=B_SPLINE_CURVE_WITH_KNOTS('',3,(#7859,#7860,#7861,#7862,#7863),
 .UNSPECIFIED.,.F.,.F.,(4,1,4),(-0.424679316602669,-0.209756853987691,0.),
 .UNSPECIFIED.);
#118=B_SPLINE_CURVE_WITH_KNOTS('',3,(#7876,#7877,#7878,#7879,#7880),
 .UNSPECIFIED.,.F.,.F.,(4,1,4),(0.,0.203970842326215,0.366211305295583),
 .UNSPECIFIED.);
#119=B_SPLINE_CURVE_WITH_KNOTS('',3,(#7882,#7883,#7884,#7885,#7886),
 .UNSPECIFIED.,.F.,.F.,(4,1,4),(-0.366211305295583,-0.203970842326215,0.),
 .UNSPECIFIED.);
#120=B_SPLINE_CURVE_WITH_KNOTS('',3,(#7899,#7900,#7901,#7902,#7903),
 .UNSPECIFIED.,.F.,.F.,(4,1,4),(0.,0.136077155200768,0.272336379684633),
 .UNSPECIFIED.);
#121=B_SPLINE_CURVE_WITH_KNOTS('',3,(#7905,#7906,#7907,#7908,#7909),
 .UNSPECIFIED.,.F.,.F.,(4,1,4),(-0.272336379684633,-0.136077155200768,0.),
 .UNSPECIFIED.);
#122=B_SPLINE_CURVE_WITH_KNOTS('',3,(#7922,#7923,#7924,#7925,#7926),
 .UNSPECIFIED.,.F.,.F.,(4,1,4),(0.,0.186497114963699,0.452767536447541),
 .UNSPECIFIED.);
#123=B_SPLINE_CURVE_WITH_KNOTS('',3,(#7928,#7929,#7930,#7931,#7932),
 .UNSPECIFIED.,.F.,.F.,(4,1,4),(-0.452767536447541,-0.186497114963699,0.),
 .UNSPECIFIED.);
#124=B_SPLINE_CURVE_WITH_KNOTS('',3,(#7951,#7952,#7953,#7954,#7955),
 .UNSPECIFIED.,.F.,.F.,(4,1,4),(0.,0.199378920622586,0.345755664098246),
 .UNSPECIFIED.);
#125=B_SPLINE_CURVE_WITH_KNOTS('',3,(#7957,#7958,#7959,#7960,#7961),
 .UNSPECIFIED.,.F.,.F.,(4,1,4),(-0.345755664098246,-0.199378920622586,0.),
 .UNSPECIFIED.);
#126=B_SPLINE_CURVE_WITH_KNOTS('',3,(#7974,#7975,#7976,#7977,#7978),
 .UNSPECIFIED.,.F.,.F.,(4,1,4),(0.,0.1260004826123,0.26765589469069),
 .UNSPECIFIED.);
#127=B_SPLINE_CURVE_WITH_KNOTS('',3,(#7980,#7981,#7982,#7983,#7984),
 .UNSPECIFIED.,.F.,.F.,(4,1,4),(-0.26765589469069,-0.1260004826123,0.),
 .UNSPECIFIED.);
#128=B_SPLINE_CURVE_WITH_KNOTS('',3,(#7997,#7998,#7999,#8000,#8001),
 .UNSPECIFIED.,.F.,.F.,(4,1,4),(0.,0.151954725952736,0.310204680909585),
 .UNSPECIFIED.);
#129=B_SPLINE_CURVE_WITH_KNOTS('',3,(#8003,#8004,#8005,#8006,#8007),
 .UNSPECIFIED.,.F.,.F.,(4,1,4),(-0.310204680909585,-0.151954725952736,0.),
 .UNSPECIFIED.);
#130=B_SPLINE_CURVE_WITH_KNOTS('',3,(#8020,#8021,#8022,#8023,#8024),
 .UNSPECIFIED.,.F.,.F.,(4,1,4),(0.,0.162933820831227,0.329051171427996),
 .UNSPECIFIED.);
#131=B_SPLINE_CURVE_WITH_KNOTS('',3,(#8026,#8027,#8028,#8029,#8030),
 .UNSPECIFIED.,.F.,.F.,(4,1,4),(-0.329051171427996,-0.162933820831227,0.),
 .UNSPECIFIED.);
#132=B_SPLINE_CURVE_WITH_KNOTS('',3,(#8043,#8044,#8045,#8046,#8047),
 .UNSPECIFIED.,.F.,.F.,(4,1,4),(0.,0.205104866244826,0.369200556339136),
 .UNSPECIFIED.);
#133=B_SPLINE_CURVE_WITH_KNOTS('',3,(#8049,#8050,#8051,#8052,#8053),
 .UNSPECIFIED.,.F.,.F.,(4,1,4),(-0.369200556339136,-0.205104866244826,0.),
 .UNSPECIFIED.);
#134=B_SPLINE_CURVE_WITH_KNOTS('',3,(#8066,#8067,#8068,#8069,#8070),
 .UNSPECIFIED.,.F.,.F.,(4,1,4),(0.,0.137421973974833,0.265998606276251),
 .UNSPECIFIED.);
#135=B_SPLINE_CURVE_WITH_KNOTS('',3,(#8072,#8073,#8074,#8075,#8076),
 .UNSPECIFIED.,.F.,.F.,(4,1,4),(-0.265998606276251,-0.137421973974833,0.),
 .UNSPECIFIED.);
#136=B_SPLINE_CURVE_WITH_KNOTS('',3,(#8089,#8090,#8091,#8092,#8093),
 .UNSPECIFIED.,.F.,.F.,(4,1,4),(0.,0.172481392581628,0.424064016767225),
 .UNSPECIFIED.);
#137=B_SPLINE_CURVE_WITH_KNOTS('',3,(#8095,#8096,#8097,#8098,#8099),
 .UNSPECIFIED.,.F.,.F.,(4,1,4),(-0.424064016767225,-0.172481392581628,0.),
 .UNSPECIFIED.);
#138=B_SPLINE_CURVE_WITH_KNOTS('',3,(#8117,#8118,#8119,#8120,#8121),
 .UNSPECIFIED.,.F.,.F.,(4,1,4),(0.,0.354389014959387,0.797722635349218),
 .UNSPECIFIED.);
#139=B_SPLINE_CURVE_WITH_KNOTS('',3,(#8125,#8126,#8127,#8128,#8129),
 .UNSPECIFIED.,.F.,.F.,(4,1,4),(-0.797722635349218,-0.354389014959387,0.),
 .UNSPECIFIED.);
#140=B_SPLINE_CURVE_WITH_KNOTS('',3,(#8142,#8143,#8144,#8145,#8146),
 .UNSPECIFIED.,.F.,.F.,(4,1,4),(0.,0.502921183587908,0.837525204101449),
 .UNSPECIFIED.);
#141=B_SPLINE_CURVE_WITH_KNOTS('',3,(#8148,#8149,#8150,#8151,#8152),
 .UNSPECIFIED.,.F.,.F.,(4,1,4),(-0.837525204101449,-0.502921183587908,0.),
 .UNSPECIFIED.);
#142=B_SPLINE_CURVE_WITH_KNOTS('',3,(#8385,#8386,#8387,#8388,#8389),
 .UNSPECIFIED.,.F.,.F.,(4,1,4),(0.,0.185843162148383,0.273712768140772),
 .UNSPECIFIED.);
#143=B_SPLINE_CURVE_WITH_KNOTS('',3,(#8391,#8392,#8393,#8394,#8395),
 .UNSPECIFIED.,.F.,.F.,(4,1,4),(-0.273712768140772,-0.185843162148383,0.),
 .UNSPECIFIED.);
#144=B_SPLINE_CURVE_WITH_KNOTS('',3,(#8408,#8409,#8410,#8411,#8412),
 .UNSPECIFIED.,.F.,.F.,(4,1,4),(0.,0.0348688170244141,0.0698225042895545),
 .UNSPECIFIED.);
#145=B_SPLINE_CURVE_WITH_KNOTS('',3,(#8414,#8415,#8416,#8417,#8418),
 .UNSPECIFIED.,.F.,.F.,(4,1,4),(-0.0698225042895545,-0.0348688170244141,
0.),.UNSPECIFIED.);
#146=B_SPLINE_CURVE_WITH_KNOTS('',3,(#8431,#8432,#8433,#8434,#8435),
 .UNSPECIFIED.,.F.,.F.,(4,1,4),(0.,0.0681903658397765,0.199183014280632),
 .UNSPECIFIED.);
#147=B_SPLINE_CURVE_WITH_KNOTS('',3,(#8437,#8438,#8439,#8440,#8441),
 .UNSPECIFIED.,.F.,.F.,(4,1,4),(-0.199183014280632,-0.0681903658397765,
0.),.UNSPECIFIED.);
#148=B_SPLINE_CURVE_WITH_KNOTS('',3,(#8466,#8467,#8468,#8469,#8470),
 .UNSPECIFIED.,.F.,.F.,(4,1,4),(0.,0.378075026586384,0.735816970533051),
 .UNSPECIFIED.);
#149=B_SPLINE_CURVE_WITH_KNOTS('',3,(#8472,#8473,#8474,#8475,#8476),
 .UNSPECIFIED.,.F.,.F.,(4,1,4),(-0.735816970533051,-0.378075026586384,0.),
 .UNSPECIFIED.);
#150=B_SPLINE_CURVE_WITH_KNOTS('',3,(#8567,#8568,#8569,#8570,#8571),
 .UNSPECIFIED.,.F.,.F.,(4,1,4),(0.,0.354389014959387,0.797722635349218),
 .UNSPECIFIED.);
#151=B_SPLINE_CURVE_WITH_KNOTS('',3,(#8575,#8576,#8577,#8578,#8579),
 .UNSPECIFIED.,.F.,.F.,(4,1,4),(-0.797722635349218,-0.354389014959387,0.),
 .UNSPECIFIED.);
#152=B_SPLINE_CURVE_WITH_KNOTS('',3,(#8592,#8593,#8594,#8595,#8596),
 .UNSPECIFIED.,.F.,.F.,(4,1,4),(0.,0.502921369626547,0.837525390140088),
 .UNSPECIFIED.);
#153=B_SPLINE_CURVE_WITH_KNOTS('',3,(#8598,#8599,#8600,#8601,#8602),
 .UNSPECIFIED.,.F.,.F.,(4,1,4),(-0.837525390140088,-0.502921369626547,0.),
 .UNSPECIFIED.);
#154=B_SPLINE_CURVE_WITH_KNOTS('',3,(#8769,#8770,#8771,#8772,#8773),
 .UNSPECIFIED.,.F.,.F.,(4,1,4),(0.,0.0476731095534587,0.0870770112945835),
 .UNSPECIFIED.);
#155=B_SPLINE_CURVE_WITH_KNOTS('',3,(#8775,#8776,#8777,#8778,#8779),
 .UNSPECIFIED.,.F.,.F.,(4,1,4),(-0.0870770112945835,-0.0476731095534587,
0.),.UNSPECIFIED.);
#156=B_SPLINE_CURVE_WITH_KNOTS('',3,(#8792,#8793,#8794,#8795,#8796),
 .UNSPECIFIED.,.F.,.F.,(4,1,4),(0.,0.0541261857039597,0.153014596624559),
 .UNSPECIFIED.);
#157=B_SPLINE_CURVE_WITH_KNOTS('',3,(#8798,#8799,#8800,#8801,#8802),
 .UNSPECIFIED.,.F.,.F.,(4,1,4),(-0.153014596624559,-0.0541261857039597,
0.),.UNSPECIFIED.);
#158=B_SPLINE_CURVE_WITH_KNOTS('',3,(#8821,#8822,#8823,#8824,#8825),
 .UNSPECIFIED.,.F.,.F.,(4,1,4),(0.,0.0685320081065949,0.106240983480203),
 .UNSPECIFIED.);
#159=B_SPLINE_CURVE_WITH_KNOTS('',3,(#8827,#8828,#8829,#8830,#8831),
 .UNSPECIFIED.,.F.,.F.,(4,1,4),(-0.106240983480203,-0.0685320081065949,
0.),.UNSPECIFIED.);
#160=B_SPLINE_CURVE_WITH_KNOTS('',3,(#8843,#8844,#8845,#8846,#8847),
 .UNSPECIFIED.,.F.,.F.,(4,1,4),(0.,0.0316580274846104,0.0762995256684884),
 .UNSPECIFIED.);
#161=B_SPLINE_CURVE_WITH_KNOTS('',3,(#8848,#8849,#8850,#8851,#8852),
 .UNSPECIFIED.,.F.,.F.,(4,1,4),(-0.0762995256684884,-0.0316580274846104,
0.),.UNSPECIFIED.);
#162=B_SPLINE_CURVE_WITH_KNOTS('',3,(#8873,#8874,#8875,#8876,#8877),
 .UNSPECIFIED.,.F.,.F.,(4,1,4),(0.,0.301907356051325,0.486596309516372),
 .UNSPECIFIED.);
#163=B_SPLINE_CURVE_WITH_KNOTS('',3,(#8879,#8880,#8881,#8882,#8883),
 .UNSPECIFIED.,.F.,.F.,(4,1,4),(-0.486596309516372,-0.301907356051325,0.),
 .UNSPECIFIED.);
#164=B_SPLINE_CURVE_WITH_KNOTS('',3,(#8896,#8897,#8898,#8899,#8900),
 .UNSPECIFIED.,.F.,.F.,(4,1,4),(0.,0.116512877053793,0.233828417850701),
 .UNSPECIFIED.);
#165=B_SPLINE_CURVE_WITH_KNOTS('',3,(#8902,#8903,#8904,#8905,#8906),
 .UNSPECIFIED.,.F.,.F.,(4,1,4),(-0.233828417850701,-0.116512877053793,0.),
 .UNSPECIFIED.);
#166=B_SPLINE_CURVE_WITH_KNOTS('',3,(#8919,#8920,#8921,#8922,#8923),
 .UNSPECIFIED.,.F.,.F.,(4,1,4),(0.,0.155496619858282,0.38479604684833),
 .UNSPECIFIED.);
#167=B_SPLINE_CURVE_WITH_KNOTS('',3,(#8925,#8926,#8927,#8928,#8929),
 .UNSPECIFIED.,.F.,.F.,(4,1,4),(-0.38479604684833,-0.155496619858282,0.),
 .UNSPECIFIED.);
#168=B_SPLINE_CURVE_WITH_KNOTS('',3,(#8942,#8943,#8944,#8945,#8946),
 .UNSPECIFIED.,.F.,.F.,(4,1,4),(0.,0.214731339465636,0.367025073340329),
 .UNSPECIFIED.);
#169=B_SPLINE_CURVE_WITH_KNOTS('',3,(#8948,#8949,#8950,#8951,#8952),
 .UNSPECIFIED.,.F.,.F.,(4,1,4),(-0.367025073340329,-0.214731339465636,0.),
 .UNSPECIFIED.);
#170=B_SPLINE_CURVE_WITH_KNOTS('',3,(#8965,#8966,#8967,#8968,#8969),
 .UNSPECIFIED.,.F.,.F.,(4,1,4),(0.,0.126249227054652,0.268090940616553),
 .UNSPECIFIED.);
#171=B_SPLINE_CURVE_WITH_KNOTS('',3,(#8971,#8972,#8973,#8974,#8975),
 .UNSPECIFIED.,.F.,.F.,(4,1,4),(-0.268090940616553,-0.126249227054652,0.),
 .UNSPECIFIED.);
#172=B_SPLINE_CURVE_WITH_KNOTS('',3,(#8988,#8989,#8990,#8991,#8992),
 .UNSPECIFIED.,.F.,.F.,(4,1,4),(0.,0.113521177668103,0.192715023360348),
 .UNSPECIFIED.);
#173=B_SPLINE_CURVE_WITH_KNOTS('',3,(#8994,#8995,#8996,#8997,#8998),
 .UNSPECIFIED.,.F.,.F.,(4,1,4),(-0.192715023360348,-0.113521177668103,0.),
 .UNSPECIFIED.);
#174=B_SPLINE_CURVE_WITH_KNOTS('',3,(#9011,#9012,#9013,#9014,#9015),
 .UNSPECIFIED.,.F.,.F.,(4,1,4),(0.,0.0694334407302577,0.128936274440126),
 .UNSPECIFIED.);
#175=B_SPLINE_CURVE_WITH_KNOTS('',3,(#9017,#9018,#9019,#9020,#9021),
 .UNSPECIFIED.,.F.,.F.,(4,1,4),(-0.128936274440126,-0.0694334407302577,
0.),.UNSPECIFIED.);
#176=B_SPLINE_CURVE_WITH_KNOTS('',3,(#9034,#9035,#9036,#9037,#9038),
 .UNSPECIFIED.,.F.,.F.,(4,1,4),(0.,0.104777640393719,0.307455174161121),
 .UNSPECIFIED.);
#177=B_SPLINE_CURVE_WITH_KNOTS('',3,(#9040,#9041,#9042,#9043,#9044),
 .UNSPECIFIED.,.F.,.F.,(4,1,4),(-0.307455174161121,-0.104777640393719,0.),
 .UNSPECIFIED.);
#178=B_SPLINE_CURVE_WITH_KNOTS('',3,(#9075,#9076,#9077,#9078,#9079),
 .UNSPECIFIED.,.F.,.F.,(4,1,4),(0.,0.123837199795464,0.183009000501267),
 .UNSPECIFIED.);
#179=B_SPLINE_CURVE_WITH_KNOTS('',3,(#9081,#9082,#9083,#9084,#9085),
 .UNSPECIFIED.,.F.,.F.,(4,1,4),(-0.183009000501267,-0.123837199795464,0.),
 .UNSPECIFIED.);
#180=B_SPLINE_CURVE_WITH_KNOTS('',3,(#9098,#9099,#9100,#9101,#9102),
 .UNSPECIFIED.,.F.,.F.,(4,1,4),(0.,0.0320736917979832,0.084334864043561),
 .UNSPECIFIED.);
#181=B_SPLINE_CURVE_WITH_KNOTS('',3,(#9104,#9105,#9106,#9107,#9108),
 .UNSPECIFIED.,.F.,.F.,(4,1,4),(-0.084334864043561,-0.0320736917979832,
0.),.UNSPECIFIED.);
#182=B_SPLINE_CURVE_WITH_KNOTS('',3,(#9201,#9202,#9203,#9204,#9205),
 .UNSPECIFIED.,.F.,.F.,(4,1,4),(0.,0.207376014041114,0.438131681286298),
 .UNSPECIFIED.);
#183=B_SPLINE_CURVE_WITH_KNOTS('',3,(#9207,#9208,#9209,#9210,#9211),
 .UNSPECIFIED.,.F.,.F.,(4,1,4),(-0.438131681286298,-0.207376014041114,0.),
 .UNSPECIFIED.);
#184=B_SPLINE_CURVE_WITH_KNOTS('',3,(#9255,#9256,#9257,#9258,#9259),
 .UNSPECIFIED.,.F.,.F.,(4,1,4),(0.,0.078012849528118,0.116016549728779),
 .UNSPECIFIED.);
#185=B_SPLINE_CURVE_WITH_KNOTS('',3,(#9261,#9262,#9263,#9264,#9265),
 .UNSPECIFIED.,.F.,.F.,(4,1,4),(-0.116016549728779,-0.078012849528118,0.),
 .UNSPECIFIED.);
#186=B_SPLINE_CURVE_WITH_KNOTS('',3,(#9278,#9279,#9280,#9281,#9282),
 .UNSPECIFIED.,.F.,.F.,(4,1,4),(0.,0.0187201541174401,0.0422956925662945),
 .UNSPECIFIED.);
#187=B_SPLINE_CURVE_WITH_KNOTS('',3,(#9284,#9285,#9286,#9287,#9288),
 .UNSPECIFIED.,.F.,.F.,(4,1,4),(-0.0422956925662945,-0.0187201541174401,
0.),.UNSPECIFIED.);
#188=B_SPLINE_CURVE_WITH_KNOTS('',3,(#9301,#9302,#9303,#9304,#9305),
 .UNSPECIFIED.,.F.,.F.,(4,1,4),(0.,0.0312742470207349,0.0670263307996793),
 .UNSPECIFIED.);
#189=B_SPLINE_CURVE_WITH_KNOTS('',3,(#9307,#9308,#9309,#9310,#9311),
 .UNSPECIFIED.,.F.,.F.,(4,1,4),(-0.0670263307996793,-0.0312742470207349,
0.),.UNSPECIFIED.);
#190=B_SPLINE_CURVE_WITH_KNOTS('',3,(#9324,#9325,#9326,#9327,#9328),
 .UNSPECIFIED.,.F.,.F.,(4,1,4),(0.,0.0468374621092574,0.110291582738686),
 .UNSPECIFIED.);
#191=B_SPLINE_CURVE_WITH_KNOTS('',3,(#9330,#9331,#9332,#9333,#9334),
 .UNSPECIFIED.,.F.,.F.,(4,1,4),(-0.110291582738686,-0.0468374621092574,
0.),.UNSPECIFIED.);
#192=B_SPLINE_CURVE_WITH_KNOTS('',3,(#9347,#9348,#9349,#9350,#9351),
 .UNSPECIFIED.,.F.,.F.,(4,1,4),(0.,0.0804823080921819,0.129791278805313),
 .UNSPECIFIED.);
#193=B_SPLINE_CURVE_WITH_KNOTS('',3,(#9353,#9354,#9355,#9356,#9357),
 .UNSPECIFIED.,.F.,.F.,(4,1,4),(-0.129791278805313,-0.0804823080921819,
0.),.UNSPECIFIED.);
#194=B_SPLINE_CURVE_WITH_KNOTS('',3,(#9370,#9371,#9372,#9373,#9374),
 .UNSPECIFIED.,.F.,.F.,(4,1,4),(0.,0.0581219169302243,0.131299347991852),
 .UNSPECIFIED.);
#195=B_SPLINE_CURVE_WITH_KNOTS('',3,(#9376,#9377,#9378,#9379,#9380),
 .UNSPECIFIED.,.F.,.F.,(4,1,4),(-0.131299347991852,-0.0581219169302243,
0.),.UNSPECIFIED.);
#196=B_SPLINE_CURVE_WITH_KNOTS('',3,(#9393,#9394,#9395,#9396,#9397),
 .UNSPECIFIED.,.F.,.F.,(4,1,4),(0.,0.309238751257001,0.497512301236578),
 .UNSPECIFIED.);
#197=B_SPLINE_CURVE_WITH_KNOTS('',3,(#9399,#9400,#9401,#9402,#9403),
 .UNSPECIFIED.,.F.,.F.,(4,1,4),(-0.497512301236578,-0.309238751257001,0.),
 .UNSPECIFIED.);
#198=B_SPLINE_CURVE_WITH_KNOTS('',3,(#9416,#9417,#9418,#9419,#9420),
 .UNSPECIFIED.,.F.,.F.,(4,1,4),(0.,0.175685985908715,0.437558455140774),
 .UNSPECIFIED.);
#199=B_SPLINE_CURVE_WITH_KNOTS('',3,(#9422,#9423,#9424,#9425,#9426),
 .UNSPECIFIED.,.F.,.F.,(4,1,4),(-0.437558455140774,-0.175685985908715,0.),
 .UNSPECIFIED.);
#200=B_SPLINE_CURVE_WITH_KNOTS('',3,(#9439,#9440,#9441,#9442,#9443),
 .UNSPECIFIED.,.F.,.F.,(4,1,4),(0.,0.201750783888595,0.35847488372111),
 .UNSPECIFIED.);
#201=B_SPLINE_CURVE_WITH_KNOTS('',3,(#9445,#9446,#9447,#9448,#9449),
 .UNSPECIFIED.,.F.,.F.,(4,1,4),(-0.35847488372111,-0.201750783888595,0.),
 .UNSPECIFIED.);
#202=B_SPLINE_CURVE_WITH_KNOTS('',3,(#9462,#9463,#9464,#9465,#9466),
 .UNSPECIFIED.,.F.,.F.,(4,1,4),(0.,0.145023896359847,0.314187284585525),
 .UNSPECIFIED.);
#203=B_SPLINE_CURVE_WITH_KNOTS('',3,(#9468,#9469,#9470,#9471,#9472),
 .UNSPECIFIED.,.F.,.F.,(4,1,4),(-0.314187284585525,-0.145023896359847,0.),
 .UNSPECIFIED.);
#204=B_SPLINE_CURVE_WITH_KNOTS('',3,(#9485,#9486,#9487,#9488,#9489),
 .UNSPECIFIED.,.F.,.F.,(4,1,4),(0.,0.183330271842225,0.370424409819594),
 .UNSPECIFIED.);
#205=B_SPLINE_CURVE_WITH_KNOTS('',3,(#9491,#9492,#9493,#9494,#9495),
 .UNSPECIFIED.,.F.,.F.,(4,1,4),(-0.370424409819594,-0.183330271842225,0.),
 .UNSPECIFIED.);
#206=B_SPLINE_CURVE_WITH_KNOTS('',3,(#9508,#9509,#9510,#9511,#9512),
 .UNSPECIFIED.,.F.,.F.,(4,1,4),(0.,0.189669715761938,0.346620538783603),
 .UNSPECIFIED.);
#207=B_SPLINE_CURVE_WITH_KNOTS('',3,(#9514,#9515,#9516,#9517,#9518),
 .UNSPECIFIED.,.F.,.F.,(4,1,4),(-0.346620538783603,-0.189669715761938,0.),
 .UNSPECIFIED.);
#208=B_SPLINE_CURVE_WITH_KNOTS('',3,(#9531,#9532,#9533,#9534,#9535),
 .UNSPECIFIED.,.F.,.F.,(4,1,4),(0.,0.130937453575123,0.250343796357105),
 .UNSPECIFIED.);
#209=B_SPLINE_CURVE_WITH_KNOTS('',3,(#9537,#9538,#9539,#9540,#9541),
 .UNSPECIFIED.,.F.,.F.,(4,1,4),(-0.250343796357105,-0.130937453575123,0.),
 .UNSPECIFIED.);
#210=B_SPLINE_CURVE_WITH_KNOTS('',3,(#9554,#9555,#9556,#9557,#9558),
 .UNSPECIFIED.,.F.,.F.,(4,1,4),(0.,0.151208748094347,0.358464419815441),
 .UNSPECIFIED.);
#211=B_SPLINE_CURVE_WITH_KNOTS('',3,(#9560,#9561,#9562,#9563,#9564),
 .UNSPECIFIED.,.F.,.F.,(4,1,4),(-0.358464419815441,-0.151208748094347,0.),
 .UNSPECIFIED.);
#212=B_SPLINE_CURVE_WITH_KNOTS('',3,(#9595,#9596,#9597,#9598,#9599),
 .UNSPECIFIED.,.F.,.F.,(4,1,4),(0.,0.0863096531821778,0.128966580626848),
 .UNSPECIFIED.);
#213=B_SPLINE_CURVE_WITH_KNOTS('',3,(#9601,#9602,#9603,#9604,#9605),
 .UNSPECIFIED.,.F.,.F.,(4,1,4),(-0.128966580626848,-0.0863096531821778,
0.),.UNSPECIFIED.);
#214=B_SPLINE_CURVE_WITH_KNOTS('',3,(#9618,#9619,#9620,#9621,#9622),
 .UNSPECIFIED.,.F.,.F.,(4,1,4),(0.,0.0218556728848345,0.0511868816641009),
 .UNSPECIFIED.);
#215=B_SPLINE_CURVE_WITH_KNOTS('',3,(#9624,#9625,#9626,#9627,#9628),
 .UNSPECIFIED.,.F.,.F.,(4,1,4),(-0.0511868816641009,-0.0218556728848345,
0.),.UNSPECIFIED.);
#216=B_SPLINE_CURVE_WITH_KNOTS('',3,(#9641,#9642,#9643,#9644,#9645),
 .UNSPECIFIED.,.F.,.F.,(4,1,4),(0.,0.0359988073725035,0.0752167553497501),
 .UNSPECIFIED.);
#217=B_SPLINE_CURVE_WITH_KNOTS('',3,(#9647,#9648,#9649,#9650,#9651),
 .UNSPECIFIED.,.F.,.F.,(4,1,4),(-0.0752167553497501,-0.0359988073725035,
0.),.UNSPECIFIED.);
#218=B_SPLINE_CURVE_WITH_KNOTS('',3,(#9664,#9665,#9666,#9667,#9668),
 .UNSPECIFIED.,.F.,.F.,(4,1,4),(0.,0.0498814167451229,0.116084606404749),
 .UNSPECIFIED.);
#219=B_SPLINE_CURVE_WITH_KNOTS('',3,(#9670,#9671,#9672,#9673,#9674),
 .UNSPECIFIED.,.F.,.F.,(4,1,4),(-0.116084606404749,-0.0498814167451229,
0.),.UNSPECIFIED.);
#220=B_SPLINE_CURVE_WITH_KNOTS('',3,(#9687,#9688,#9689,#9690,#9691),
 .UNSPECIFIED.,.F.,.F.,(4,1,4),(0.,0.136681728600614,0.205846116654459),
 .UNSPECIFIED.);
#221=B_SPLINE_CURVE_WITH_KNOTS('',3,(#9693,#9694,#9695,#9696,#9697),
 .UNSPECIFIED.,.F.,.F.,(4,1,4),(-0.205846116654459,-0.136681728600614,0.),
 .UNSPECIFIED.);
#222=B_SPLINE_CURVE_WITH_KNOTS('',3,(#9710,#9711,#9712,#9713,#9714),
 .UNSPECIFIED.,.F.,.F.,(4,1,4),(0.,0.100012428010516,0.259478571141118),
 .UNSPECIFIED.);
#223=B_SPLINE_CURVE_WITH_KNOTS('',3,(#9716,#9717,#9718,#9719,#9720),
 .UNSPECIFIED.,.F.,.F.,(4,1,4),(-0.259478571141118,-0.100012428010516,0.),
 .UNSPECIFIED.);
#224=B_SPLINE_CURVE_WITH_KNOTS('',3,(#9733,#9734,#9735,#9736,#9737),
 .UNSPECIFIED.,.F.,.F.,(4,1,4),(0.,0.164138039767788,0.26731709405199),
 .UNSPECIFIED.);
#225=B_SPLINE_CURVE_WITH_KNOTS('',3,(#9739,#9740,#9741,#9742,#9743),
 .UNSPECIFIED.,.F.,.F.,(4,1,4),(-0.26731709405199,-0.164138039767788,0.),
 .UNSPECIFIED.);
#226=B_SPLINE_CURVE_WITH_KNOTS('',3,(#9756,#9757,#9758,#9759,#9760),
 .UNSPECIFIED.,.F.,.F.,(4,1,4),(0.,0.0783909293373766,0.173023307351234),
 .UNSPECIFIED.);
#227=B_SPLINE_CURVE_WITH_KNOTS('',3,(#9762,#9763,#9764,#9765,#9766),
 .UNSPECIFIED.,.F.,.F.,(4,1,4),(-0.173023307351234,-0.0783909293373766,
0.),.UNSPECIFIED.);
#228=B_SPLINE_CURVE_WITH_KNOTS('',3,(#9779,#9780,#9781,#9782,#9783),
 .UNSPECIFIED.,.F.,.F.,(4,1,4),(0.,0.119084118707228,0.271100540308289),
 .UNSPECIFIED.);
#229=B_SPLINE_CURVE_WITH_KNOTS('',3,(#9785,#9786,#9787,#9788,#9789),
 .UNSPECIFIED.,.F.,.F.,(4,1,4),(-0.271100540308289,-0.119084118707228,0.),
 .UNSPECIFIED.);
#230=B_SPLINE_CURVE_WITH_KNOTS('',3,(#9802,#9803,#9804,#9805,#9806),
 .UNSPECIFIED.,.F.,.F.,(4,1,4),(0.,0.21714328208022,0.385247967151205),
 .UNSPECIFIED.);
#231=B_SPLINE_CURVE_WITH_KNOTS('',3,(#9808,#9809,#9810,#9811,#9812),
 .UNSPECIFIED.,.F.,.F.,(4,1,4),(-0.385247967151205,-0.21714328208022,0.),
 .UNSPECIFIED.);
#232=B_SPLINE_CURVE_WITH_KNOTS('',3,(#9825,#9826,#9827,#9828,#9829),
 .UNSPECIFIED.,.F.,.F.,(4,1,4),(0.,0.148703796857106,0.307351483430804),
 .UNSPECIFIED.);
#233=B_SPLINE_CURVE_WITH_KNOTS('',3,(#9831,#9832,#9833,#9834,#9835),
 .UNSPECIFIED.,.F.,.F.,(4,1,4),(-0.307351483430804,-0.148703796857106,0.),
 .UNSPECIFIED.);
#234=B_SPLINE_CURVE_WITH_KNOTS('',3,(#9848,#9849,#9850,#9851,#9852),
 .UNSPECIFIED.,.F.,.F.,(4,1,4),(0.,0.169067847771126,0.348062199579374),
 .UNSPECIFIED.);
#235=B_SPLINE_CURVE_WITH_KNOTS('',3,(#9854,#9855,#9856,#9857,#9858),
 .UNSPECIFIED.,.F.,.F.,(4,1,4),(-0.348062199579374,-0.169067847771126,0.),
 .UNSPECIFIED.);
#236=B_SPLINE_CURVE_WITH_KNOTS('',3,(#9871,#9872,#9873,#9874,#9875),
 .UNSPECIFIED.,.F.,.F.,(4,1,4),(0.,0.18401907704153,0.336061233170699),
 .UNSPECIFIED.);
#237=B_SPLINE_CURVE_WITH_KNOTS('',3,(#9877,#9878,#9879,#9880,#9881),
 .UNSPECIFIED.,.F.,.F.,(4,1,4),(-0.336061233170699,-0.18401907704153,0.),
 .UNSPECIFIED.);
#238=B_SPLINE_CURVE_WITH_KNOTS('',3,(#9894,#9895,#9896,#9897,#9898),
 .UNSPECIFIED.,.F.,.F.,(4,1,4),(0.,0.122536402510317,0.22532459462586),
 .UNSPECIFIED.);
#239=B_SPLINE_CURVE_WITH_KNOTS('',3,(#9900,#9901,#9902,#9903,#9904),
 .UNSPECIFIED.,.F.,.F.,(4,1,4),(-0.22532459462586,-0.122536402510317,0.),
 .UNSPECIFIED.);
#240=B_SPLINE_CURVE_WITH_KNOTS('',3,(#9917,#9918,#9919,#9920,#9921),
 .UNSPECIFIED.,.F.,.F.,(4,1,4),(0.,0.13748108792782,0.349667808934661),
 .UNSPECIFIED.);
#241=B_SPLINE_CURVE_WITH_KNOTS('',3,(#9923,#9924,#9925,#9926,#9927),
 .UNSPECIFIED.,.F.,.F.,(4,1,4),(-0.349667808934661,-0.13748108792782,0.),
 .UNSPECIFIED.);
#242=B_SPLINE_CURVE_WITH_KNOTS('',3,(#10020,#10021,#10022,#10023,#10024),
 .UNSPECIFIED.,.F.,.F.,(4,1,4),(0.,0.0780125775460822,0.116016361184665),
 .UNSPECIFIED.);
#243=B_SPLINE_CURVE_WITH_KNOTS('',3,(#10026,#10027,#10028,#10029,#10030),
 .UNSPECIFIED.,.F.,.F.,(4,1,4),(-0.116016361184665,-0.0780125775460822,
0.),.UNSPECIFIED.);
#244=B_SPLINE_CURVE_WITH_KNOTS('',3,(#10043,#10044,#10045,#10046,#10047),
 .UNSPECIFIED.,.F.,.F.,(4,1,4),(0.,0.0187207542382062,0.0422953594113848),
 .UNSPECIFIED.);
#245=B_SPLINE_CURVE_WITH_KNOTS('',3,(#10049,#10050,#10051,#10052,#10053),
 .UNSPECIFIED.,.F.,.F.,(4,1,4),(-0.0422953594113848,-0.0187207542382062,
0.),.UNSPECIFIED.);
#246=B_SPLINE_CURVE_WITH_KNOTS('',3,(#10066,#10067,#10068,#10069,#10070),
 .UNSPECIFIED.,.F.,.F.,(4,1,4),(0.,0.03127517564448,0.0670257300532119),
 .UNSPECIFIED.);
#247=B_SPLINE_CURVE_WITH_KNOTS('',3,(#10072,#10073,#10074,#10075,#10076),
 .UNSPECIFIED.,.F.,.F.,(4,1,4),(-0.0670257300532119,-0.03127517564448,0.),
 .UNSPECIFIED.);
#248=B_SPLINE_CURVE_WITH_KNOTS('',3,(#10089,#10090,#10091,#10092,#10093),
 .UNSPECIFIED.,.F.,.F.,(4,1,4),(0.,0.0468380049294951,0.110292125558924),
 .UNSPECIFIED.);
#249=B_SPLINE_CURVE_WITH_KNOTS('',3,(#10095,#10096,#10097,#10098,#10099),
 .UNSPECIFIED.,.F.,.F.,(4,1,4),(-0.110292125558924,-0.0468380049294951,
0.),.UNSPECIFIED.);
#250=B_SPLINE_CURVE_WITH_KNOTS('',3,(#10112,#10113,#10114,#10115,#10116),
 .UNSPECIFIED.,.F.,.F.,(4,1,4),(0.,0.0804825638515733,0.129791442967682),
 .UNSPECIFIED.);
#251=B_SPLINE_CURVE_WITH_KNOTS('',3,(#10118,#10119,#10120,#10121,#10122),
 .UNSPECIFIED.,.F.,.F.,(4,1,4),(-0.129791442967682,-0.0804825638515733,
0.),.UNSPECIFIED.);
#252=B_SPLINE_CURVE_WITH_KNOTS('',3,(#10135,#10136,#10137,#10138,#10139),
 .UNSPECIFIED.,.F.,.F.,(4,1,4),(0.,0.0581215857617603,0.131300106283512),
 .UNSPECIFIED.);
#253=B_SPLINE_CURVE_WITH_KNOTS('',3,(#10141,#10142,#10143,#10144,#10145),
 .UNSPECIFIED.,.F.,.F.,(4,1,4),(-0.131300106283512,-0.0581215857617603,
0.),.UNSPECIFIED.);
#254=B_SPLINE_CURVE_WITH_KNOTS('',3,(#10158,#10159,#10160,#10161,#10162),
 .UNSPECIFIED.,.F.,.F.,(4,1,4),(0.,0.309237998930289,0.497510418568912),
 .UNSPECIFIED.);
#255=B_SPLINE_CURVE_WITH_KNOTS('',3,(#10164,#10165,#10166,#10167,#10168),
 .UNSPECIFIED.,.F.,.F.,(4,1,4),(-0.497510418568912,-0.309237998930289,0.),
 .UNSPECIFIED.);
#256=B_SPLINE_CURVE_WITH_KNOTS('',3,(#10181,#10182,#10183,#10184,#10185),
 .UNSPECIFIED.,.F.,.F.,(4,1,4),(0.,0.17568603991588,0.437558739412415),
 .UNSPECIFIED.);
#257=B_SPLINE_CURVE_WITH_KNOTS('',3,(#10187,#10188,#10189,#10190,#10191),
 .UNSPECIFIED.,.F.,.F.,(4,1,4),(-0.437558739412415,-0.17568603991588,0.),
 .UNSPECIFIED.);
#258=B_SPLINE_CURVE_WITH_KNOTS('',3,(#10204,#10205,#10206,#10207,#10208),
 .UNSPECIFIED.,.F.,.F.,(4,1,4),(0.,0.201750783888595,0.358474372824762),
 .UNSPECIFIED.);
#259=B_SPLINE_CURVE_WITH_KNOTS('',3,(#10210,#10211,#10212,#10213,#10214),
 .UNSPECIFIED.,.F.,.F.,(4,1,4),(-0.358474372824762,-0.201750783888595,0.),
 .UNSPECIFIED.);
#260=B_SPLINE_CURVE_WITH_KNOTS('',3,(#10227,#10228,#10229,#10230,#10231),
 .UNSPECIFIED.,.F.,.F.,(4,1,4),(0.,0.145023183836244,0.314187415763777),
 .UNSPECIFIED.);
#261=B_SPLINE_CURVE_WITH_KNOTS('',3,(#10233,#10234,#10235,#10236,#10237),
 .UNSPECIFIED.,.F.,.F.,(4,1,4),(-0.314187415763777,-0.145023183836244,0.),
 .UNSPECIFIED.);
#262=B_SPLINE_CURVE_WITH_KNOTS('',3,(#10250,#10251,#10252,#10253,#10254),
 .UNSPECIFIED.,.F.,.F.,(4,1,4),(0.,0.183329358221554,0.370423496198924),
 .UNSPECIFIED.);
#263=B_SPLINE_CURVE_WITH_KNOTS('',3,(#10256,#10257,#10258,#10259,#10260),
 .UNSPECIFIED.,.F.,.F.,(4,1,4),(-0.370423496198924,-0.183329358221554,0.),
 .UNSPECIFIED.);
#264=B_SPLINE_CURVE_WITH_KNOTS('',3,(#10273,#10274,#10275,#10276,#10277),
 .UNSPECIFIED.,.F.,.F.,(4,1,4),(0.,0.189669715761938,0.346621418917635),
 .UNSPECIFIED.);
#265=B_SPLINE_CURVE_WITH_KNOTS('',3,(#10279,#10280,#10281,#10282,#10283),
 .UNSPECIFIED.,.F.,.F.,(4,1,4),(-0.346621418917635,-0.189669715761938,0.),
 .UNSPECIFIED.);
#266=B_SPLINE_CURVE_WITH_KNOTS('',3,(#10296,#10297,#10298,#10299,#10300),
 .UNSPECIFIED.,.F.,.F.,(4,1,4),(0.,0.130937453575123,0.250343796357105),
 .UNSPECIFIED.);
#267=B_SPLINE_CURVE_WITH_KNOTS('',3,(#10302,#10303,#10304,#10305,#10306),
 .UNSPECIFIED.,.F.,.F.,(4,1,4),(-0.250343796357105,-0.130937453575123,0.),
 .UNSPECIFIED.);
#268=B_SPLINE_CURVE_WITH_KNOTS('',3,(#10319,#10320,#10321,#10322,#10323),
 .UNSPECIFIED.,.F.,.F.,(4,1,4),(0.,0.151208748094347,0.358464419815441),
 .UNSPECIFIED.);
#269=B_SPLINE_CURVE_WITH_KNOTS('',3,(#10325,#10326,#10327,#10328,#10329),
 .UNSPECIFIED.,.F.,.F.,(4,1,4),(-0.358464419815441,-0.151208748094347,0.),
 .UNSPECIFIED.);
#270=B_SPLINE_CURVE_WITH_KNOTS('',3,(#10360,#10361,#10362,#10363,#10364),
 .UNSPECIFIED.,.F.,.F.,(4,1,4),(0.,0.0863099249090049,0.128966852353675),
 .UNSPECIFIED.);
#271=B_SPLINE_CURVE_WITH_KNOTS('',3,(#10366,#10367,#10368,#10369,#10370),
 .UNSPECIFIED.,.F.,.F.,(4,1,4),(-0.128966852353675,-0.0863099249090049,
0.),.UNSPECIFIED.);
#272=B_SPLINE_CURVE_WITH_KNOTS('',3,(#10383,#10384,#10385,#10386,#10387),
 .UNSPECIFIED.,.F.,.F.,(4,1,4),(0.,0.0218556728848345,0.0511868816641009),
 .UNSPECIFIED.);
#273=B_SPLINE_CURVE_WITH_KNOTS('',3,(#10389,#10390,#10391,#10392,#10393),
 .UNSPECIFIED.,.F.,.F.,(4,1,4),(-0.0511868816641009,-0.0218556728848345,
0.),.UNSPECIFIED.);
#274=B_SPLINE_CURVE_WITH_KNOTS('',3,(#10406,#10407,#10408,#10409,#10410),
 .UNSPECIFIED.,.F.,.F.,(4,1,4),(0.,0.0359988073725035,0.0752159869505994),
 .UNSPECIFIED.);
#275=B_SPLINE_CURVE_WITH_KNOTS('',3,(#10412,#10413,#10414,#10415,#10416),
 .UNSPECIFIED.,.F.,.F.,(4,1,4),(-0.0752159869505994,-0.0359988073725035,
0.),.UNSPECIFIED.);
#276=B_SPLINE_CURVE_WITH_KNOTS('',3,(#10429,#10430,#10431,#10432,#10433),
 .UNSPECIFIED.,.F.,.F.,(4,1,4),(0.,0.0498814167451229,0.116084606404749),
 .UNSPECIFIED.);
#277=B_SPLINE_CURVE_WITH_KNOTS('',3,(#10435,#10436,#10437,#10438,#10439),
 .UNSPECIFIED.,.F.,.F.,(4,1,4),(-0.116084606404749,-0.0498814167451229,
0.),.UNSPECIFIED.);
#278=B_SPLINE_CURVE_WITH_KNOTS('',3,(#10452,#10453,#10454,#10455,#10456),
 .UNSPECIFIED.,.F.,.F.,(4,1,4),(0.,0.136681464089666,0.205845941798477),
 .UNSPECIFIED.);
#279=B_SPLINE_CURVE_WITH_KNOTS('',3,(#10458,#10459,#10460,#10461,#10462),
 .UNSPECIFIED.,.F.,.F.,(4,1,4),(-0.205845941798477,-0.136681464089666,0.),
 .UNSPECIFIED.);
#280=B_SPLINE_CURVE_WITH_KNOTS('',3,(#10475,#10476,#10477,#10478,#10479),
 .UNSPECIFIED.,.F.,.F.,(4,1,4),(0.,0.100013698608721,0.259478423293044),
 .UNSPECIFIED.);
#281=B_SPLINE_CURVE_WITH_KNOTS('',3,(#10481,#10482,#10483,#10484,#10485),
 .UNSPECIFIED.,.F.,.F.,(4,1,4),(-0.259478423293044,-0.100013698608721,0.),
 .UNSPECIFIED.);
#282=B_SPLINE_CURVE_WITH_KNOTS('',3,(#10498,#10499,#10500,#10501,#10502),
 .UNSPECIFIED.,.F.,.F.,(4,1,4),(0.,0.164138747902283,0.267317156237212),
 .UNSPECIFIED.);
#283=B_SPLINE_CURVE_WITH_KNOTS('',3,(#10504,#10505,#10506,#10507,#10508),
 .UNSPECIFIED.,.F.,.F.,(4,1,4),(-0.267317156237212,-0.164138747902283,0.),
 .UNSPECIFIED.);
#284=B_SPLINE_CURVE_WITH_KNOTS('',3,(#10521,#10522,#10523,#10524,#10525),
 .UNSPECIFIED.,.F.,.F.,(4,1,4),(0.,0.0783909293373766,0.173023468298686),
 .UNSPECIFIED.);
#285=B_SPLINE_CURVE_WITH_KNOTS('',3,(#10527,#10528,#10529,#10530,#10531),
 .UNSPECIFIED.,.F.,.F.,(4,1,4),(-0.173023468298686,-0.0783909293373766,
0.),.UNSPECIFIED.);
#286=B_SPLINE_CURVE_WITH_KNOTS('',3,(#10544,#10545,#10546,#10547,#10548),
 .UNSPECIFIED.,.F.,.F.,(4,1,4),(0.,0.119084188234405,0.271100609835466),
 .UNSPECIFIED.);
#287=B_SPLINE_CURVE_WITH_KNOTS('',3,(#10550,#10551,#10552,#10553,#10554),
 .UNSPECIFIED.,.F.,.F.,(4,1,4),(-0.271100609835466,-0.119084188234405,0.),
 .UNSPECIFIED.);
#288=B_SPLINE_CURVE_WITH_KNOTS('',3,(#10567,#10568,#10569,#10570,#10571),
 .UNSPECIFIED.,.F.,.F.,(4,1,4),(0.,0.217142549970691,0.385248291137329),
 .UNSPECIFIED.);
#289=B_SPLINE_CURVE_WITH_KNOTS('',3,(#10573,#10574,#10575,#10576,#10577),
 .UNSPECIFIED.,.F.,.F.,(4,1,4),(-0.385248291137329,-0.217142549970691,0.),
 .UNSPECIFIED.);
#290=B_SPLINE_CURVE_WITH_KNOTS('',3,(#10590,#10591,#10592,#10593,#10594),
 .UNSPECIFIED.,.F.,.F.,(4,1,4),(0.,0.148704516288896,0.307352202862594),
 .UNSPECIFIED.);
#291=B_SPLINE_CURVE_WITH_KNOTS('',3,(#10596,#10597,#10598,#10599,#10600),
 .UNSPECIFIED.,.F.,.F.,(4,1,4),(-0.307352202862594,-0.148704516288896,0.),
 .UNSPECIFIED.);
#292=B_SPLINE_CURVE_WITH_KNOTS('',3,(#10613,#10614,#10615,#10616,#10617),
 .UNSPECIFIED.,.F.,.F.,(4,1,4),(0.,0.169066930034462,0.348060331670238),
 .UNSPECIFIED.);
#293=B_SPLINE_CURVE_WITH_KNOTS('',3,(#10619,#10620,#10621,#10622,#10623),
 .UNSPECIFIED.,.F.,.F.,(4,1,4),(-0.348060331670238,-0.169066930034462,0.),
 .UNSPECIFIED.);
#294=B_SPLINE_CURVE_WITH_KNOTS('',3,(#10636,#10637,#10638,#10639,#10640),
 .UNSPECIFIED.,.F.,.F.,(4,1,4),(0.,0.18401907704153,0.336061233170699),
 .UNSPECIFIED.);
#295=B_SPLINE_CURVE_WITH_KNOTS('',3,(#10642,#10643,#10644,#10645,#10646),
 .UNSPECIFIED.,.F.,.F.,(4,1,4),(-0.336061233170699,-0.18401907704153,0.),
 .UNSPECIFIED.);
#296=B_SPLINE_CURVE_WITH_KNOTS('',3,(#10659,#10660,#10661,#10662,#10663),
 .UNSPECIFIED.,.F.,.F.,(4,1,4),(0.,0.122537895277164,0.225326087392707),
 .UNSPECIFIED.);
#297=B_SPLINE_CURVE_WITH_KNOTS('',3,(#10665,#10666,#10667,#10668,#10669),
 .UNSPECIFIED.,.F.,.F.,(4,1,4),(-0.225326087392707,-0.122537895277164,0.),
 .UNSPECIFIED.);
#298=B_SPLINE_CURVE_WITH_KNOTS('',3,(#10682,#10683,#10684,#10685,#10686),
 .UNSPECIFIED.,.F.,.F.,(4,1,4),(0.,0.137481160621309,0.349668139733624),
 .UNSPECIFIED.);
#299=B_SPLINE_CURVE_WITH_KNOTS('',3,(#10688,#10689,#10690,#10691,#10692),
 .UNSPECIFIED.,.F.,.F.,(4,1,4),(-0.349668139733624,-0.137481160621309,0.),
 .UNSPECIFIED.);
#300=B_SPLINE_CURVE_WITH_KNOTS('',3,(#10724,#10725,#10726,#10727,#10728),
 .UNSPECIFIED.,.F.,.F.,(4,1,4),(0.,0.078012849528118,0.116016633166701),
 .UNSPECIFIED.);
#301=B_SPLINE_CURVE_WITH_KNOTS('',3,(#10730,#10731,#10732,#10733,#10734),
 .UNSPECIFIED.,.F.,.F.,(4,1,4),(-0.116016633166701,-0.078012849528118,0.),
 .UNSPECIFIED.);
#302=B_SPLINE_CURVE_WITH_KNOTS('',3,(#10747,#10748,#10749,#10750,#10751),
 .UNSPECIFIED.,.F.,.F.,(4,1,4),(0.,0.0187213543883158,0.0422959595614944),
 .UNSPECIFIED.);
#303=B_SPLINE_CURVE_WITH_KNOTS('',3,(#10753,#10754,#10755,#10756,#10757),
 .UNSPECIFIED.,.F.,.F.,(4,1,4),(-0.0422959595614944,-0.0187213543883158,
0.),.UNSPECIFIED.);
#304=B_SPLINE_CURVE_WITH_KNOTS('',3,(#10770,#10771,#10772,#10773,#10774),
 .UNSPECIFIED.,.F.,.F.,(4,1,4),(0.,0.0312742470207349,0.0670255661100312),
 .UNSPECIFIED.);
#305=B_SPLINE_CURVE_WITH_KNOTS('',3,(#10776,#10777,#10778,#10779,#10780),
 .UNSPECIFIED.,.F.,.F.,(4,1,4),(-0.0670255661100312,-0.0312742470207349,
0.),.UNSPECIFIED.);
#306=B_SPLINE_CURVE_WITH_KNOTS('',3,(#10793,#10794,#10795,#10796,#10797),
 .UNSPECIFIED.,.F.,.F.,(4,1,4),(0.,0.0468380049294951,0.110292125558924),
 .UNSPECIFIED.);
#307=B_SPLINE_CURVE_WITH_KNOTS('',3,(#10799,#10800,#10801,#10802,#10803),
 .UNSPECIFIED.,.F.,.F.,(4,1,4),(-0.110292125558924,-0.0468380049294951,
0.),.UNSPECIFIED.);
#308=B_SPLINE_CURVE_WITH_KNOTS('',3,(#10816,#10817,#10818,#10819,#10820),
 .UNSPECIFIED.,.F.,.F.,(4,1,4),(0.,0.0804824359705666,0.129791315086676),
 .UNSPECIFIED.);
#309=B_SPLINE_CURVE_WITH_KNOTS('',3,(#10822,#10823,#10824,#10825,#10826),
 .UNSPECIFIED.,.F.,.F.,(4,1,4),(-0.129791315086676,-0.0804824359705666,
0.),.UNSPECIFIED.);
#310=B_SPLINE_CURVE_WITH_KNOTS('',3,(#10839,#10840,#10841,#10842,#10843),
 .UNSPECIFIED.,.F.,.F.,(4,1,4),(0.,0.0581212546070575,0.131299775128809),
 .UNSPECIFIED.);
#311=B_SPLINE_CURVE_WITH_KNOTS('',3,(#10845,#10846,#10847,#10848,#10849),
 .UNSPECIFIED.,.F.,.F.,(4,1,4),(-0.131299775128809,-0.0581212546070575,
0.),.UNSPECIFIED.);
#312=B_SPLINE_CURVE_WITH_KNOTS('',3,(#10862,#10863,#10864,#10865,#10866),
 .UNSPECIFIED.,.F.,.F.,(4,1,4),(0.,0.309238375093506,0.497510794732129),
 .UNSPECIFIED.);
#313=B_SPLINE_CURVE_WITH_KNOTS('',3,(#10868,#10869,#10870,#10871,#10872),
 .UNSPECIFIED.,.F.,.F.,(4,1,4),(-0.497510794732129,-0.309238375093506,0.),
 .UNSPECIFIED.);
#314=B_SPLINE_CURVE_WITH_KNOTS('',3,(#10885,#10886,#10887,#10888,#10889),
 .UNSPECIFIED.,.F.,.F.,(4,1,4),(0.,0.17568603991588,0.437558739412415),
 .UNSPECIFIED.);
#315=B_SPLINE_CURVE_WITH_KNOTS('',3,(#10891,#10892,#10893,#10894,#10895),
 .UNSPECIFIED.,.F.,.F.,(4,1,4),(-0.437558739412415,-0.17568603991588,0.),
 .UNSPECIFIED.);
#316=B_SPLINE_CURVE_WITH_KNOTS('',3,(#10908,#10909,#10910,#10911,#10912),
 .UNSPECIFIED.,.F.,.F.,(4,1,4),(0.,0.201750422375111,0.358474522207627),
 .UNSPECIFIED.);
#317=B_SPLINE_CURVE_WITH_KNOTS('',3,(#10914,#10915,#10916,#10917,#10918),
 .UNSPECIFIED.,.F.,.F.,(4,1,4),(-0.358474522207627,-0.201750422375111,0.),
 .UNSPECIFIED.);
#318=B_SPLINE_CURVE_WITH_KNOTS('',3,(#10931,#10932,#10933,#10934,#10935),
 .UNSPECIFIED.,.F.,.F.,(4,1,4),(0.,0.145023896359847,0.314187706436307),
 .UNSPECIFIED.);
#319=B_SPLINE_CURVE_WITH_KNOTS('',3,(#10937,#10938,#10939,#10940,#10941),
 .UNSPECIFIED.,.F.,.F.,(4,1,4),(-0.314187706436307,-0.145023896359847,0.),
 .UNSPECIFIED.);
#320=B_SPLINE_CURVE_WITH_KNOTS('',3,(#10954,#10955,#10956,#10957,#10958),
 .UNSPECIFIED.,.F.,.F.,(4,1,4),(0.,0.183329815031838,0.370423003527289),
 .UNSPECIFIED.);
#321=B_SPLINE_CURVE_WITH_KNOTS('',3,(#10960,#10961,#10962,#10963,#10964),
 .UNSPECIFIED.,.F.,.F.,(4,1,4),(-0.370423003527289,-0.183329815031838,0.),
 .UNSPECIFIED.);
#322=B_SPLINE_CURVE_WITH_KNOTS('',3,(#10977,#10978,#10979,#10980,#10981),
 .UNSPECIFIED.,.F.,.F.,(4,1,4),(0.,0.189670189901563,0.346621012923228),
 .UNSPECIFIED.);
#323=B_SPLINE_CURVE_WITH_KNOTS('',3,(#10983,#10984,#10985,#10986,#10987),
 .UNSPECIFIED.,.F.,.F.,(4,1,4),(-0.346621012923228,-0.189670189901563,0.),
 .UNSPECIFIED.);
#324=B_SPLINE_CURVE_WITH_KNOTS('',3,(#11000,#11001,#11002,#11003,#11004),
 .UNSPECIFIED.,.F.,.F.,(4,1,4),(0.,0.130937453575123,0.250344067092286),
 .UNSPECIFIED.);
#325=B_SPLINE_CURVE_WITH_KNOTS('',3,(#11006,#11007,#11008,#11009,#11010),
 .UNSPECIFIED.,.F.,.F.,(4,1,4),(-0.250344067092286,-0.130937453575123,0.),
 .UNSPECIFIED.);
#326=B_SPLINE_CURVE_WITH_KNOTS('',3,(#11023,#11024,#11025,#11026,#11027),
 .UNSPECIFIED.,.F.,.F.,(4,1,4),(0.,0.151208798231694,0.358464469952789),
 .UNSPECIFIED.);
#327=B_SPLINE_CURVE_WITH_KNOTS('',3,(#11029,#11030,#11031,#11032,#11033),
 .UNSPECIFIED.,.F.,.F.,(4,1,4),(-0.358464469952789,-0.151208798231694,0.),
 .UNSPECIFIED.);
#328=B_SPLINE_CURVE_WITH_KNOTS('',3,(#11064,#11065,#11066,#11067,#11068),
 .UNSPECIFIED.,.F.,.F.,(4,1,4),(0.,0.0863099249090049,0.128966852353675),
 .UNSPECIFIED.);
#329=B_SPLINE_CURVE_WITH_KNOTS('',3,(#11070,#11071,#11072,#11073,#11074),
 .UNSPECIFIED.,.F.,.F.,(4,1,4),(-0.128966852353675,-0.0863099249090049,
0.),.UNSPECIFIED.);
#330=B_SPLINE_CURVE_WITH_KNOTS('',3,(#11087,#11088,#11089,#11090,#11091),
 .UNSPECIFIED.,.F.,.F.,(4,1,4),(0.,0.0218556728848345,0.0511873497571908),
 .UNSPECIFIED.);
#331=B_SPLINE_CURVE_WITH_KNOTS('',3,(#11093,#11094,#11095,#11096,#11097),
 .UNSPECIFIED.,.F.,.F.,(4,1,4),(-0.0511873497571908,-0.0218556728848345,
0.),.UNSPECIFIED.);
#332=B_SPLINE_CURVE_WITH_KNOTS('',3,(#11110,#11111,#11112,#11113,#11114),
 .UNSPECIFIED.,.F.,.F.,(4,1,4),(0.,0.0359988073725035,0.0752159869505994),
 .UNSPECIFIED.);
#333=B_SPLINE_CURVE_WITH_KNOTS('',3,(#11116,#11117,#11118,#11119,#11120),
 .UNSPECIFIED.,.F.,.F.,(4,1,4),(-0.0752159869505994,-0.0359988073725035,
0.),.UNSPECIFIED.);
#334=B_SPLINE_CURVE_WITH_KNOTS('',3,(#11133,#11134,#11135,#11136,#11137),
 .UNSPECIFIED.,.F.,.F.,(4,1,4),(0.,0.0498811451640882,0.116084519146965),
 .UNSPECIFIED.);
#335=B_SPLINE_CURVE_WITH_KNOTS('',3,(#11139,#11140,#11141,#11142,#11143),
 .UNSPECIFIED.,.F.,.F.,(4,1,4),(-0.116084519146965,-0.0498811451640882,
0.),.UNSPECIFIED.);
#336=B_SPLINE_CURVE_WITH_KNOTS('',3,(#11156,#11157,#11158,#11159,#11160),
 .UNSPECIFIED.,.F.,.F.,(4,1,4),(0.,0.136681596344372,0.20584602921914),
 .UNSPECIFIED.);
#337=B_SPLINE_CURVE_WITH_KNOTS('',3,(#11162,#11163,#11164,#11165,#11166),
 .UNSPECIFIED.,.F.,.F.,(4,1,4),(-0.20584602921914,-0.136681596344372,0.),
 .UNSPECIFIED.);
#338=B_SPLINE_CURVE_WITH_KNOTS('',3,(#11179,#11180,#11181,#11182,#11183),
 .UNSPECIFIED.,.F.,.F.,(4,1,4),(0.,0.100013063307089,0.259478142602026),
 .UNSPECIFIED.);
#339=B_SPLINE_CURVE_WITH_KNOTS('',3,(#11185,#11186,#11187,#11188,#11189),
 .UNSPECIFIED.,.F.,.F.,(4,1,4),(-0.259478142602026,-0.100013063307089,0.),
 .UNSPECIFIED.);
#340=B_SPLINE_CURVE_WITH_KNOTS('',3,(#11202,#11203,#11204,#11205,#11206),
 .UNSPECIFIED.,.F.,.F.,(4,1,4),(0.,0.164139101970463,0.267317187332544),
 .UNSPECIFIED.);
#341=B_SPLINE_CURVE_WITH_KNOTS('',3,(#11208,#11209,#11210,#11211,#11212),
 .UNSPECIFIED.,.F.,.F.,(4,1,4),(-0.267317187332544,-0.164139101970463,0.),
 .UNSPECIFIED.);
#342=B_SPLINE_CURVE_WITH_KNOTS('',3,(#11225,#11226,#11227,#11228,#11229),
 .UNSPECIFIED.,.F.,.F.,(4,1,4),(0.,0.0783911396951328,0.173023598181549),
 .UNSPECIFIED.);
#343=B_SPLINE_CURVE_WITH_KNOTS('',3,(#11231,#11232,#11233,#11234,#11235),
 .UNSPECIFIED.,.F.,.F.,(4,1,4),(-0.173023598181549,-0.0783911396951328,
0.),.UNSPECIFIED.);
#344=B_SPLINE_CURVE_WITH_KNOTS('',3,(#11248,#11249,#11250,#11251,#11252),
 .UNSPECIFIED.,.F.,.F.,(4,1,4),(0.,0.119084153469867,0.271100575070928),
 .UNSPECIFIED.);
#345=B_SPLINE_CURVE_WITH_KNOTS('',3,(#11254,#11255,#11256,#11257,#11258),
 .UNSPECIFIED.,.F.,.F.,(4,1,4),(-0.271100575070928,-0.119084153469867,0.),
 .UNSPECIFIED.);
#346=B_SPLINE_CURVE_WITH_KNOTS('',3,(#11271,#11272,#11273,#11274,#11275),
 .UNSPECIFIED.,.F.,.F.,(4,1,4),(0.,0.21714291602367,0.385248393164988),
 .UNSPECIFIED.);
#347=B_SPLINE_CURVE_WITH_KNOTS('',3,(#11277,#11278,#11279,#11280,#11281),
 .UNSPECIFIED.,.F.,.F.,(4,1,4),(-0.385248393164988,-0.21714291602367,0.),
 .UNSPECIFIED.);
#348=B_SPLINE_CURVE_WITH_KNOTS('',3,(#11294,#11295,#11296,#11297,#11298),
 .UNSPECIFIED.,.F.,.F.,(4,1,4),(0.,0.148704156572672,0.30735184314637),
 .UNSPECIFIED.);
#349=B_SPLINE_CURVE_WITH_KNOTS('',3,(#11300,#11301,#11302,#11303,#11304),
 .UNSPECIFIED.,.F.,.F.,(4,1,4),(-0.30735184314637,-0.148704156572672,0.),
 .UNSPECIFIED.);
#350=B_SPLINE_CURVE_WITH_KNOTS('',3,(#11317,#11318,#11319,#11320,#11321),
 .UNSPECIFIED.,.F.,.F.,(4,1,4),(0.,0.169067388902744,0.348060315452297),
 .UNSPECIFIED.);
#351=B_SPLINE_CURVE_WITH_KNOTS('',3,(#11323,#11324,#11325,#11326,#11327),
 .UNSPECIFIED.,.F.,.F.,(4,1,4),(-0.348060315452297,-0.169067388902744,0.),
 .UNSPECIFIED.);
#352=B_SPLINE_CURVE_WITH_KNOTS('',3,(#11340,#11341,#11342,#11343,#11344),
 .UNSPECIFIED.,.F.,.F.,(4,1,4),(0.,0.18401907704153,0.336061233170699),
 .UNSPECIFIED.);
#353=B_SPLINE_CURVE_WITH_KNOTS('',3,(#11346,#11347,#11348,#11349,#11350),
 .UNSPECIFIED.,.F.,.F.,(4,1,4),(-0.336061233170699,-0.18401907704153,0.),
 .UNSPECIFIED.);
#354=B_SPLINE_CURVE_WITH_KNOTS('',3,(#11363,#11364,#11365,#11366,#11367),
 .UNSPECIFIED.,.F.,.F.,(4,1,4),(0.,0.122537895277164,0.225326087392707),
 .UNSPECIFIED.);
#355=B_SPLINE_CURVE_WITH_KNOTS('',3,(#11369,#11370,#11371,#11372,#11373),
 .UNSPECIFIED.,.F.,.F.,(4,1,4),(-0.225326087392707,-0.122537895277164,0.),
 .UNSPECIFIED.);
#356=B_SPLINE_CURVE_WITH_KNOTS('',3,(#11386,#11387,#11388,#11389,#11390),
 .UNSPECIFIED.,.F.,.F.,(4,1,4),(0.,0.137481233321374,0.349667954328215),
 .UNSPECIFIED.);
#357=B_SPLINE_CURVE_WITH_KNOTS('',3,(#11392,#11393,#11394,#11395,#11396),
 .UNSPECIFIED.,.F.,.F.,(4,1,4),(-0.349667954328215,-0.137481233321374,0.),
 .UNSPECIFIED.);
#358=B_SPLINE_CURVE_WITH_KNOTS('',3,(#11422,#11423,#11424,#11425,#11426),
 .UNSPECIFIED.,.F.,.F.,(4,1,4),(0.,0.0476730653908785,0.0870765498105803),
 .UNSPECIFIED.);
#359=B_SPLINE_CURVE_WITH_KNOTS('',3,(#11428,#11429,#11430,#11431,#11432),
 .UNSPECIFIED.,.F.,.F.,(4,1,4),(-0.0870765498105803,-0.0476730653908785,
0.),.UNSPECIFIED.);
#360=B_SPLINE_CURVE_WITH_KNOTS('',3,(#11445,#11446,#11447,#11448,#11449),
 .UNSPECIFIED.,.F.,.F.,(4,1,4),(0.,0.0541264091969481,0.153014820117547),
 .UNSPECIFIED.);
#361=B_SPLINE_CURVE_WITH_KNOTS('',3,(#11451,#11452,#11453,#11454,#11455),
 .UNSPECIFIED.,.F.,.F.,(4,1,4),(-0.153014820117547,-0.0541264091969481,
0.),.UNSPECIFIED.);
#362=B_SPLINE_CURVE_WITH_KNOTS('',3,(#11474,#11475,#11476,#11477,#11478),
 .UNSPECIFIED.,.F.,.F.,(4,1,4),(0.,0.0685320081065949,0.106240598608744),
 .UNSPECIFIED.);
#363=B_SPLINE_CURVE_WITH_KNOTS('',3,(#11480,#11481,#11482,#11483,#11484),
 .UNSPECIFIED.,.F.,.F.,(4,1,4),(-0.106240598608744,-0.0685320081065949,
0.),.UNSPECIFIED.);
#364=B_SPLINE_CURVE_WITH_KNOTS('',3,(#11496,#11497,#11498,#11499,#11500),
 .UNSPECIFIED.,.F.,.F.,(4,1,4),(0.,0.0316582802568615,0.0762997784407395),
 .UNSPECIFIED.);
#365=B_SPLINE_CURVE_WITH_KNOTS('',3,(#11501,#11502,#11503,#11504,#11505),
 .UNSPECIFIED.,.F.,.F.,(4,1,4),(-0.0762997784407395,-0.0316582802568615,
0.),.UNSPECIFIED.);
#366=B_SPLINE_CURVE_WITH_KNOTS('',3,(#11526,#11527,#11528,#11529,#11530),
 .UNSPECIFIED.,.F.,.F.,(4,1,4),(0.,0.301906890899744,0.486596317827703),
 .UNSPECIFIED.);
#367=B_SPLINE_CURVE_WITH_KNOTS('',3,(#11532,#11533,#11534,#11535,#11536),
 .UNSPECIFIED.,.F.,.F.,(4,1,4),(-0.486596317827703,-0.301906890899744,0.),
 .UNSPECIFIED.);
#368=B_SPLINE_CURVE_WITH_KNOTS('',3,(#11549,#11550,#11551,#11552,#11553),
 .UNSPECIFIED.,.F.,.F.,(4,1,4),(0.,0.116512877053793,0.23382815733466),
 .UNSPECIFIED.);
#369=B_SPLINE_CURVE_WITH_KNOTS('',3,(#11555,#11556,#11557,#11558,#11559),
 .UNSPECIFIED.,.F.,.F.,(4,1,4),(-0.23382815733466,-0.116512877053793,0.),
 .UNSPECIFIED.);
#370=B_SPLINE_CURVE_WITH_KNOTS('',3,(#11572,#11573,#11574,#11575,#11576),
 .UNSPECIFIED.,.F.,.F.,(4,1,4),(0.,0.155496178715355,0.384795605705402),
 .UNSPECIFIED.);
#371=B_SPLINE_CURVE_WITH_KNOTS('',3,(#11578,#11579,#11580,#11581,#11582),
 .UNSPECIFIED.,.F.,.F.,(4,1,4),(-0.384795605705402,-0.155496178715355,0.),
 .UNSPECIFIED.);
#372=B_SPLINE_CURVE_WITH_KNOTS('',3,(#11595,#11596,#11597,#11598,#11599),
 .UNSPECIFIED.,.F.,.F.,(4,1,4),(0.,0.214730644141978,0.367024873956468),
 .UNSPECIFIED.);
#373=B_SPLINE_CURVE_WITH_KNOTS('',3,(#11601,#11602,#11603,#11604,#11605),
 .UNSPECIFIED.,.F.,.F.,(4,1,4),(-0.367024873956468,-0.214730644141978,0.),
 .UNSPECIFIED.);
#374=B_SPLINE_CURVE_WITH_KNOTS('',3,(#11618,#11619,#11620,#11621,#11622),
 .UNSPECIFIED.,.F.,.F.,(4,1,4),(0.,0.126249227054652,0.268091491311913),
 .UNSPECIFIED.);
#375=B_SPLINE_CURVE_WITH_KNOTS('',3,(#11624,#11625,#11626,#11627,#11628),
 .UNSPECIFIED.,.F.,.F.,(4,1,4),(-0.268091491311913,-0.126249227054652,0.),
 .UNSPECIFIED.);
#376=B_SPLINE_CURVE_WITH_KNOTS('',3,(#11641,#11642,#11643,#11644,#11645),
 .UNSPECIFIED.,.F.,.F.,(4,1,4),(0.,0.113522029479138,0.192715159672096),
 .UNSPECIFIED.);
#377=B_SPLINE_CURVE_WITH_KNOTS('',3,(#11647,#11648,#11649,#11650,#11651),
 .UNSPECIFIED.,.F.,.F.,(4,1,4),(-0.192715159672096,-0.113522029479138,0.),
 .UNSPECIFIED.);
#378=B_SPLINE_CURVE_WITH_KNOTS('',3,(#11664,#11665,#11666,#11667,#11668),
 .UNSPECIFIED.,.F.,.F.,(4,1,4),(0.,0.0694337646169621,0.128936056079254),
 .UNSPECIFIED.);
#379=B_SPLINE_CURVE_WITH_KNOTS('',3,(#11670,#11671,#11672,#11673,#11674),
 .UNSPECIFIED.,.F.,.F.,(4,1,4),(-0.128936056079254,-0.0694337646169621,
0.),.UNSPECIFIED.);
#380=B_SPLINE_CURVE_WITH_KNOTS('',3,(#11687,#11688,#11689,#11690,#11691),
 .UNSPECIFIED.,.F.,.F.,(4,1,4),(0.,0.104777751631976,0.3074560466788),
 .UNSPECIFIED.);
#381=B_SPLINE_CURVE_WITH_KNOTS('',3,(#11693,#11694,#11695,#11696,#11697),
 .UNSPECIFIED.,.F.,.F.,(4,1,4),(-0.3074560466788,-0.104777751631976,0.),
 .UNSPECIFIED.);
#382=B_SPLINE_CURVE_WITH_KNOTS('',3,(#11728,#11729,#11730,#11731,#11732),
 .UNSPECIFIED.,.F.,.F.,(4,1,4),(0.,0.123836286211769,0.183008561648002),
 .UNSPECIFIED.);
#383=B_SPLINE_CURVE_WITH_KNOTS('',3,(#11734,#11735,#11736,#11737,#11738),
 .UNSPECIFIED.,.F.,.F.,(4,1,4),(-0.183008561648002,-0.123836286211769,0.),
 .UNSPECIFIED.);
#384=B_SPLINE_CURVE_WITH_KNOTS('',3,(#11751,#11752,#11753,#11754,#11755),
 .UNSPECIFIED.,.F.,.F.,(4,1,4),(0.,0.0320747155791335,0.0843358215566928),
 .UNSPECIFIED.);
#385=B_SPLINE_CURVE_WITH_KNOTS('',3,(#11757,#11758,#11759,#11760,#11761),
 .UNSPECIFIED.,.F.,.F.,(4,1,4),(-0.0843358215566928,-0.0320747155791335,
0.),.UNSPECIFIED.);
#386=B_SPLINE_CURVE_WITH_KNOTS('',3,(#11816,#11817,#11818,#11819,#11820,
#11821,#11822,#11823,#11824,#11825,#11826,#11827,#11828,#11829,#11830,#11831,
#11832,#11833,#11834,#11835,#11836,#11837,#11838,#11839,#11840,#11841,#11842,
#11843),.UNSPECIFIED.,.F.,.F.,(4,2,2,2,2,2,2,2,2,2,2,2,2,4),(0.,0.207525914036275,
0.410337587479892,0.543375494372545,0.653636401301183,0.777807215413149,
0.924308906718633,1.06571406446483,1.21177532128285,1.32628108573658,1.44045757815023,
1.59481945346524,1.76027892988156,1.93858175408305),.UNSPECIFIED.);
#387=B_SPLINE_CURVE_WITH_KNOTS('',3,(#11859,#11860,#11861,#11862,#11863,
#11864,#11865,#11866,#11867,#11868,#11869,#11870,#11871,#11872,#11873,#11874,
#11875,#11876,#11877,#11878,#11879,#11880,#11881,#11882,#11883,#11884,#11885,
#11886),.UNSPECIFIED.,.F.,.F.,(4,2,2,2,2,2,2,2,2,2,2,2,2,4),(0.,0.207525914036279,
0.410337587479952,0.54337549437257,0.653636401301145,0.777807215413093,
0.924308906718519,1.06571406446465,1.21177532128263,1.32628108573633,1.44045757814995,
1.59481945346483,1.76027892988104,1.93858175408239),.UNSPECIFIED.);
#388=B_SPLINE_CURVE_WITH_KNOTS('',3,(#11910,#11911,#11912,#11913,#11914,
#11915,#11916,#11917,#11918,#11919,#11920,#11921,#11922,#11923,#11924,#11925,
#11926,#11927,#11928,#11929,#11930,#11931,#11932,#11933,#11934,#11935,#11936,
#11937),.UNSPECIFIED.,.F.,.F.,(4,2,2,2,2,2,2,2,2,2,2,2,2,4),(0.,0.207525914036274,
0.410337587479931,0.543375494372568,0.65363640130117,0.77780721541315,0.924308906718638,
1.06571406446483,1.21177532128286,1.3262810857366,1.44045757815024,1.59481945346524,
1.76027892988152,1.93858175408294),.UNSPECIFIED.);
#389=B_SPLINE_CURVE_WITH_KNOTS('',3,(#11953,#11954,#11955,#11956,#11957,
#11958,#11959,#11960,#11961,#11962,#11963,#11964,#11965,#11966,#11967,#11968,
#11969,#11970,#11971,#11972,#11973,#11974,#11975,#11976,#11977,#11978,#11979,
#11980),.UNSPECIFIED.,.F.,.F.,(4,2,2,2,2,2,2,2,2,2,2,2,2,4),(0.,0.207525914036274,
0.410337587479916,0.543375494372559,0.653636401301184,0.777807215413241,
0.924308906718794,1.06571406446503,1.21177532128311,1.32628108573691,1.44045757815063,
1.59481945346567,1.76027892988204,1.93858175408356),.UNSPECIFIED.);
#390=B_SPLINE_SURFACE_WITH_KNOTS('',3,1,((#7588,#7589),(#7590,#7591),(#7592,
#7593),(#7594,#7595),(#7596,#7597)),.UNSPECIFIED.,.F.,.F.,.F.,(4,1,4),(2,
2),(-0.175883550772287,-0.119001375927846,0.),(0.,0.05),.UNSPECIFIED.);
#391=B_SPLINE_SURFACE_WITH_KNOTS('',3,1,((#7611,#7612),(#7613,#7614),(#7615,
#7616),(#7617,#7618),(#7619,#7620)),.UNSPECIFIED.,.F.,.F.,.F.,(4,1,4),(2,
2),(-0.054124596067019,-0.0235490072724906,0.),(0.,0.05),.UNSPECIFIED.);
#392=B_SPLINE_SURFACE_WITH_KNOTS('',3,1,((#7634,#7635),(#7636,#7637),(#7638,
#7639),(#7640,#7641),(#7642,#7643)),.UNSPECIFIED.,.F.,.F.,.F.,(4,1,4),(2,
2),(-0.0791620872562808,-0.0402723807104392,0.),(0.,0.05),.UNSPECIFIED.);
#393=B_SPLINE_SURFACE_WITH_KNOTS('',3,1,((#7657,#7658),(#7659,#7660),(#7661,
#7662),(#7663,#7664),(#7665,#7666)),.UNSPECIFIED.,.F.,.F.,.F.,(4,1,4),(2,
2),(-0.193483543198093,-0.068831345168632,0.),(0.,0.05),.UNSPECIFIED.);
#394=B_SPLINE_SURFACE_WITH_KNOTS('',3,1,((#7686,#7687),(#7688,#7689),(#7690,
#7691),(#7692,#7693),(#7694,#7695)),.UNSPECIFIED.,.F.,.F.,.F.,(4,1,4),(2,
2),(-0.177645471951188,-0.11741893339364,0.),(0.,0.05),.UNSPECIFIED.);
#395=B_SPLINE_SURFACE_WITH_KNOTS('',3,1,((#7709,#7710),(#7711,#7712),(#7713,
#7714),(#7715,#7716),(#7717,#7718)),.UNSPECIFIED.,.F.,.F.,.F.,(4,1,4),(2,
2),(-0.0593165908878506,-0.0271552466278939,0.),(0.,0.05),.UNSPECIFIED.);
#396=B_SPLINE_SURFACE_WITH_KNOTS('',3,1,((#7732,#7733),(#7734,#7735),(#7736,
#7737),(#7738,#7739),(#7740,#7741)),.UNSPECIFIED.,.F.,.F.,.F.,(4,1,4),(2,
2),(-0.0748946143719172,-0.0368325029673284,0.),(0.,0.05),.UNSPECIFIED.);
#397=B_SPLINE_SURFACE_WITH_KNOTS('',3,1,((#7755,#7756),(#7757,#7758),(#7759,
#7760),(#7761,#7762),(#7763,#7764)),.UNSPECIFIED.,.F.,.F.,.F.,(4,1,4),(2,
2),(-0.204514572888816,-0.0715039165070229,0.),(0.,0.05),.UNSPECIFIED.);
#398=B_SPLINE_SURFACE_WITH_KNOTS('',3,1,((#7796,#7797),(#7798,#7799),(#7800,
#7801),(#7802,#7803),(#7804,#7805)),.UNSPECIFIED.,.F.,.F.,.F.,(4,1,4),(2,
2),(-0.480590917231803,-0.281240018725674,0.),(0.,0.05),.UNSPECIFIED.);
#399=B_SPLINE_SURFACE_WITH_KNOTS('',3,1,((#7819,#7820),(#7821,#7822),(#7823,
#7824),(#7825,#7826),(#7827,#7828)),.UNSPECIFIED.,.F.,.F.,.F.,(4,1,4),(2,
2),(-0.364472196669963,-0.169016556088944,0.),(0.,0.05),.UNSPECIFIED.);
#400=B_SPLINE_SURFACE_WITH_KNOTS('',3,1,((#7842,#7843),(#7844,#7845),(#7846,
#7847),(#7848,#7849),(#7850,#7851)),.UNSPECIFIED.,.F.,.F.,.F.,(4,1,4),(2,
2),(-0.424679316602669,-0.209756853987691,0.),(0.,0.05),.UNSPECIFIED.);
#401=B_SPLINE_SURFACE_WITH_KNOTS('',3,1,((#7865,#7866),(#7867,#7868),(#7869,
#7870),(#7871,#7872),(#7873,#7874)),.UNSPECIFIED.,.F.,.F.,.F.,(4,1,4),(2,
2),(-0.366211305295583,-0.203970842326215,0.),(0.,0.05),.UNSPECIFIED.);
#402=B_SPLINE_SURFACE_WITH_KNOTS('',3,1,((#7888,#7889),(#7890,#7891),(#7892,
#7893),(#7894,#7895),(#7896,#7897)),.UNSPECIFIED.,.F.,.F.,.F.,(4,1,4),(2,
2),(-0.272336379684633,-0.136077155200768,0.),(0.,0.05),.UNSPECIFIED.);
#403=B_SPLINE_SURFACE_WITH_KNOTS('',3,1,((#7911,#7912),(#7913,#7914),(#7915,
#7916),(#7917,#7918),(#7919,#7920)),.UNSPECIFIED.,.F.,.F.,.F.,(4,1,4),(2,
2),(-0.452767536447541,-0.186497114963699,0.),(0.,0.05),.UNSPECIFIED.);
#404=B_SPLINE_SURFACE_WITH_KNOTS('',3,1,((#7940,#7941),(#7942,#7943),(#7944,
#7945),(#7946,#7947),(#7948,#7949)),.UNSPECIFIED.,.F.,.F.,.F.,(4,1,4),(2,
2),(-0.345755664098246,-0.199378920622586,0.),(0.,0.05),.UNSPECIFIED.);
#405=B_SPLINE_SURFACE_WITH_KNOTS('',3,1,((#7963,#7964),(#7965,#7966),(#7967,
#7968),(#7969,#7970),(#7971,#7972)),.UNSPECIFIED.,.F.,.F.,.F.,(4,1,4),(2,
2),(-0.26765589469069,-0.1260004826123,0.),(0.,0.05),.UNSPECIFIED.);
#406=B_SPLINE_SURFACE_WITH_KNOTS('',3,1,((#7986,#7987),(#7988,#7989),(#7990,
#7991),(#7992,#7993),(#7994,#7995)),.UNSPECIFIED.,.F.,.F.,.F.,(4,1,4),(2,
2),(-0.310204680909585,-0.151954725952736,0.),(0.,0.05),.UNSPECIFIED.);
#407=B_SPLINE_SURFACE_WITH_KNOTS('',3,1,((#8009,#8010),(#8011,#8012),(#8013,
#8014),(#8015,#8016),(#8017,#8018)),.UNSPECIFIED.,.F.,.F.,.F.,(4,1,4),(2,
2),(-0.329051171427996,-0.162933820831227,0.),(0.,0.05),.UNSPECIFIED.);
#408=B_SPLINE_SURFACE_WITH_KNOTS('',3,1,((#8032,#8033),(#8034,#8035),(#8036,
#8037),(#8038,#8039),(#8040,#8041)),.UNSPECIFIED.,.F.,.F.,.F.,(4,1,4),(2,
2),(-0.369200556339136,-0.205104866244826,0.),(0.,0.05),.UNSPECIFIED.);
#409=B_SPLINE_SURFACE_WITH_KNOTS('',3,1,((#8055,#8056),(#8057,#8058),(#8059,
#8060),(#8061,#8062),(#8063,#8064)),.UNSPECIFIED.,.F.,.F.,.F.,(4,1,4),(2,
2),(-0.265998606276251,-0.137421973974833,0.),(0.,0.05),.UNSPECIFIED.);
#410=B_SPLINE_SURFACE_WITH_KNOTS('',3,1,((#8078,#8079),(#8080,#8081),(#8082,
#8083),(#8084,#8085),(#8086,#8087)),.UNSPECIFIED.,.F.,.F.,.F.,(4,1,4),(2,
2),(-0.424064016767225,-0.172481392581628,0.),(0.,0.05),.UNSPECIFIED.);
#411=B_SPLINE_SURFACE_WITH_KNOTS('',3,1,((#8105,#8106),(#8107,#8108),(#8109,
#8110),(#8111,#8112),(#8113,#8114)),.UNSPECIFIED.,.F.,.F.,.F.,(4,1,4),(2,
2),(-0.797722635349218,-0.354389014959387,0.),(0.,0.05),.UNSPECIFIED.);
#412=B_SPLINE_SURFACE_WITH_KNOTS('',3,1,((#8131,#8132),(#8133,#8134),(#8135,
#8136),(#8137,#8138),(#8139,#8140)),.UNSPECIFIED.,.F.,.F.,.F.,(4,1,4),(2,
2),(-0.837525204101449,-0.502921183587908,0.),(0.,0.05),.UNSPECIFIED.);
#413=B_SPLINE_SURFACE_WITH_KNOTS('',3,1,((#8374,#8375),(#8376,#8377),(#8378,
#8379),(#8380,#8381),(#8382,#8383)),.UNSPECIFIED.,.F.,.F.,.F.,(4,1,4),(2,
2),(-0.273712768140772,-0.185843162148383,0.),(0.,0.05),.UNSPECIFIED.);
#414=B_SPLINE_SURFACE_WITH_KNOTS('',3,1,((#8397,#8398),(#8399,#8400),(#8401,
#8402),(#8403,#8404),(#8405,#8406)),.UNSPECIFIED.,.F.,.F.,.F.,(4,1,4),(2,
2),(-0.0698225042895545,-0.0348688170244141,0.),(0.,0.05),.UNSPECIFIED.);
#415=B_SPLINE_SURFACE_WITH_KNOTS('',3,1,((#8420,#8421),(#8422,#8423),(#8424,
#8425),(#8426,#8427),(#8428,#8429)),.UNSPECIFIED.,.F.,.F.,.F.,(4,1,4),(2,
2),(-0.199183014280632,-0.0681903658397765,0.),(0.,0.05),.UNSPECIFIED.);
#416=B_SPLINE_SURFACE_WITH_KNOTS('',3,1,((#8455,#8456),(#8457,#8458),(#8459,
#8460),(#8461,#8462),(#8463,#8464)),.UNSPECIFIED.,.F.,.F.,.F.,(4,1,4),(2,
2),(-0.735816970533051,-0.378075026586384,0.),(0.,0.05),.UNSPECIFIED.);
#417=B_SPLINE_SURFACE_WITH_KNOTS('',3,1,((#8555,#8556),(#8557,#8558),(#8559,
#8560),(#8561,#8562),(#8563,#8564)),.UNSPECIFIED.,.F.,.F.,.F.,(4,1,4),(2,
2),(-0.797722635349218,-0.354389014959387,0.),(0.,0.05),.UNSPECIFIED.);
#418=B_SPLINE_SURFACE_WITH_KNOTS('',3,1,((#8581,#8582),(#8583,#8584),(#8585,
#8586),(#8587,#8588),(#8589,#8590)),.UNSPECIFIED.,.F.,.F.,.F.,(4,1,4),(2,
2),(-0.837525390140088,-0.502921369626547,0.),(0.,0.05),.UNSPECIFIED.);
#419=B_SPLINE_SURFACE_WITH_KNOTS('',3,1,((#8758,#8759),(#8760,#8761),(#8762,
#8763),(#8764,#8765),(#8766,#8767)),.UNSPECIFIED.,.F.,.F.,.F.,(4,1,4),(2,
2),(-0.0870770112945835,-0.0476731095534587,0.),(0.,0.05),.UNSPECIFIED.);
#420=B_SPLINE_SURFACE_WITH_KNOTS('',3,1,((#8781,#8782),(#8783,#8784),(#8785,
#8786),(#8787,#8788),(#8789,#8790)),.UNSPECIFIED.,.F.,.F.,.F.,(4,1,4),(2,
2),(-0.153014596624559,-0.0541261857039597,0.),(0.,0.05),.UNSPECIFIED.);
#421=B_SPLINE_SURFACE_WITH_KNOTS('',3,1,((#8810,#8811),(#8812,#8813),(#8814,
#8815),(#8816,#8817),(#8818,#8819)),.UNSPECIFIED.,.F.,.F.,.F.,(4,1,4),(2,
2),(-0.106240983480203,-0.0685320081065949,0.),(0.,0.05),.UNSPECIFIED.);
#422=B_SPLINE_SURFACE_WITH_KNOTS('',3,1,((#8833,#8834),(#8835,#8836),(#8837,
#8838),(#8839,#8840),(#8841,#8842)),.UNSPECIFIED.,.F.,.F.,.F.,(4,1,4),(2,
2),(-0.0762995256684884,-0.0316580274846104,0.),(0.,0.05),.UNSPECIFIED.);
#423=B_SPLINE_SURFACE_WITH_KNOTS('',3,1,((#8862,#8863),(#8864,#8865),(#8866,
#8867),(#8868,#8869),(#8870,#8871)),.UNSPECIFIED.,.F.,.F.,.F.,(4,1,4),(2,
2),(-0.486596309516372,-0.301907356051325,0.),(0.,0.05),.UNSPECIFIED.);
#424=B_SPLINE_SURFACE_WITH_KNOTS('',3,1,((#8885,#8886),(#8887,#8888),(#8889,
#8890),(#8891,#8892),(#8893,#8894)),.UNSPECIFIED.,.F.,.F.,.F.,(4,1,4),(2,
2),(-0.233828417850701,-0.116512877053793,0.),(0.,0.05),.UNSPECIFIED.);
#425=B_SPLINE_SURFACE_WITH_KNOTS('',3,1,((#8908,#8909),(#8910,#8911),(#8912,
#8913),(#8914,#8915),(#8916,#8917)),.UNSPECIFIED.,.F.,.F.,.F.,(4,1,4),(2,
2),(-0.38479604684833,-0.155496619858282,0.),(0.,0.05),.UNSPECIFIED.);
#426=B_SPLINE_SURFACE_WITH_KNOTS('',3,1,((#8931,#8932),(#8933,#8934),(#8935,
#8936),(#8937,#8938),(#8939,#8940)),.UNSPECIFIED.,.F.,.F.,.F.,(4,1,4),(2,
2),(-0.367025073340329,-0.214731339465636,0.),(0.,0.05),.UNSPECIFIED.);
#427=B_SPLINE_SURFACE_WITH_KNOTS('',3,1,((#8954,#8955),(#8956,#8957),(#8958,
#8959),(#8960,#8961),(#8962,#8963)),.UNSPECIFIED.,.F.,.F.,.F.,(4,1,4),(2,
2),(-0.268090940616553,-0.126249227054652,0.),(0.,0.05),.UNSPECIFIED.);
#428=B_SPLINE_SURFACE_WITH_KNOTS('',3,1,((#8977,#8978),(#8979,#8980),(#8981,
#8982),(#8983,#8984),(#8985,#8986)),.UNSPECIFIED.,.F.,.F.,.F.,(4,1,4),(2,
2),(-0.192715023360348,-0.113521177668103,0.),(0.,0.05),.UNSPECIFIED.);
#429=B_SPLINE_SURFACE_WITH_KNOTS('',3,1,((#9000,#9001),(#9002,#9003),(#9004,
#9005),(#9006,#9007),(#9008,#9009)),.UNSPECIFIED.,.F.,.F.,.F.,(4,1,4),(2,
2),(-0.128936274440126,-0.0694334407302577,0.),(0.,0.05),.UNSPECIFIED.);
#430=B_SPLINE_SURFACE_WITH_KNOTS('',3,1,((#9023,#9024),(#9025,#9026),(#9027,
#9028),(#9029,#9030),(#9031,#9032)),.UNSPECIFIED.,.F.,.F.,.F.,(4,1,4),(2,
2),(-0.307455174161121,-0.104777640393719,0.),(0.,0.05),.UNSPECIFIED.);
#431=B_SPLINE_SURFACE_WITH_KNOTS('',3,1,((#9064,#9065),(#9066,#9067),(#9068,
#9069),(#9070,#9071),(#9072,#9073)),.UNSPECIFIED.,.F.,.F.,.F.,(4,1,4),(2,
2),(-0.183009000501267,-0.123837199795464,0.),(0.,0.05),.UNSPECIFIED.);
#432=B_SPLINE_SURFACE_WITH_KNOTS('',3,1,((#9087,#9088),(#9089,#9090),(#9091,
#9092),(#9093,#9094),(#9095,#9096)),.UNSPECIFIED.,.F.,.F.,.F.,(4,1,4),(2,
2),(-0.084334864043561,-0.0320736917979832,0.),(0.,0.05),.UNSPECIFIED.);
#433=B_SPLINE_SURFACE_WITH_KNOTS('',3,1,((#9190,#9191),(#9192,#9193),(#9194,
#9195),(#9196,#9197),(#9198,#9199)),.UNSPECIFIED.,.F.,.F.,.F.,(4,1,4),(2,
2),(-0.438131681286298,-0.207376014041114,0.),(0.,0.05),.UNSPECIFIED.);
#434=B_SPLINE_SURFACE_WITH_KNOTS('',3,1,((#9244,#9245),(#9246,#9247),(#9248,
#9249),(#9250,#9251),(#9252,#9253)),.UNSPECIFIED.,.F.,.F.,.F.,(4,1,4),(2,
2),(-0.116016549728779,-0.078012849528118,0.),(0.,0.05),.UNSPECIFIED.);
#435=B_SPLINE_SURFACE_WITH_KNOTS('',3,1,((#9267,#9268),(#9269,#9270),(#9271,
#9272),(#9273,#9274),(#9275,#9276)),.UNSPECIFIED.,.F.,.F.,.F.,(4,1,4),(2,
2),(-0.0422956925662945,-0.0187201541174401,0.),(0.,0.05),.UNSPECIFIED.);
#436=B_SPLINE_SURFACE_WITH_KNOTS('',3,1,((#9290,#9291),(#9292,#9293),(#9294,
#9295),(#9296,#9297),(#9298,#9299)),.UNSPECIFIED.,.F.,.F.,.F.,(4,1,4),(2,
2),(-0.0670263307996793,-0.0312742470207349,0.),(0.,0.05),.UNSPECIFIED.);
#437=B_SPLINE_SURFACE_WITH_KNOTS('',3,1,((#9313,#9314),(#9315,#9316),(#9317,
#9318),(#9319,#9320),(#9321,#9322)),.UNSPECIFIED.,.F.,.F.,.F.,(4,1,4),(2,
2),(-0.110291582738686,-0.0468374621092574,0.),(0.,0.05),.UNSPECIFIED.);
#438=B_SPLINE_SURFACE_WITH_KNOTS('',3,1,((#9336,#9337),(#9338,#9339),(#9340,
#9341),(#9342,#9343),(#9344,#9345)),.UNSPECIFIED.,.F.,.F.,.F.,(4,1,4),(2,
2),(-0.129791278805313,-0.0804823080921819,0.),(0.,0.05),.UNSPECIFIED.);
#439=B_SPLINE_SURFACE_WITH_KNOTS('',3,1,((#9359,#9360),(#9361,#9362),(#9363,
#9364),(#9365,#9366),(#9367,#9368)),.UNSPECIFIED.,.F.,.F.,.F.,(4,1,4),(2,
2),(-0.131299347991852,-0.0581219169302243,0.),(0.,0.05),.UNSPECIFIED.);
#440=B_SPLINE_SURFACE_WITH_KNOTS('',3,1,((#9382,#9383),(#9384,#9385),(#9386,
#9387),(#9388,#9389),(#9390,#9391)),.UNSPECIFIED.,.F.,.F.,.F.,(4,1,4),(2,
2),(-0.497512301236578,-0.309238751257001,0.),(0.,0.05),.UNSPECIFIED.);
#441=B_SPLINE_SURFACE_WITH_KNOTS('',3,1,((#9405,#9406),(#9407,#9408),(#9409,
#9410),(#9411,#9412),(#9413,#9414)),.UNSPECIFIED.,.F.,.F.,.F.,(4,1,4),(2,
2),(-0.437558455140774,-0.175685985908715,0.),(0.,0.05),.UNSPECIFIED.);
#442=B_SPLINE_SURFACE_WITH_KNOTS('',3,1,((#9428,#9429),(#9430,#9431),(#9432,
#9433),(#9434,#9435),(#9436,#9437)),.UNSPECIFIED.,.F.,.F.,.F.,(4,1,4),(2,
2),(-0.35847488372111,-0.201750783888595,0.),(0.,0.05),.UNSPECIFIED.);
#443=B_SPLINE_SURFACE_WITH_KNOTS('',3,1,((#9451,#9452),(#9453,#9454),(#9455,
#9456),(#9457,#9458),(#9459,#9460)),.UNSPECIFIED.,.F.,.F.,.F.,(4,1,4),(2,
2),(-0.314187284585525,-0.145023896359847,0.),(0.,0.05),.UNSPECIFIED.);
#444=B_SPLINE_SURFACE_WITH_KNOTS('',3,1,((#9474,#9475),(#9476,#9477),(#9478,
#9479),(#9480,#9481),(#9482,#9483)),.UNSPECIFIED.,.F.,.F.,.F.,(4,1,4),(2,
2),(-0.370424409819594,-0.183330271842225,0.),(0.,0.05),.UNSPECIFIED.);
#445=B_SPLINE_SURFACE_WITH_KNOTS('',3,1,((#9497,#9498),(#9499,#9500),(#9501,
#9502),(#9503,#9504),(#9505,#9506)),.UNSPECIFIED.,.F.,.F.,.F.,(4,1,4),(2,
2),(-0.346620538783603,-0.189669715761938,0.),(0.,0.05),.UNSPECIFIED.);
#446=B_SPLINE_SURFACE_WITH_KNOTS('',3,1,((#9520,#9521),(#9522,#9523),(#9524,
#9525),(#9526,#9527),(#9528,#9529)),.UNSPECIFIED.,.F.,.F.,.F.,(4,1,4),(2,
2),(-0.250343796357105,-0.130937453575123,0.),(0.,0.05),.UNSPECIFIED.);
#447=B_SPLINE_SURFACE_WITH_KNOTS('',3,1,((#9543,#9544),(#9545,#9546),(#9547,
#9548),(#9549,#9550),(#9551,#9552)),.UNSPECIFIED.,.F.,.F.,.F.,(4,1,4),(2,
2),(-0.358464419815441,-0.151208748094347,0.),(0.,0.05),.UNSPECIFIED.);
#448=B_SPLINE_SURFACE_WITH_KNOTS('',3,1,((#9584,#9585),(#9586,#9587),(#9588,
#9589),(#9590,#9591),(#9592,#9593)),.UNSPECIFIED.,.F.,.F.,.F.,(4,1,4),(2,
2),(-0.128966580626848,-0.0863096531821778,0.),(0.,0.05),.UNSPECIFIED.);
#449=B_SPLINE_SURFACE_WITH_KNOTS('',3,1,((#9607,#9608),(#9609,#9610),(#9611,
#9612),(#9613,#9614),(#9615,#9616)),.UNSPECIFIED.,.F.,.F.,.F.,(4,1,4),(2,
2),(-0.0511868816641009,-0.0218556728848345,0.),(0.,0.05),.UNSPECIFIED.);
#450=B_SPLINE_SURFACE_WITH_KNOTS('',3,1,((#9630,#9631),(#9632,#9633),(#9634,
#9635),(#9636,#9637),(#9638,#9639)),.UNSPECIFIED.,.F.,.F.,.F.,(4,1,4),(2,
2),(-0.0752167553497501,-0.0359988073725035,0.),(0.,0.05),.UNSPECIFIED.);
#451=B_SPLINE_SURFACE_WITH_KNOTS('',3,1,((#9653,#9654),(#9655,#9656),(#9657,
#9658),(#9659,#9660),(#9661,#9662)),.UNSPECIFIED.,.F.,.F.,.F.,(4,1,4),(2,
2),(-0.116084606404749,-0.0498814167451229,0.),(0.,0.05),.UNSPECIFIED.);
#452=B_SPLINE_SURFACE_WITH_KNOTS('',3,1,((#9676,#9677),(#9678,#9679),(#9680,
#9681),(#9682,#9683),(#9684,#9685)),.UNSPECIFIED.,.F.,.F.,.F.,(4,1,4),(2,
2),(-0.205846116654459,-0.136681728600614,0.),(0.,0.05),.UNSPECIFIED.);
#453=B_SPLINE_SURFACE_WITH_KNOTS('',3,1,((#9699,#9700),(#9701,#9702),(#9703,
#9704),(#9705,#9706),(#9707,#9708)),.UNSPECIFIED.,.F.,.F.,.F.,(4,1,4),(2,
2),(-0.259478571141118,-0.100012428010516,0.),(0.,0.05),.UNSPECIFIED.);
#454=B_SPLINE_SURFACE_WITH_KNOTS('',3,1,((#9722,#9723),(#9724,#9725),(#9726,
#9727),(#9728,#9729),(#9730,#9731)),.UNSPECIFIED.,.F.,.F.,.F.,(4,1,4),(2,
2),(-0.26731709405199,-0.164138039767788,0.),(0.,0.05),.UNSPECIFIED.);
#455=B_SPLINE_SURFACE_WITH_KNOTS('',3,1,((#9745,#9746),(#9747,#9748),(#9749,
#9750),(#9751,#9752),(#9753,#9754)),.UNSPECIFIED.,.F.,.F.,.F.,(4,1,4),(2,
2),(-0.173023307351234,-0.0783909293373766,0.),(0.,0.05),.UNSPECIFIED.);
#456=B_SPLINE_SURFACE_WITH_KNOTS('',3,1,((#9768,#9769),(#9770,#9771),(#9772,
#9773),(#9774,#9775),(#9776,#9777)),.UNSPECIFIED.,.F.,.F.,.F.,(4,1,4),(2,
2),(-0.271100540308289,-0.119084118707228,0.),(0.,0.05),.UNSPECIFIED.);
#457=B_SPLINE_SURFACE_WITH_KNOTS('',3,1,((#9791,#9792),(#9793,#9794),(#9795,
#9796),(#9797,#9798),(#9799,#9800)),.UNSPECIFIED.,.F.,.F.,.F.,(4,1,4),(2,
2),(-0.385247967151205,-0.21714328208022,0.),(0.,0.05),.UNSPECIFIED.);
#458=B_SPLINE_SURFACE_WITH_KNOTS('',3,1,((#9814,#9815),(#9816,#9817),(#9818,
#9819),(#9820,#9821),(#9822,#9823)),.UNSPECIFIED.,.F.,.F.,.F.,(4,1,4),(2,
2),(-0.307351483430804,-0.148703796857106,0.),(0.,0.05),.UNSPECIFIED.);
#459=B_SPLINE_SURFACE_WITH_KNOTS('',3,1,((#9837,#9838),(#9839,#9840),(#9841,
#9842),(#9843,#9844),(#9845,#9846)),.UNSPECIFIED.,.F.,.F.,.F.,(4,1,4),(2,
2),(-0.348062199579374,-0.169067847771126,0.),(0.,0.05),.UNSPECIFIED.);
#460=B_SPLINE_SURFACE_WITH_KNOTS('',3,1,((#9860,#9861),(#9862,#9863),(#9864,
#9865),(#9866,#9867),(#9868,#9869)),.UNSPECIFIED.,.F.,.F.,.F.,(4,1,4),(2,
2),(-0.336061233170699,-0.18401907704153,0.),(0.,0.05),.UNSPECIFIED.);
#461=B_SPLINE_SURFACE_WITH_KNOTS('',3,1,((#9883,#9884),(#9885,#9886),(#9887,
#9888),(#9889,#9890),(#9891,#9892)),.UNSPECIFIED.,.F.,.F.,.F.,(4,1,4),(2,
2),(-0.22532459462586,-0.122536402510317,0.),(0.,0.05),.UNSPECIFIED.);
#462=B_SPLINE_SURFACE_WITH_KNOTS('',3,1,((#9906,#9907),(#9908,#9909),(#9910,
#9911),(#9912,#9913),(#9914,#9915)),.UNSPECIFIED.,.F.,.F.,.F.,(4,1,4),(2,
2),(-0.349667808934661,-0.13748108792782,0.),(0.,0.05),.UNSPECIFIED.);
#463=B_SPLINE_SURFACE_WITH_KNOTS('',3,1,((#10009,#10010),(#10011,#10012),
(#10013,#10014),(#10015,#10016),(#10017,#10018)),.UNSPECIFIED.,.F.,.F.,
 .F.,(4,1,4),(2,2),(-0.116016361184665,-0.0780125775460822,0.),(0.,0.05),
 .UNSPECIFIED.);
#464=B_SPLINE_SURFACE_WITH_KNOTS('',3,1,((#10032,#10033),(#10034,#10035),
(#10036,#10037),(#10038,#10039),(#10040,#10041)),.UNSPECIFIED.,.F.,.F.,
 .F.,(4,1,4),(2,2),(-0.0422953594113848,-0.0187207542382062,0.),(0.,0.05),
 .UNSPECIFIED.);
#465=B_SPLINE_SURFACE_WITH_KNOTS('',3,1,((#10055,#10056),(#10057,#10058),
(#10059,#10060),(#10061,#10062),(#10063,#10064)),.UNSPECIFIED.,.F.,.F.,
 .F.,(4,1,4),(2,2),(-0.0670257300532119,-0.03127517564448,0.),(0.,0.05),
 .UNSPECIFIED.);
#466=B_SPLINE_SURFACE_WITH_KNOTS('',3,1,((#10078,#10079),(#10080,#10081),
(#10082,#10083),(#10084,#10085),(#10086,#10087)),.UNSPECIFIED.,.F.,.F.,
 .F.,(4,1,4),(2,2),(-0.110292125558924,-0.0468380049294951,0.),(0.,0.05),
 .UNSPECIFIED.);
#467=B_SPLINE_SURFACE_WITH_KNOTS('',3,1,((#10101,#10102),(#10103,#10104),
(#10105,#10106),(#10107,#10108),(#10109,#10110)),.UNSPECIFIED.,.F.,.F.,
 .F.,(4,1,4),(2,2),(-0.129791442967682,-0.0804825638515733,0.),(0.,0.05),
 .UNSPECIFIED.);
#468=B_SPLINE_SURFACE_WITH_KNOTS('',3,1,((#10124,#10125),(#10126,#10127),
(#10128,#10129),(#10130,#10131),(#10132,#10133)),.UNSPECIFIED.,.F.,.F.,
 .F.,(4,1,4),(2,2),(-0.131300106283512,-0.0581215857617603,0.),(0.,0.05),
 .UNSPECIFIED.);
#469=B_SPLINE_SURFACE_WITH_KNOTS('',3,1,((#10147,#10148),(#10149,#10150),
(#10151,#10152),(#10153,#10154),(#10155,#10156)),.UNSPECIFIED.,.F.,.F.,
 .F.,(4,1,4),(2,2),(-0.497510418568912,-0.309237998930289,0.),(0.,0.05),
 .UNSPECIFIED.);
#470=B_SPLINE_SURFACE_WITH_KNOTS('',3,1,((#10170,#10171),(#10172,#10173),
(#10174,#10175),(#10176,#10177),(#10178,#10179)),.UNSPECIFIED.,.F.,.F.,
 .F.,(4,1,4),(2,2),(-0.437558739412415,-0.17568603991588,0.),(0.,0.05),
 .UNSPECIFIED.);
#471=B_SPLINE_SURFACE_WITH_KNOTS('',3,1,((#10193,#10194),(#10195,#10196),
(#10197,#10198),(#10199,#10200),(#10201,#10202)),.UNSPECIFIED.,.F.,.F.,
 .F.,(4,1,4),(2,2),(-0.358474372824762,-0.201750783888595,0.),(0.,0.05),
 .UNSPECIFIED.);
#472=B_SPLINE_SURFACE_WITH_KNOTS('',3,1,((#10216,#10217),(#10218,#10219),
(#10220,#10221),(#10222,#10223),(#10224,#10225)),.UNSPECIFIED.,.F.,.F.,
 .F.,(4,1,4),(2,2),(-0.314187415763777,-0.145023183836244,0.),(0.,0.05),
 .UNSPECIFIED.);
#473=B_SPLINE_SURFACE_WITH_KNOTS('',3,1,((#10239,#10240),(#10241,#10242),
(#10243,#10244),(#10245,#10246),(#10247,#10248)),.UNSPECIFIED.,.F.,.F.,
 .F.,(4,1,4),(2,2),(-0.370423496198924,-0.183329358221554,0.),(0.,0.05),
 .UNSPECIFIED.);
#474=B_SPLINE_SURFACE_WITH_KNOTS('',3,1,((#10262,#10263),(#10264,#10265),
(#10266,#10267),(#10268,#10269),(#10270,#10271)),.UNSPECIFIED.,.F.,.F.,
 .F.,(4,1,4),(2,2),(-0.346621418917635,-0.189669715761938,0.),(0.,0.05),
 .UNSPECIFIED.);
#475=B_SPLINE_SURFACE_WITH_KNOTS('',3,1,((#10285,#10286),(#10287,#10288),
(#10289,#10290),(#10291,#10292),(#10293,#10294)),.UNSPECIFIED.,.F.,.F.,
 .F.,(4,1,4),(2,2),(-0.250343796357105,-0.130937453575123,0.),(0.,0.05),
 .UNSPECIFIED.);
#476=B_SPLINE_SURFACE_WITH_KNOTS('',3,1,((#10308,#10309),(#10310,#10311),
(#10312,#10313),(#10314,#10315),(#10316,#10317)),.UNSPECIFIED.,.F.,.F.,
 .F.,(4,1,4),(2,2),(-0.358464419815441,-0.151208748094347,0.),(0.,0.05),
 .UNSPECIFIED.);
#477=B_SPLINE_SURFACE_WITH_KNOTS('',3,1,((#10349,#10350),(#10351,#10352),
(#10353,#10354),(#10355,#10356),(#10357,#10358)),.UNSPECIFIED.,.F.,.F.,
 .F.,(4,1,4),(2,2),(-0.128966852353675,-0.0863099249090049,0.),(0.,0.05),
 .UNSPECIFIED.);
#478=B_SPLINE_SURFACE_WITH_KNOTS('',3,1,((#10372,#10373),(#10374,#10375),
(#10376,#10377),(#10378,#10379),(#10380,#10381)),.UNSPECIFIED.,.F.,.F.,
 .F.,(4,1,4),(2,2),(-0.0511868816641009,-0.0218556728848345,0.),(0.,0.05),
 .UNSPECIFIED.);
#479=B_SPLINE_SURFACE_WITH_KNOTS('',3,1,((#10395,#10396),(#10397,#10398),
(#10399,#10400),(#10401,#10402),(#10403,#10404)),.UNSPECIFIED.,.F.,.F.,
 .F.,(4,1,4),(2,2),(-0.0752159869505994,-0.0359988073725035,0.),(0.,0.05),
 .UNSPECIFIED.);
#480=B_SPLINE_SURFACE_WITH_KNOTS('',3,1,((#10418,#10419),(#10420,#10421),
(#10422,#10423),(#10424,#10425),(#10426,#10427)),.UNSPECIFIED.,.F.,.F.,
 .F.,(4,1,4),(2,2),(-0.116084606404749,-0.0498814167451229,0.),(0.,0.05),
 .UNSPECIFIED.);
#481=B_SPLINE_SURFACE_WITH_KNOTS('',3,1,((#10441,#10442),(#10443,#10444),
(#10445,#10446),(#10447,#10448),(#10449,#10450)),.UNSPECIFIED.,.F.,.F.,
 .F.,(4,1,4),(2,2),(-0.205845941798477,-0.136681464089666,0.),(0.,0.05),
 .UNSPECIFIED.);
#482=B_SPLINE_SURFACE_WITH_KNOTS('',3,1,((#10464,#10465),(#10466,#10467),
(#10468,#10469),(#10470,#10471),(#10472,#10473)),.UNSPECIFIED.,.F.,.F.,
 .F.,(4,1,4),(2,2),(-0.259478423293044,-0.100013698608721,0.),(0.,0.05),
 .UNSPECIFIED.);
#483=B_SPLINE_SURFACE_WITH_KNOTS('',3,1,((#10487,#10488),(#10489,#10490),
(#10491,#10492),(#10493,#10494),(#10495,#10496)),.UNSPECIFIED.,.F.,.F.,
 .F.,(4,1,4),(2,2),(-0.267317156237212,-0.164138747902283,0.),(0.,0.05),
 .UNSPECIFIED.);
#484=B_SPLINE_SURFACE_WITH_KNOTS('',3,1,((#10510,#10511),(#10512,#10513),
(#10514,#10515),(#10516,#10517),(#10518,#10519)),.UNSPECIFIED.,.F.,.F.,
 .F.,(4,1,4),(2,2),(-0.173023468298686,-0.0783909293373766,0.),(0.,0.05),
 .UNSPECIFIED.);
#485=B_SPLINE_SURFACE_WITH_KNOTS('',3,1,((#10533,#10534),(#10535,#10536),
(#10537,#10538),(#10539,#10540),(#10541,#10542)),.UNSPECIFIED.,.F.,.F.,
 .F.,(4,1,4),(2,2),(-0.271100609835466,-0.119084188234405,0.),(0.,0.05),
 .UNSPECIFIED.);
#486=B_SPLINE_SURFACE_WITH_KNOTS('',3,1,((#10556,#10557),(#10558,#10559),
(#10560,#10561),(#10562,#10563),(#10564,#10565)),.UNSPECIFIED.,.F.,.F.,
 .F.,(4,1,4),(2,2),(-0.385248291137329,-0.217142549970691,0.),(0.,0.05),
 .UNSPECIFIED.);
#487=B_SPLINE_SURFACE_WITH_KNOTS('',3,1,((#10579,#10580),(#10581,#10582),
(#10583,#10584),(#10585,#10586),(#10587,#10588)),.UNSPECIFIED.,.F.,.F.,
 .F.,(4,1,4),(2,2),(-0.307352202862594,-0.148704516288896,0.),(0.,0.05),
 .UNSPECIFIED.);
#488=B_SPLINE_SURFACE_WITH_KNOTS('',3,1,((#10602,#10603),(#10604,#10605),
(#10606,#10607),(#10608,#10609),(#10610,#10611)),.UNSPECIFIED.,.F.,.F.,
 .F.,(4,1,4),(2,2),(-0.348060331670238,-0.169066930034462,0.),(0.,0.05),
 .UNSPECIFIED.);
#489=B_SPLINE_SURFACE_WITH_KNOTS('',3,1,((#10625,#10626),(#10627,#10628),
(#10629,#10630),(#10631,#10632),(#10633,#10634)),.UNSPECIFIED.,.F.,.F.,
 .F.,(4,1,4),(2,2),(-0.336061233170699,-0.18401907704153,0.),(0.,0.05),
 .UNSPECIFIED.);
#490=B_SPLINE_SURFACE_WITH_KNOTS('',3,1,((#10648,#10649),(#10650,#10651),
(#10652,#10653),(#10654,#10655),(#10656,#10657)),.UNSPECIFIED.,.F.,.F.,
 .F.,(4,1,4),(2,2),(-0.225326087392707,-0.122537895277164,0.),(0.,0.05),
 .UNSPECIFIED.);
#491=B_SPLINE_SURFACE_WITH_KNOTS('',3,1,((#10671,#10672),(#10673,#10674),
(#10675,#10676),(#10677,#10678),(#10679,#10680)),.UNSPECIFIED.,.F.,.F.,
 .F.,(4,1,4),(2,2),(-0.349668139733624,-0.137481160621309,0.),(0.,0.05),
 .UNSPECIFIED.);
#492=B_SPLINE_SURFACE_WITH_KNOTS('',3,1,((#10713,#10714),(#10715,#10716),
(#10717,#10718),(#10719,#10720),(#10721,#10722)),.UNSPECIFIED.,.F.,.F.,
 .F.,(4,1,4),(2,2),(-0.116016633166701,-0.078012849528118,0.),(0.,0.05),
 .UNSPECIFIED.);
#493=B_SPLINE_SURFACE_WITH_KNOTS('',3,1,((#10736,#10737),(#10738,#10739),
(#10740,#10741),(#10742,#10743),(#10744,#10745)),.UNSPECIFIED.,.F.,.F.,
 .F.,(4,1,4),(2,2),(-0.0422959595614944,-0.0187213543883158,0.),(0.,0.05),
 .UNSPECIFIED.);
#494=B_SPLINE_SURFACE_WITH_KNOTS('',3,1,((#10759,#10760),(#10761,#10762),
(#10763,#10764),(#10765,#10766),(#10767,#10768)),.UNSPECIFIED.,.F.,.F.,
 .F.,(4,1,4),(2,2),(-0.0670255661100312,-0.0312742470207349,0.),(0.,0.05),
 .UNSPECIFIED.);
#495=B_SPLINE_SURFACE_WITH_KNOTS('',3,1,((#10782,#10783),(#10784,#10785),
(#10786,#10787),(#10788,#10789),(#10790,#10791)),.UNSPECIFIED.,.F.,.F.,
 .F.,(4,1,4),(2,2),(-0.110292125558924,-0.0468380049294951,0.),(0.,0.05),
 .UNSPECIFIED.);
#496=B_SPLINE_SURFACE_WITH_KNOTS('',3,1,((#10805,#10806),(#10807,#10808),
(#10809,#10810),(#10811,#10812),(#10813,#10814)),.UNSPECIFIED.,.F.,.F.,
 .F.,(4,1,4),(2,2),(-0.129791315086676,-0.0804824359705666,0.),(0.,0.05),
 .UNSPECIFIED.);
#497=B_SPLINE_SURFACE_WITH_KNOTS('',3,1,((#10828,#10829),(#10830,#10831),
(#10832,#10833),(#10834,#10835),(#10836,#10837)),.UNSPECIFIED.,.F.,.F.,
 .F.,(4,1,4),(2,2),(-0.131299775128809,-0.0581212546070575,0.),(0.,0.05),
 .UNSPECIFIED.);
#498=B_SPLINE_SURFACE_WITH_KNOTS('',3,1,((#10851,#10852),(#10853,#10854),
(#10855,#10856),(#10857,#10858),(#10859,#10860)),.UNSPECIFIED.,.F.,.F.,
 .F.,(4,1,4),(2,2),(-0.497510794732129,-0.309238375093506,0.),(0.,0.05),
 .UNSPECIFIED.);
#499=B_SPLINE_SURFACE_WITH_KNOTS('',3,1,((#10874,#10875),(#10876,#10877),
(#10878,#10879),(#10880,#10881),(#10882,#10883)),.UNSPECIFIED.,.F.,.F.,
 .F.,(4,1,4),(2,2),(-0.437558739412415,-0.17568603991588,0.),(0.,0.05),
 .UNSPECIFIED.);
#500=B_SPLINE_SURFACE_WITH_KNOTS('',3,1,((#10897,#10898),(#10899,#10900),
(#10901,#10902),(#10903,#10904),(#10905,#10906)),.UNSPECIFIED.,.F.,.F.,
 .F.,(4,1,4),(2,2),(-0.358474522207627,-0.201750422375111,0.),(0.,0.05),
 .UNSPECIFIED.);
#501=B_SPLINE_SURFACE_WITH_KNOTS('',3,1,((#10920,#10921),(#10922,#10923),
(#10924,#10925),(#10926,#10927),(#10928,#10929)),.UNSPECIFIED.,.F.,.F.,
 .F.,(4,1,4),(2,2),(-0.314187706436307,-0.145023896359847,0.),(0.,0.05),
 .UNSPECIFIED.);
#502=B_SPLINE_SURFACE_WITH_KNOTS('',3,1,((#10943,#10944),(#10945,#10946),
(#10947,#10948),(#10949,#10950),(#10951,#10952)),.UNSPECIFIED.,.F.,.F.,
 .F.,(4,1,4),(2,2),(-0.370423003527289,-0.183329815031838,0.),(0.,0.05),
 .UNSPECIFIED.);
#503=B_SPLINE_SURFACE_WITH_KNOTS('',3,1,((#10966,#10967),(#10968,#10969),
(#10970,#10971),(#10972,#10973),(#10974,#10975)),.UNSPECIFIED.,.F.,.F.,
 .F.,(4,1,4),(2,2),(-0.346621012923228,-0.189670189901563,0.),(0.,0.05),
 .UNSPECIFIED.);
#504=B_SPLINE_SURFACE_WITH_KNOTS('',3,1,((#10989,#10990),(#10991,#10992),
(#10993,#10994),(#10995,#10996),(#10997,#10998)),.UNSPECIFIED.,.F.,.F.,
 .F.,(4,1,4),(2,2),(-0.250344067092286,-0.130937453575123,0.),(0.,0.05),
 .UNSPECIFIED.);
#505=B_SPLINE_SURFACE_WITH_KNOTS('',3,1,((#11012,#11013),(#11014,#11015),
(#11016,#11017),(#11018,#11019),(#11020,#11021)),.UNSPECIFIED.,.F.,.F.,
 .F.,(4,1,4),(2,2),(-0.358464469952789,-0.151208798231694,0.),(0.,0.05),
 .UNSPECIFIED.);
#506=B_SPLINE_SURFACE_WITH_KNOTS('',3,1,((#11053,#11054),(#11055,#11056),
(#11057,#11058),(#11059,#11060),(#11061,#11062)),.UNSPECIFIED.,.F.,.F.,
 .F.,(4,1,4),(2,2),(-0.128966852353675,-0.0863099249090049,0.),(0.,0.05),
 .UNSPECIFIED.);
#507=B_SPLINE_SURFACE_WITH_KNOTS('',3,1,((#11076,#11077),(#11078,#11079),
(#11080,#11081),(#11082,#11083),(#11084,#11085)),.UNSPECIFIED.,.F.,.F.,
 .F.,(4,1,4),(2,2),(-0.0511873497571908,-0.0218556728848345,0.),(0.,0.05),
 .UNSPECIFIED.);
#508=B_SPLINE_SURFACE_WITH_KNOTS('',3,1,((#11099,#11100),(#11101,#11102),
(#11103,#11104),(#11105,#11106),(#11107,#11108)),.UNSPECIFIED.,.F.,.F.,
 .F.,(4,1,4),(2,2),(-0.0752159869505994,-0.0359988073725035,0.),(0.,0.05),
 .UNSPECIFIED.);
#509=B_SPLINE_SURFACE_WITH_KNOTS('',3,1,((#11122,#11123),(#11124,#11125),
(#11126,#11127),(#11128,#11129),(#11130,#11131)),.UNSPECIFIED.,.F.,.F.,
 .F.,(4,1,4),(2,2),(-0.116084519146965,-0.0498811451640882,0.),(0.,0.05),
 .UNSPECIFIED.);
#510=B_SPLINE_SURFACE_WITH_KNOTS('',3,1,((#11145,#11146),(#11147,#11148),
(#11149,#11150),(#11151,#11152),(#11153,#11154)),.UNSPECIFIED.,.F.,.F.,
 .F.,(4,1,4),(2,2),(-0.20584602921914,-0.136681596344372,0.),(0.,0.05),
 .UNSPECIFIED.);
#511=B_SPLINE_SURFACE_WITH_KNOTS('',3,1,((#11168,#11169),(#11170,#11171),
(#11172,#11173),(#11174,#11175),(#11176,#11177)),.UNSPECIFIED.,.F.,.F.,
 .F.,(4,1,4),(2,2),(-0.259478142602026,-0.100013063307089,0.),(0.,0.05),
 .UNSPECIFIED.);
#512=B_SPLINE_SURFACE_WITH_KNOTS('',3,1,((#11191,#11192),(#11193,#11194),
(#11195,#11196),(#11197,#11198),(#11199,#11200)),.UNSPECIFIED.,.F.,.F.,
 .F.,(4,1,4),(2,2),(-0.267317187332544,-0.164139101970463,0.),(0.,0.05),
 .UNSPECIFIED.);
#513=B_SPLINE_SURFACE_WITH_KNOTS('',3,1,((#11214,#11215),(#11216,#11217),
(#11218,#11219),(#11220,#11221),(#11222,#11223)),.UNSPECIFIED.,.F.,.F.,
 .F.,(4,1,4),(2,2),(-0.173023598181549,-0.0783911396951328,0.),(0.,0.05),
 .UNSPECIFIED.);
#514=B_SPLINE_SURFACE_WITH_KNOTS('',3,1,((#11237,#11238),(#11239,#11240),
(#11241,#11242),(#11243,#11244),(#11245,#11246)),.UNSPECIFIED.,.F.,.F.,
 .F.,(4,1,4),(2,2),(-0.271100575070928,-0.119084153469867,0.),(0.,0.05),
 .UNSPECIFIED.);
#515=B_SPLINE_SURFACE_WITH_KNOTS('',3,1,((#11260,#11261),(#11262,#11263),
(#11264,#11265),(#11266,#11267),(#11268,#11269)),.UNSPECIFIED.,.F.,.F.,
 .F.,(4,1,4),(2,2),(-0.385248393164988,-0.21714291602367,0.),(0.,0.05),
 .UNSPECIFIED.);
#516=B_SPLINE_SURFACE_WITH_KNOTS('',3,1,((#11283,#11284),(#11285,#11286),
(#11287,#11288),(#11289,#11290),(#11291,#11292)),.UNSPECIFIED.,.F.,.F.,
 .F.,(4,1,4),(2,2),(-0.30735184314637,-0.148704156572672,0.),(0.,0.05),
 .UNSPECIFIED.);
#517=B_SPLINE_SURFACE_WITH_KNOTS('',3,1,((#11306,#11307),(#11308,#11309),
(#11310,#11311),(#11312,#11313),(#11314,#11315)),.UNSPECIFIED.,.F.,.F.,
 .F.,(4,1,4),(2,2),(-0.348060315452297,-0.169067388902744,0.),(0.,0.05),
 .UNSPECIFIED.);
#518=B_SPLINE_SURFACE_WITH_KNOTS('',3,1,((#11329,#11330),(#11331,#11332),
(#11333,#11334),(#11335,#11336),(#11337,#11338)),.UNSPECIFIED.,.F.,.F.,
 .F.,(4,1,4),(2,2),(-0.336061233170699,-0.18401907704153,0.),(0.,0.05),
 .UNSPECIFIED.);
#519=B_SPLINE_SURFACE_WITH_KNOTS('',3,1,((#11352,#11353),(#11354,#11355),
(#11356,#11357),(#11358,#11359),(#11360,#11361)),.UNSPECIFIED.,.F.,.F.,
 .F.,(4,1,4),(2,2),(-0.225326087392707,-0.122537895277164,0.),(0.,0.05),
 .UNSPECIFIED.);
#520=B_SPLINE_SURFACE_WITH_KNOTS('',3,1,((#11375,#11376),(#11377,#11378),
(#11379,#11380),(#11381,#11382),(#11383,#11384)),.UNSPECIFIED.,.F.,.F.,
 .F.,(4,1,4),(2,2),(-0.349667954328215,-0.137481233321374,0.),(0.,0.05),
 .UNSPECIFIED.);
#521=B_SPLINE_SURFACE_WITH_KNOTS('',3,1,((#11411,#11412),(#11413,#11414),
(#11415,#11416),(#11417,#11418),(#11419,#11420)),.UNSPECIFIED.,.F.,.F.,
 .F.,(4,1,4),(2,2),(-0.0870765498105803,-0.0476730653908785,0.),(0.,0.05),
 .UNSPECIFIED.);
#522=B_SPLINE_SURFACE_WITH_KNOTS('',3,1,((#11434,#11435),(#11436,#11437),
(#11438,#11439),(#11440,#11441),(#11442,#11443)),.UNSPECIFIED.,.F.,.F.,
 .F.,(4,1,4),(2,2),(-0.153014820117547,-0.0541264091969481,0.),(0.,0.05),
 .UNSPECIFIED.);
#523=B_SPLINE_SURFACE_WITH_KNOTS('',3,1,((#11463,#11464),(#11465,#11466),
(#11467,#11468),(#11469,#11470),(#11471,#11472)),.UNSPECIFIED.,.F.,.F.,
 .F.,(4,1,4),(2,2),(-0.106240598608744,-0.0685320081065949,0.),(0.,0.05),
 .UNSPECIFIED.);
#524=B_SPLINE_SURFACE_WITH_KNOTS('',3,1,((#11486,#11487),(#11488,#11489),
(#11490,#11491),(#11492,#11493),(#11494,#11495)),.UNSPECIFIED.,.F.,.F.,
 .F.,(4,1,4),(2,2),(-0.0762997784407395,-0.0316582802568615,0.),(0.,0.05),
 .UNSPECIFIED.);
#525=B_SPLINE_SURFACE_WITH_KNOTS('',3,1,((#11515,#11516),(#11517,#11518),
(#11519,#11520),(#11521,#11522),(#11523,#11524)),.UNSPECIFIED.,.F.,.F.,
 .F.,(4,1,4),(2,2),(-0.486596317827703,-0.301906890899744,0.),(0.,0.05),
 .UNSPECIFIED.);
#526=B_SPLINE_SURFACE_WITH_KNOTS('',3,1,((#11538,#11539),(#11540,#11541),
(#11542,#11543),(#11544,#11545),(#11546,#11547)),.UNSPECIFIED.,.F.,.F.,
 .F.,(4,1,4),(2,2),(-0.23382815733466,-0.116512877053793,0.),(0.,0.05),
 .UNSPECIFIED.);
#527=B_SPLINE_SURFACE_WITH_KNOTS('',3,1,((#11561,#11562),(#11563,#11564),
(#11565,#11566),(#11567,#11568),(#11569,#11570)),.UNSPECIFIED.,.F.,.F.,
 .F.,(4,1,4),(2,2),(-0.384795605705402,-0.155496178715355,0.),(0.,0.05),
 .UNSPECIFIED.);
#528=B_SPLINE_SURFACE_WITH_KNOTS('',3,1,((#11584,#11585),(#11586,#11587),
(#11588,#11589),(#11590,#11591),(#11592,#11593)),.UNSPECIFIED.,.F.,.F.,
 .F.,(4,1,4),(2,2),(-0.367024873956468,-0.214730644141978,0.),(0.,0.05),
 .UNSPECIFIED.);
#529=B_SPLINE_SURFACE_WITH_KNOTS('',3,1,((#11607,#11608),(#11609,#11610),
(#11611,#11612),(#11613,#11614),(#11615,#11616)),.UNSPECIFIED.,.F.,.F.,
 .F.,(4,1,4),(2,2),(-0.268091491311913,-0.126249227054652,0.),(0.,0.05),
 .UNSPECIFIED.);
#530=B_SPLINE_SURFACE_WITH_KNOTS('',3,1,((#11630,#11631),(#11632,#11633),
(#11634,#11635),(#11636,#11637),(#11638,#11639)),.UNSPECIFIED.,.F.,.F.,
 .F.,(4,1,4),(2,2),(-0.192715159672096,-0.113522029479138,0.),(0.,0.05),
 .UNSPECIFIED.);
#531=B_SPLINE_SURFACE_WITH_KNOTS('',3,1,((#11653,#11654),(#11655,#11656),
(#11657,#11658),(#11659,#11660),(#11661,#11662)),.UNSPECIFIED.,.F.,.F.,
 .F.,(4,1,4),(2,2),(-0.128936056079254,-0.0694337646169621,0.),(0.,0.05),
 .UNSPECIFIED.);
#532=B_SPLINE_SURFACE_WITH_KNOTS('',3,1,((#11676,#11677),(#11678,#11679),
(#11680,#11681),(#11682,#11683),(#11684,#11685)),.UNSPECIFIED.,.F.,.F.,
 .F.,(4,1,4),(2,2),(-0.3074560466788,-0.104777751631976,0.),(0.,0.05),
 .UNSPECIFIED.);
#533=B_SPLINE_SURFACE_WITH_KNOTS('',3,1,((#11717,#11718),(#11719,#11720),
(#11721,#11722),(#11723,#11724),(#11725,#11726)),.UNSPECIFIED.,.F.,.F.,
 .F.,(4,1,4),(2,2),(-0.183008561648002,-0.123836286211769,0.),(0.,0.05),
 .UNSPECIFIED.);
#534=B_SPLINE_SURFACE_WITH_KNOTS('',3,1,((#11740,#11741),(#11742,#11743),
(#11744,#11745),(#11746,#11747),(#11748,#11749)),.UNSPECIFIED.,.F.,.F.,
 .F.,(4,1,4),(2,2),(-0.0843358215566928,-0.0320747155791335,0.),(0.,0.05),
 .UNSPECIFIED.);
#535=FACE_OUTER_BOUND('',#869,.T.);
#536=FACE_OUTER_BOUND('',#870,.T.);
#537=FACE_OUTER_BOUND('',#871,.T.);
#538=FACE_OUTER_BOUND('',#872,.T.);
#539=FACE_OUTER_BOUND('',#873,.T.);
#540=FACE_OUTER_BOUND('',#874,.T.);
#541=FACE_OUTER_BOUND('',#875,.T.);
#542=FACE_OUTER_BOUND('',#876,.T.);
#543=FACE_OUTER_BOUND('',#877,.T.);
#544=FACE_OUTER_BOUND('',#878,.T.);
#545=FACE_OUTER_BOUND('',#879,.T.);
#546=FACE_OUTER_BOUND('',#880,.T.);
#547=FACE_OUTER_BOUND('',#881,.T.);
#548=FACE_OUTER_BOUND('',#882,.T.);
#549=FACE_OUTER_BOUND('',#883,.T.);
#550=FACE_OUTER_BOUND('',#884,.T.);
#551=FACE_OUTER_BOUND('',#885,.T.);
#552=FACE_OUTER_BOUND('',#886,.T.);
#553=FACE_OUTER_BOUND('',#887,.T.);
#554=FACE_OUTER_BOUND('',#888,.T.);
#555=FACE_OUTER_BOUND('',#889,.T.);
#556=FACE_OUTER_BOUND('',#890,.T.);
#557=FACE_OUTER_BOUND('',#891,.T.);
#558=FACE_OUTER_BOUND('',#892,.T.);
#559=FACE_OUTER_BOUND('',#893,.T.);
#560=FACE_OUTER_BOUND('',#894,.T.);
#561=FACE_OUTER_BOUND('',#895,.T.);
#562=FACE_OUTER_BOUND('',#896,.T.);
#563=FACE_OUTER_BOUND('',#897,.T.);
#564=FACE_OUTER_BOUND('',#898,.T.);
#565=FACE_OUTER_BOUND('',#899,.T.);
#566=FACE_OUTER_BOUND('',#900,.T.);
#567=FACE_OUTER_BOUND('',#901,.T.);
#568=FACE_OUTER_BOUND('',#902,.T.);
#569=FACE_OUTER_BOUND('',#903,.T.);
#570=FACE_OUTER_BOUND('',#904,.T.);
#571=FACE_OUTER_BOUND('',#905,.T.);
#572=FACE_OUTER_BOUND('',#906,.T.);
#573=FACE_OUTER_BOUND('',#907,.T.);
#574=FACE_OUTER_BOUND('',#908,.T.);
#575=FACE_OUTER_BOUND('',#909,.T.);
#576=FACE_OUTER_BOUND('',#910,.T.);
#577=FACE_OUTER_BOUND('',#912,.T.);
#578=FACE_OUTER_BOUND('',#913,.T.);
#579=FACE_OUTER_BOUND('',#914,.T.);
#580=FACE_OUTER_BOUND('',#915,.T.);
#581=FACE_OUTER_BOUND('',#916,.T.);
#582=FACE_OUTER_BOUND('',#917,.T.);
#583=FACE_OUTER_BOUND('',#918,.T.);
#584=FACE_OUTER_BOUND('',#919,.T.);
#585=FACE_OUTER_BOUND('',#920,.T.);
#586=FACE_OUTER_BOUND('',#921,.T.);
#587=FACE_OUTER_BOUND('',#922,.T.);
#588=FACE_OUTER_BOUND('',#923,.T.);
#589=FACE_OUTER_BOUND('',#924,.T.);
#590=FACE_OUTER_BOUND('',#925,.T.);
#591=FACE_OUTER_BOUND('',#926,.T.);
#592=FACE_OUTER_BOUND('',#927,.T.);
#593=FACE_OUTER_BOUND('',#928,.T.);
#594=FACE_OUTER_BOUND('',#929,.T.);
#595=FACE_OUTER_BOUND('',#930,.T.);
#596=FACE_OUTER_BOUND('',#931,.T.);
#597=FACE_OUTER_BOUND('',#932,.T.);
#598=FACE_OUTER_BOUND('',#933,.T.);
#599=FACE_OUTER_BOUND('',#934,.T.);
#600=FACE_OUTER_BOUND('',#935,.T.);
#601=FACE_OUTER_BOUND('',#936,.T.);
#602=FACE_OUTER_BOUND('',#937,.T.);
#603=FACE_OUTER_BOUND('',#938,.T.);
#604=FACE_OUTER_BOUND('',#939,.T.);
#605=FACE_OUTER_BOUND('',#940,.T.);
#606=FACE_OUTER_BOUND('',#941,.T.);
#607=FACE_OUTER_BOUND('',#942,.T.);
#608=FACE_OUTER_BOUND('',#943,.T.);
#609=FACE_OUTER_BOUND('',#944,.T.);
#610=FACE_OUTER_BOUND('',#945,.T.);
#611=FACE_OUTER_BOUND('',#946,.T.);
#612=FACE_OUTER_BOUND('',#947,.T.);
#613=FACE_OUTER_BOUND('',#948,.T.);
#614=FACE_OUTER_BOUND('',#949,.T.);
#615=FACE_OUTER_BOUND('',#950,.T.);
#616=FACE_OUTER_BOUND('',#951,.T.);
#617=FACE_OUTER_BOUND('',#952,.T.);
#618=FACE_OUTER_BOUND('',#953,.T.);
#619=FACE_OUTER_BOUND('',#954,.T.);
#620=FACE_OUTER_BOUND('',#955,.T.);
#621=FACE_OUTER_BOUND('',#956,.T.);
#622=FACE_OUTER_BOUND('',#957,.T.);
#623=FACE_OUTER_BOUND('',#958,.T.);
#624=FACE_OUTER_BOUND('',#959,.T.);
#625=FACE_OUTER_BOUND('',#960,.T.);
#626=FACE_OUTER_BOUND('',#961,.T.);
#627=FACE_OUTER_BOUND('',#962,.T.);
#628=FACE_OUTER_BOUND('',#963,.T.);
#629=FACE_OUTER_BOUND('',#964,.T.);
#630=FACE_OUTER_BOUND('',#965,.T.);
#631=FACE_OUTER_BOUND('',#966,.T.);
#632=FACE_OUTER_BOUND('',#967,.T.);
#633=FACE_OUTER_BOUND('',#968,.T.);
#634=FACE_OUTER_BOUND('',#969,.T.);
#635=FACE_OUTER_BOUND('',#970,.T.);
#636=FACE_OUTER_BOUND('',#971,.T.);
#637=FACE_OUTER_BOUND('',#972,.T.);
#638=FACE_OUTER_BOUND('',#973,.T.);
#639=FACE_OUTER_BOUND('',#974,.T.);
#640=FACE_OUTER_BOUND('',#976,.T.);
#641=FACE_OUTER_BOUND('',#977,.T.);
#642=FACE_OUTER_BOUND('',#978,.T.);
#643=FACE_OUTER_BOUND('',#979,.T.);
#644=FACE_OUTER_BOUND('',#980,.T.);
#645=FACE_OUTER_BOUND('',#981,.T.);
#646=FACE_OUTER_BOUND('',#982,.T.);
#647=FACE_OUTER_BOUND('',#983,.T.);
#648=FACE_OUTER_BOUND('',#984,.T.);
#649=FACE_OUTER_BOUND('',#985,.T.);
#650=FACE_OUTER_BOUND('',#986,.T.);
#651=FACE_OUTER_BOUND('',#987,.T.);
#652=FACE_OUTER_BOUND('',#988,.T.);
#653=FACE_OUTER_BOUND('',#989,.T.);
#654=FACE_OUTER_BOUND('',#990,.T.);
#655=FACE_OUTER_BOUND('',#991,.T.);
#656=FACE_OUTER_BOUND('',#992,.T.);
#657=FACE_OUTER_BOUND('',#993,.T.);
#658=FACE_OUTER_BOUND('',#994,.T.);
#659=FACE_OUTER_BOUND('',#995,.T.);
#660=FACE_OUTER_BOUND('',#996,.T.);
#661=FACE_OUTER_BOUND('',#997,.T.);
#662=FACE_OUTER_BOUND('',#998,.T.);
#663=FACE_OUTER_BOUND('',#999,.T.);
#664=FACE_OUTER_BOUND('',#1000,.T.);
#665=FACE_OUTER_BOUND('',#1001,.T.);
#666=FACE_OUTER_BOUND('',#1002,.T.);
#667=FACE_OUTER_BOUND('',#1003,.T.);
#668=FACE_OUTER_BOUND('',#1004,.T.);
#669=FACE_OUTER_BOUND('',#1005,.T.);
#670=FACE_OUTER_BOUND('',#1006,.T.);
#671=FACE_OUTER_BOUND('',#1007,.T.);
#672=FACE_OUTER_BOUND('',#1008,.T.);
#673=FACE_OUTER_BOUND('',#1009,.T.);
#674=FACE_OUTER_BOUND('',#1010,.T.);
#675=FACE_OUTER_BOUND('',#1011,.T.);
#676=FACE_OUTER_BOUND('',#1012,.T.);
#677=FACE_OUTER_BOUND('',#1013,.T.);
#678=FACE_OUTER_BOUND('',#1014,.T.);
#679=FACE_OUTER_BOUND('',#1015,.T.);
#680=FACE_OUTER_BOUND('',#1016,.T.);
#681=FACE_OUTER_BOUND('',#1017,.T.);
#682=FACE_OUTER_BOUND('',#1019,.T.);
#683=FACE_OUTER_BOUND('',#1020,.T.);
#684=FACE_OUTER_BOUND('',#1021,.T.);
#685=FACE_OUTER_BOUND('',#1022,.T.);
#686=FACE_OUTER_BOUND('',#1023,.T.);
#687=FACE_OUTER_BOUND('',#1024,.T.);
#688=FACE_OUTER_BOUND('',#1025,.T.);
#689=FACE_OUTER_BOUND('',#1026,.T.);
#690=FACE_OUTER_BOUND('',#1027,.T.);
#691=FACE_OUTER_BOUND('',#1028,.T.);
#692=FACE_OUTER_BOUND('',#1029,.T.);
#693=FACE_OUTER_BOUND('',#1030,.T.);
#694=FACE_OUTER_BOUND('',#1031,.T.);
#695=FACE_OUTER_BOUND('',#1032,.T.);
#696=FACE_OUTER_BOUND('',#1033,.T.);
#697=FACE_OUTER_BOUND('',#1034,.T.);
#698=FACE_OUTER_BOUND('',#1035,.T.);
#699=FACE_OUTER_BOUND('',#1036,.T.);
#700=FACE_OUTER_BOUND('',#1037,.T.);
#701=FACE_OUTER_BOUND('',#1038,.T.);
#702=FACE_OUTER_BOUND('',#1039,.T.);
#703=FACE_OUTER_BOUND('',#1040,.T.);
#704=FACE_OUTER_BOUND('',#1041,.T.);
#705=FACE_OUTER_BOUND('',#1042,.T.);
#706=FACE_OUTER_BOUND('',#1043,.T.);
#707=FACE_OUTER_BOUND('',#1044,.T.);
#708=FACE_OUTER_BOUND('',#1045,.T.);
#709=FACE_OUTER_BOUND('',#1046,.T.);
#710=FACE_OUTER_BOUND('',#1047,.T.);
#711=FACE_OUTER_BOUND('',#1048,.T.);
#712=FACE_OUTER_BOUND('',#1049,.T.);
#713=FACE_OUTER_BOUND('',#1050,.T.);
#714=FACE_OUTER_BOUND('',#1051,.T.);
#715=FACE_OUTER_BOUND('',#1052,.T.);
#716=FACE_OUTER_BOUND('',#1053,.T.);
#717=FACE_OUTER_BOUND('',#1054,.T.);
#718=FACE_OUTER_BOUND('',#1055,.T.);
#719=FACE_OUTER_BOUND('',#1056,.T.);
#720=FACE_OUTER_BOUND('',#1057,.T.);
#721=FACE_OUTER_BOUND('',#1058,.T.);
#722=FACE_OUTER_BOUND('',#1059,.T.);
#723=FACE_OUTER_BOUND('',#1060,.T.);
#724=FACE_OUTER_BOUND('',#1061,.T.);
#725=FACE_OUTER_BOUND('',#1062,.T.);
#726=FACE_OUTER_BOUND('',#1063,.T.);
#727=FACE_OUTER_BOUND('',#1064,.T.);
#728=FACE_OUTER_BOUND('',#1065,.T.);
#729=FACE_OUTER_BOUND('',#1066,.T.);
#730=FACE_OUTER_BOUND('',#1067,.T.);
#731=FACE_OUTER_BOUND('',#1068,.T.);
#732=FACE_OUTER_BOUND('',#1069,.T.);
#733=FACE_OUTER_BOUND('',#1070,.T.);
#734=FACE_OUTER_BOUND('',#1071,.T.);
#735=FACE_OUTER_BOUND('',#1072,.T.);
#736=FACE_OUTER_BOUND('',#1073,.T.);
#737=FACE_OUTER_BOUND('',#1074,.T.);
#738=FACE_OUTER_BOUND('',#1075,.T.);
#739=FACE_OUTER_BOUND('',#1076,.T.);
#740=FACE_OUTER_BOUND('',#1077,.T.);
#741=FACE_OUTER_BOUND('',#1078,.T.);
#742=FACE_OUTER_BOUND('',#1079,.T.);
#743=FACE_OUTER_BOUND('',#1080,.T.);
#744=FACE_OUTER_BOUND('',#1081,.T.);
#745=FACE_OUTER_BOUND('',#1082,.T.);
#746=FACE_OUTER_BOUND('',#1083,.T.);
#747=FACE_OUTER_BOUND('',#1084,.T.);
#748=FACE_OUTER_BOUND('',#1085,.T.);
#749=FACE_OUTER_BOUND('',#1086,.T.);
#750=FACE_OUTER_BOUND('',#1087,.T.);
#751=FACE_OUTER_BOUND('',#1088,.T.);
#752=FACE_OUTER_BOUND('',#1089,.T.);
#753=FACE_OUTER_BOUND('',#1090,.T.);
#754=FACE_OUTER_BOUND('',#1091,.T.);
#755=FACE_OUTER_BOUND('',#1092,.T.);
#756=FACE_OUTER_BOUND('',#1093,.T.);
#757=FACE_OUTER_BOUND('',#1094,.T.);
#758=FACE_OUTER_BOUND('',#1095,.T.);
#759=FACE_OUTER_BOUND('',#1096,.T.);
#760=FACE_OUTER_BOUND('',#1097,.T.);
#761=FACE_OUTER_BOUND('',#1098,.T.);
#762=FACE_OUTER_BOUND('',#1099,.T.);
#763=FACE_OUTER_BOUND('',#1100,.T.);
#764=FACE_OUTER_BOUND('',#1101,.T.);
#765=FACE_OUTER_BOUND('',#1102,.T.);
#766=FACE_OUTER_BOUND('',#1103,.T.);
#767=FACE_OUTER_BOUND('',#1104,.T.);
#768=FACE_OUTER_BOUND('',#1105,.T.);
#769=FACE_OUTER_BOUND('',#1106,.T.);
#770=FACE_OUTER_BOUND('',#1107,.T.);
#771=FACE_OUTER_BOUND('',#1108,.T.);
#772=FACE_OUTER_BOUND('',#1109,.T.);
#773=FACE_OUTER_BOUND('',#1110,.T.);
#774=FACE_OUTER_BOUND('',#1111,.T.);
#775=FACE_OUTER_BOUND('',#1112,.T.);
#776=FACE_OUTER_BOUND('',#1113,.T.);
#777=FACE_OUTER_BOUND('',#1114,.T.);
#778=FACE_OUTER_BOUND('',#1115,.T.);
#779=FACE_OUTER_BOUND('',#1116,.T.);
#780=FACE_OUTER_BOUND('',#1117,.T.);
#781=FACE_OUTER_BOUND('',#1118,.T.);
#782=FACE_OUTER_BOUND('',#1119,.T.);
#783=FACE_OUTER_BOUND('',#1120,.T.);
#784=FACE_OUTER_BOUND('',#1121,.T.);
#785=FACE_OUTER_BOUND('',#1122,.T.);
#786=FACE_OUTER_BOUND('',#1123,.T.);
#787=FACE_OUTER_BOUND('',#1124,.T.);
#788=FACE_OUTER_BOUND('',#1125,.T.);
#789=FACE_OUTER_BOUND('',#1126,.T.);
#790=FACE_OUTER_BOUND('',#1127,.T.);
#791=FACE_OUTER_BOUND('',#1128,.T.);
#792=FACE_OUTER_BOUND('',#1129,.T.);
#793=FACE_OUTER_BOUND('',#1130,.T.);
#794=FACE_OUTER_BOUND('',#1131,.T.);
#795=FACE_OUTER_BOUND('',#1132,.T.);
#796=FACE_OUTER_BOUND('',#1133,.T.);
#797=FACE_OUTER_BOUND('',#1134,.T.);
#798=FACE_OUTER_BOUND('',#1135,.T.);
#799=FACE_OUTER_BOUND('',#1136,.T.);
#800=FACE_OUTER_BOUND('',#1137,.T.);
#801=FACE_OUTER_BOUND('',#1138,.T.);
#802=FACE_OUTER_BOUND('',#1139,.T.);
#803=FACE_OUTER_BOUND('',#1140,.T.);
#804=FACE_OUTER_BOUND('',#1141,.T.);
#805=FACE_OUTER_BOUND('',#1142,.T.);
#806=FACE_OUTER_BOUND('',#1143,.T.);
#807=FACE_OUTER_BOUND('',#1144,.T.);
#808=FACE_OUTER_BOUND('',#1145,.T.);
#809=FACE_OUTER_BOUND('',#1146,.T.);
#810=FACE_OUTER_BOUND('',#1147,.T.);
#811=FACE_OUTER_BOUND('',#1148,.T.);
#812=FACE_OUTER_BOUND('',#1149,.T.);
#813=FACE_OUTER_BOUND('',#1150,.T.);
#814=FACE_OUTER_BOUND('',#1151,.T.);
#815=FACE_OUTER_BOUND('',#1152,.T.);
#816=FACE_OUTER_BOUND('',#1153,.T.);
#817=FACE_OUTER_BOUND('',#1154,.T.);
#818=FACE_OUTER_BOUND('',#1155,.T.);
#819=FACE_OUTER_BOUND('',#1156,.T.);
#820=FACE_OUTER_BOUND('',#1157,.T.);
#821=FACE_OUTER_BOUND('',#1158,.T.);
#822=FACE_OUTER_BOUND('',#1159,.T.);
#823=FACE_OUTER_BOUND('',#1160,.T.);
#824=FACE_OUTER_BOUND('',#1161,.T.);
#825=FACE_OUTER_BOUND('',#1162,.T.);
#826=FACE_OUTER_BOUND('',#1163,.T.);
#827=FACE_OUTER_BOUND('',#1164,.T.);
#828=FACE_OUTER_BOUND('',#1165,.T.);
#829=FACE_OUTER_BOUND('',#1166,.T.);
#830=FACE_OUTER_BOUND('',#1167,.T.);
#831=FACE_OUTER_BOUND('',#1168,.T.);
#832=FACE_OUTER_BOUND('',#1169,.T.);
#833=FACE_OUTER_BOUND('',#1170,.T.);
#834=FACE_OUTER_BOUND('',#1171,.T.);
#835=FACE_OUTER_BOUND('',#1172,.T.);
#836=FACE_OUTER_BOUND('',#1173,.T.);
#837=FACE_OUTER_BOUND('',#1174,.T.);
#838=FACE_OUTER_BOUND('',#1175,.T.);
#839=FACE_OUTER_BOUND('',#1176,.T.);
#840=FACE_OUTER_BOUND('',#1177,.T.);
#841=FACE_OUTER_BOUND('',#1179,.T.);
#842=FACE_OUTER_BOUND('',#1196,.T.);
#843=FACE_OUTER_BOUND('',#1197,.T.);
#844=FACE_OUTER_BOUND('',#1199,.T.);
#845=FACE_OUTER_BOUND('',#1201,.T.);
#846=FACE_OUTER_BOUND('',#1202,.T.);
#847=FACE_OUTER_BOUND('',#1203,.T.);
#848=FACE_OUTER_BOUND('',#1205,.T.);
#849=FACE_OUTER_BOUND('',#1207,.T.);
#850=FACE_OUTER_BOUND('',#1208,.T.);
#851=FACE_OUTER_BOUND('',#1209,.T.);
#852=FACE_OUTER_BOUND('',#1210,.T.);
#853=FACE_OUTER_BOUND('',#1211,.T.);
#854=FACE_OUTER_BOUND('',#1212,.T.);
#855=FACE_OUTER_BOUND('',#1213,.T.);
#856=FACE_OUTER_BOUND('',#1214,.T.);
#857=FACE_OUTER_BOUND('',#1215,.T.);
#858=FACE_OUTER_BOUND('',#1216,.T.);
#859=FACE_OUTER_BOUND('',#1217,.T.);
#860=FACE_OUTER_BOUND('',#1218,.T.);
#861=FACE_OUTER_BOUND('',#1220,.T.);
#862=FACE_OUTER_BOUND('',#1222,.T.);
#863=FACE_OUTER_BOUND('',#1224,.T.);
#864=FACE_OUTER_BOUND('',#1226,.T.);
#865=FACE_OUTER_BOUND('',#1227,.T.);
#866=FACE_OUTER_BOUND('',#1228,.T.);
#867=FACE_OUTER_BOUND('',#1229,.T.);
#868=FACE_OUTER_BOUND('',#1230,.T.);
#869=EDGE_LOOP('',(#3961,#3962,#3963,#3964));
#870=EDGE_LOOP('',(#3965,#3966,#3967,#3968));
#871=EDGE_LOOP('',(#3969,#3970,#3971,#3972));
#872=EDGE_LOOP('',(#3973,#3974,#3975,#3976));
#873=EDGE_LOOP('',(#3977,#3978,#3979,#3980));
#874=EDGE_LOOP('',(#3981,#3982,#3983,#3984));
#875=EDGE_LOOP('',(#3985,#3986,#3987,#3988));
#876=EDGE_LOOP('',(#3989,#3990,#3991,#3992));
#877=EDGE_LOOP('',(#3993,#3994,#3995,#3996));
#878=EDGE_LOOP('',(#3997,#3998,#3999,#4000));
#879=EDGE_LOOP('',(#4001,#4002,#4003,#4004));
#880=EDGE_LOOP('',(#4005,#4006,#4007,#4008));
#881=EDGE_LOOP('',(#4009,#4010,#4011,#4012));
#882=EDGE_LOOP('',(#4013,#4014,#4015,#4016));
#883=EDGE_LOOP('',(#4017,#4018,#4019,#4020));
#884=EDGE_LOOP('',(#4021,#4022,#4023,#4024));
#885=EDGE_LOOP('',(#4025,#4026,#4027,#4028));
#886=EDGE_LOOP('',(#4029,#4030,#4031,#4032));
#887=EDGE_LOOP('',(#4033,#4034,#4035,#4036));
#888=EDGE_LOOP('',(#4037,#4038,#4039,#4040));
#889=EDGE_LOOP('',(#4041,#4042,#4043,#4044));
#890=EDGE_LOOP('',(#4045,#4046,#4047,#4048));
#891=EDGE_LOOP('',(#4049,#4050,#4051,#4052));
#892=EDGE_LOOP('',(#4053,#4054,#4055,#4056));
#893=EDGE_LOOP('',(#4057,#4058,#4059,#4060));
#894=EDGE_LOOP('',(#4061,#4062,#4063,#4064));
#895=EDGE_LOOP('',(#4065,#4066,#4067,#4068));
#896=EDGE_LOOP('',(#4069,#4070,#4071,#4072));
#897=EDGE_LOOP('',(#4073,#4074,#4075,#4076));
#898=EDGE_LOOP('',(#4077,#4078,#4079,#4080,#4081,#4082,#4083,#4084,#4085,
#4086,#4087,#4088,#4089,#4090,#4091,#4092,#4093,#4094,#4095,#4096,#4097,
#4098,#4099,#4100,#4101,#4102,#4103,#4104,#4105));
#899=EDGE_LOOP('',(#4106,#4107,#4108,#4109));
#900=EDGE_LOOP('',(#4110,#4111,#4112,#4113));
#901=EDGE_LOOP('',(#4114,#4115,#4116,#4117));
#902=EDGE_LOOP('',(#4118,#4119,#4120,#4121));
#903=EDGE_LOOP('',(#4122,#4123,#4124,#4125));
#904=EDGE_LOOP('',(#4126,#4127,#4128,#4129));
#905=EDGE_LOOP('',(#4130,#4131,#4132,#4133));
#906=EDGE_LOOP('',(#4134,#4135,#4136,#4137));
#907=EDGE_LOOP('',(#4138,#4139,#4140,#4141));
#908=EDGE_LOOP('',(#4142,#4143,#4144,#4145));
#909=EDGE_LOOP('',(#4146,#4147,#4148,#4149));
#910=EDGE_LOOP('',(#4150,#4151,#4152,#4153,#4154,#4155,#4156,#4157));
#911=EDGE_LOOP('',(#4158,#4159,#4160));
#912=EDGE_LOOP('',(#4161,#4162,#4163));
#913=EDGE_LOOP('',(#4164,#4165,#4166,#4167));
#914=EDGE_LOOP('',(#4168,#4169,#4170,#4171));
#915=EDGE_LOOP('',(#4172,#4173,#4174,#4175));
#916=EDGE_LOOP('',(#4176,#4177,#4178,#4179));
#917=EDGE_LOOP('',(#4180,#4181,#4182,#4183));
#918=EDGE_LOOP('',(#4184,#4185,#4186,#4187));
#919=EDGE_LOOP('',(#4188,#4189,#4190,#4191));
#920=EDGE_LOOP('',(#4192,#4193,#4194,#4195));
#921=EDGE_LOOP('',(#4196,#4197,#4198,#4199));
#922=EDGE_LOOP('',(#4200,#4201,#4202,#4203));
#923=EDGE_LOOP('',(#4204,#4205,#4206,#4207));
#924=EDGE_LOOP('',(#4208,#4209,#4210,#4211));
#925=EDGE_LOOP('',(#4212,#4213,#4214,#4215,#4216,#4217,#4218,#4219,#4220,
#4221,#4222,#4223));
#926=EDGE_LOOP('',(#4224,#4225,#4226,#4227));
#927=EDGE_LOOP('',(#4228,#4229,#4230,#4231));
#928=EDGE_LOOP('',(#4232,#4233,#4234,#4235));
#929=EDGE_LOOP('',(#4236,#4237,#4238,#4239));
#930=EDGE_LOOP('',(#4240,#4241,#4242,#4243));
#931=EDGE_LOOP('',(#4244,#4245,#4246,#4247));
#932=EDGE_LOOP('',(#4248,#4249,#4250,#4251));
#933=EDGE_LOOP('',(#4252,#4253,#4254,#4255));
#934=EDGE_LOOP('',(#4256,#4257,#4258,#4259));
#935=EDGE_LOOP('',(#4260,#4261,#4262,#4263));
#936=EDGE_LOOP('',(#4264,#4265,#4266,#4267));
#937=EDGE_LOOP('',(#4268,#4269,#4270,#4271));
#938=EDGE_LOOP('',(#4272,#4273,#4274,#4275,#4276,#4277,#4278,#4279,#4280,
#4281,#4282,#4283));
#939=EDGE_LOOP('',(#4284,#4285,#4286,#4287));
#940=EDGE_LOOP('',(#4288,#4289,#4290,#4291));
#941=EDGE_LOOP('',(#4292,#4293,#4294,#4295));
#942=EDGE_LOOP('',(#4296,#4297,#4298,#4299));
#943=EDGE_LOOP('',(#4300,#4301,#4302,#4303));
#944=EDGE_LOOP('',(#4304,#4305,#4306,#4307));
#945=EDGE_LOOP('',(#4308,#4309,#4310,#4311));
#946=EDGE_LOOP('',(#4312,#4313,#4314,#4315));
#947=EDGE_LOOP('',(#4316,#4317,#4318,#4319));
#948=EDGE_LOOP('',(#4320,#4321,#4322,#4323));
#949=EDGE_LOOP('',(#4324,#4325,#4326,#4327,#4328,#4329,#4330,#4331,#4332,
#4333));
#950=EDGE_LOOP('',(#4334,#4335,#4336,#4337));
#951=EDGE_LOOP('',(#4338,#4339,#4340,#4341));
#952=EDGE_LOOP('',(#4342,#4343,#4344,#4345));
#953=EDGE_LOOP('',(#4346,#4347,#4348,#4349));
#954=EDGE_LOOP('',(#4350,#4351,#4352,#4353));
#955=EDGE_LOOP('',(#4354,#4355,#4356,#4357));
#956=EDGE_LOOP('',(#4358,#4359,#4360,#4361));
#957=EDGE_LOOP('',(#4362,#4363,#4364,#4365));
#958=EDGE_LOOP('',(#4366,#4367,#4368,#4369));
#959=EDGE_LOOP('',(#4370,#4371,#4372,#4373));
#960=EDGE_LOOP('',(#4374,#4375,#4376,#4377));
#961=EDGE_LOOP('',(#4378,#4379,#4380,#4381));
#962=EDGE_LOOP('',(#4382,#4383,#4384,#4385,#4386,#4387,#4388,#4389,#4390,
#4391,#4392,#4393));
#963=EDGE_LOOP('',(#4394,#4395,#4396,#4397));
#964=EDGE_LOOP('',(#4398,#4399,#4400,#4401));
#965=EDGE_LOOP('',(#4402,#4403,#4404,#4405));
#966=EDGE_LOOP('',(#4406,#4407,#4408,#4409));
#967=EDGE_LOOP('',(#4410,#4411,#4412,#4413));
#968=EDGE_LOOP('',(#4414,#4415,#4416,#4417));
#969=EDGE_LOOP('',(#4418,#4419,#4420,#4421));
#970=EDGE_LOOP('',(#4422,#4423,#4424,#4425));
#971=EDGE_LOOP('',(#4426,#4427,#4428,#4429));
#972=EDGE_LOOP('',(#4430,#4431,#4432,#4433));
#973=EDGE_LOOP('',(#4434,#4435,#4436,#4437));
#974=EDGE_LOOP('',(#4438,#4439,#4440,#4441,#4442,#4443,#4444,#4445));
#975=EDGE_LOOP('',(#4446,#4447,#4448));
#976=EDGE_LOOP('',(#4449,#4450,#4451));
#977=EDGE_LOOP('',(#4452,#4453,#4454,#4455));
#978=EDGE_LOOP('',(#4456,#4457,#4458,#4459));
#979=EDGE_LOOP('',(#4460,#4461,#4462,#4463));
#980=EDGE_LOOP('',(#4464,#4465,#4466,#4467));
#981=EDGE_LOOP('',(#4468,#4469,#4470,#4471));
#982=EDGE_LOOP('',(#4472,#4473,#4474,#4475));
#983=EDGE_LOOP('',(#4476,#4477,#4478,#4479));
#984=EDGE_LOOP('',(#4480,#4481,#4482,#4483));
#985=EDGE_LOOP('',(#4484,#4485,#4486,#4487));
#986=EDGE_LOOP('',(#4488,#4489,#4490,#4491));
#987=EDGE_LOOP('',(#4492,#4493,#4494,#4495));
#988=EDGE_LOOP('',(#4496,#4497,#4498,#4499,#4500,#4501,#4502,#4503,#4504,
#4505,#4506));
#989=EDGE_LOOP('',(#4507,#4508,#4509,#4510));
#990=EDGE_LOOP('',(#4511,#4512,#4513,#4514));
#991=EDGE_LOOP('',(#4515,#4516,#4517,#4518));
#992=EDGE_LOOP('',(#4519,#4520,#4521,#4522));
#993=EDGE_LOOP('',(#4523,#4524,#4525,#4526));
#994=EDGE_LOOP('',(#4527,#4528,#4529,#4530));
#995=EDGE_LOOP('',(#4531,#4532,#4533,#4534));
#996=EDGE_LOOP('',(#4535,#4536,#4537,#4538));
#997=EDGE_LOOP('',(#4539,#4540,#4541,#4542));
#998=EDGE_LOOP('',(#4543,#4544,#4545,#4546));
#999=EDGE_LOOP('',(#4547,#4548,#4549,#4550));
#1000=EDGE_LOOP('',(#4551,#4552,#4553,#4554));
#1001=EDGE_LOOP('',(#4555,#4556,#4557,#4558));
#1002=EDGE_LOOP('',(#4559,#4560,#4561,#4562));
#1003=EDGE_LOOP('',(#4563,#4564,#4565,#4566));
#1004=EDGE_LOOP('',(#4567,#4568,#4569,#4570));
#1005=EDGE_LOOP('',(#4571,#4572,#4573,#4574));
#1006=EDGE_LOOP('',(#4575,#4576,#4577,#4578));
#1007=EDGE_LOOP('',(#4579,#4580,#4581,#4582));
#1008=EDGE_LOOP('',(#4583,#4584,#4585,#4586));
#1009=EDGE_LOOP('',(#4587,#4588,#4589,#4590));
#1010=EDGE_LOOP('',(#4591,#4592,#4593,#4594));
#1011=EDGE_LOOP('',(#4595,#4596,#4597,#4598));
#1012=EDGE_LOOP('',(#4599,#4600,#4601,#4602));
#1013=EDGE_LOOP('',(#4603,#4604,#4605,#4606));
#1014=EDGE_LOOP('',(#4607,#4608,#4609,#4610));
#1015=EDGE_LOOP('',(#4611,#4612,#4613,#4614));
#1016=EDGE_LOOP('',(#4615,#4616,#4617,#4618));
#1017=EDGE_LOOP('',(#4619,#4620,#4621,#4622,#4623,#4624,#4625,#4626,#4627,
#4628,#4629,#4630,#4631,#4632,#4633,#4634,#4635));
#1018=EDGE_LOOP('',(#4636,#4637,#4638,#4639,#4640,#4641));
#1019=EDGE_LOOP('',(#4642,#4643,#4644,#4645,#4646,#4647));
#1020=EDGE_LOOP('',(#4648,#4649,#4650,#4651));
#1021=EDGE_LOOP('',(#4652,#4653,#4654,#4655));
#1022=EDGE_LOOP('',(#4656,#4657,#4658,#4659));
#1023=EDGE_LOOP('',(#4660,#4661,#4662,#4663));
#1024=EDGE_LOOP('',(#4664,#4665,#4666,#4667));
#1025=EDGE_LOOP('',(#4668,#4669,#4670,#4671));
#1026=EDGE_LOOP('',(#4672,#4673,#4674,#4675));
#1027=EDGE_LOOP('',(#4676,#4677,#4678,#4679));
#1028=EDGE_LOOP('',(#4680,#4681,#4682,#4683));
#1029=EDGE_LOOP('',(#4684,#4685,#4686,#4687));
#1030=EDGE_LOOP('',(#4688,#4689,#4690,#4691));
#1031=EDGE_LOOP('',(#4692,#4693,#4694,#4695));
#1032=EDGE_LOOP('',(#4696,#4697,#4698,#4699));
#1033=EDGE_LOOP('',(#4700,#4701,#4702,#4703));
#1034=EDGE_LOOP('',(#4704,#4705,#4706,#4707,#4708,#4709,#4710,#4711,#4712,
#4713,#4714,#4715,#4716,#4717));
#1035=EDGE_LOOP('',(#4718,#4719,#4720,#4721));
#1036=EDGE_LOOP('',(#4722,#4723,#4724,#4725));
#1037=EDGE_LOOP('',(#4726,#4727,#4728,#4729));
#1038=EDGE_LOOP('',(#4730,#4731,#4732,#4733));
#1039=EDGE_LOOP('',(#4734,#4735,#4736,#4737));
#1040=EDGE_LOOP('',(#4738,#4739,#4740,#4741));
#1041=EDGE_LOOP('',(#4742,#4743,#4744,#4745));
#1042=EDGE_LOOP('',(#4746,#4747,#4748,#4749));
#1043=EDGE_LOOP('',(#4750,#4751,#4752,#4753));
#1044=EDGE_LOOP('',(#4754,#4755,#4756,#4757));
#1045=EDGE_LOOP('',(#4758,#4759,#4760,#4761));
#1046=EDGE_LOOP('',(#4762,#4763,#4764,#4765));
#1047=EDGE_LOOP('',(#4766,#4767,#4768,#4769));
#1048=EDGE_LOOP('',(#4770,#4771,#4772,#4773));
#1049=EDGE_LOOP('',(#4774,#4775,#4776,#4777));
#1050=EDGE_LOOP('',(#4778,#4779,#4780,#4781));
#1051=EDGE_LOOP('',(#4782,#4783,#4784,#4785));
#1052=EDGE_LOOP('',(#4786,#4787,#4788,#4789));
#1053=EDGE_LOOP('',(#4790,#4791,#4792,#4793));
#1054=EDGE_LOOP('',(#4794,#4795,#4796,#4797));
#1055=EDGE_LOOP('',(#4798,#4799,#4800,#4801));
#1056=EDGE_LOOP('',(#4802,#4803,#4804,#4805));
#1057=EDGE_LOOP('',(#4806,#4807,#4808,#4809));
#1058=EDGE_LOOP('',(#4810,#4811,#4812,#4813));
#1059=EDGE_LOOP('',(#4814,#4815,#4816,#4817));
#1060=EDGE_LOOP('',(#4818,#4819,#4820,#4821));
#1061=EDGE_LOOP('',(#4822,#4823,#4824,#4825));
#1062=EDGE_LOOP('',(#4826,#4827,#4828,#4829));
#1063=EDGE_LOOP('',(#4830,#4831,#4832,#4833));
#1064=EDGE_LOOP('',(#4834,#4835,#4836,#4837));
#1065=EDGE_LOOP('',(#4838,#4839,#4840,#4841));
#1066=EDGE_LOOP('',(#4842,#4843,#4844,#4845));
#1067=EDGE_LOOP('',(#4846,#4847,#4848,#4849));
#1068=EDGE_LOOP('',(#4850,#4851,#4852,#4853));
#1069=EDGE_LOOP('',(#4854,#4855,#4856,#4857));
#1070=EDGE_LOOP('',(#4858,#4859,#4860,#4861,#4862,#4863,#4864,#4865,#4866,
#4867,#4868,#4869,#4870,#4871,#4872,#4873,#4874,#4875,#4876,#4877,#4878,
#4879,#4880,#4881,#4882,#4883,#4884,#4885,#4886,#4887,#4888,#4889,#4890,
#4891,#4892));
#1071=EDGE_LOOP('',(#4893,#4894,#4895,#4896));
#1072=EDGE_LOOP('',(#4897,#4898,#4899,#4900));
#1073=EDGE_LOOP('',(#4901,#4902,#4903,#4904));
#1074=EDGE_LOOP('',(#4905,#4906,#4907,#4908));
#1075=EDGE_LOOP('',(#4909,#4910,#4911,#4912));
#1076=EDGE_LOOP('',(#4913,#4914,#4915,#4916));
#1077=EDGE_LOOP('',(#4917,#4918,#4919,#4920));
#1078=EDGE_LOOP('',(#4921,#4922,#4923,#4924));
#1079=EDGE_LOOP('',(#4925,#4926,#4927,#4928));
#1080=EDGE_LOOP('',(#4929,#4930,#4931,#4932));
#1081=EDGE_LOOP('',(#4933,#4934,#4935,#4936,#4937,#4938,#4939,#4940,#4941,
#4942));
#1082=EDGE_LOOP('',(#4943,#4944,#4945,#4946));
#1083=EDGE_LOOP('',(#4947,#4948,#4949,#4950));
#1084=EDGE_LOOP('',(#4951,#4952,#4953,#4954));
#1085=EDGE_LOOP('',(#4955,#4956,#4957,#4958));
#1086=EDGE_LOOP('',(#4959,#4960,#4961,#4962));
#1087=EDGE_LOOP('',(#4963,#4964,#4965,#4966));
#1088=EDGE_LOOP('',(#4967,#4968,#4969,#4970));
#1089=EDGE_LOOP('',(#4971,#4972,#4973,#4974));
#1090=EDGE_LOOP('',(#4975,#4976,#4977,#4978));
#1091=EDGE_LOOP('',(#4979,#4980,#4981,#4982));
#1092=EDGE_LOOP('',(#4983,#4984,#4985,#4986));
#1093=EDGE_LOOP('',(#4987,#4988,#4989,#4990));
#1094=EDGE_LOOP('',(#4991,#4992,#4993,#4994));
#1095=EDGE_LOOP('',(#4995,#4996,#4997,#4998));
#1096=EDGE_LOOP('',(#4999,#5000,#5001,#5002));
#1097=EDGE_LOOP('',(#5003,#5004,#5005,#5006));
#1098=EDGE_LOOP('',(#5007,#5008,#5009,#5010));
#1099=EDGE_LOOP('',(#5011,#5012,#5013,#5014));
#1100=EDGE_LOOP('',(#5015,#5016,#5017,#5018));
#1101=EDGE_LOOP('',(#5019,#5020,#5021,#5022));
#1102=EDGE_LOOP('',(#5023,#5024,#5025,#5026));
#1103=EDGE_LOOP('',(#5027,#5028,#5029,#5030));
#1104=EDGE_LOOP('',(#5031,#5032,#5033,#5034));
#1105=EDGE_LOOP('',(#5035,#5036,#5037,#5038));
#1106=EDGE_LOOP('',(#5039,#5040,#5041,#5042));
#1107=EDGE_LOOP('',(#5043,#5044,#5045,#5046));
#1108=EDGE_LOOP('',(#5047,#5048,#5049,#5050));
#1109=EDGE_LOOP('',(#5051,#5052,#5053,#5054));
#1110=EDGE_LOOP('',(#5055,#5056,#5057,#5058));
#1111=EDGE_LOOP('',(#5059,#5060,#5061,#5062));
#1112=EDGE_LOOP('',(#5063,#5064,#5065,#5066));
#1113=EDGE_LOOP('',(#5067,#5068,#5069,#5070));
#1114=EDGE_LOOP('',(#5071,#5072,#5073,#5074));
#1115=EDGE_LOOP('',(#5075,#5076,#5077,#5078));
#1116=EDGE_LOOP('',(#5079,#5080,#5081,#5082));
#1117=EDGE_LOOP('',(#5083,#5084,#5085,#5086,#5087,#5088,#5089,#5090,#5091,
#5092,#5093,#5094,#5095,#5096,#5097,#5098,#5099,#5100,#5101,#5102,#5103,
#5104,#5105,#5106,#5107,#5108,#5109,#5110,#5111,#5112,#5113,#5114,#5115,
#5116,#5117));
#1118=EDGE_LOOP('',(#5118,#5119,#5120,#5121));
#1119=EDGE_LOOP('',(#5122,#5123,#5124,#5125));
#1120=EDGE_LOOP('',(#5126,#5127,#5128,#5129));
#1121=EDGE_LOOP('',(#5130,#5131,#5132,#5133));
#1122=EDGE_LOOP('',(#5134,#5135,#5136,#5137));
#1123=EDGE_LOOP('',(#5138,#5139,#5140,#5141));
#1124=EDGE_LOOP('',(#5142,#5143,#5144,#5145));
#1125=EDGE_LOOP('',(#5146,#5147,#5148,#5149));
#1126=EDGE_LOOP('',(#5150,#5151,#5152,#5153));
#1127=EDGE_LOOP('',(#5154,#5155,#5156,#5157));
#1128=EDGE_LOOP('',(#5158,#5159,#5160,#5161));
#1129=EDGE_LOOP('',(#5162,#5163,#5164,#5165));
#1130=EDGE_LOOP('',(#5166,#5167,#5168,#5169));
#1131=EDGE_LOOP('',(#5170,#5171,#5172,#5173));
#1132=EDGE_LOOP('',(#5174,#5175,#5176,#5177));
#1133=EDGE_LOOP('',(#5178,#5179,#5180,#5181));
#1134=EDGE_LOOP('',(#5182,#5183,#5184,#5185));
#1135=EDGE_LOOP('',(#5186,#5187,#5188,#5189));
#1136=EDGE_LOOP('',(#5190,#5191,#5192,#5193));
#1137=EDGE_LOOP('',(#5194,#5195,#5196,#5197));
#1138=EDGE_LOOP('',(#5198,#5199,#5200,#5201));
#1139=EDGE_LOOP('',(#5202,#5203,#5204,#5205));
#1140=EDGE_LOOP('',(#5206,#5207,#5208,#5209));
#1141=EDGE_LOOP('',(#5210,#5211,#5212,#5213));
#1142=EDGE_LOOP('',(#5214,#5215,#5216,#5217));
#1143=EDGE_LOOP('',(#5218,#5219,#5220,#5221));
#1144=EDGE_LOOP('',(#5222,#5223,#5224,#5225));
#1145=EDGE_LOOP('',(#5226,#5227,#5228,#5229));
#1146=EDGE_LOOP('',(#5230,#5231,#5232,#5233));
#1147=EDGE_LOOP('',(#5234,#5235,#5236,#5237));
#1148=EDGE_LOOP('',(#5238,#5239,#5240,#5241));
#1149=EDGE_LOOP('',(#5242,#5243,#5244,#5245));
#1150=EDGE_LOOP('',(#5246,#5247,#5248,#5249));
#1151=EDGE_LOOP('',(#5250,#5251,#5252,#5253));
#1152=EDGE_LOOP('',(#5254,#5255,#5256,#5257));
#1153=EDGE_LOOP('',(#5258,#5259,#5260,#5261,#5262,#5263,#5264,#5265,#5266,
#5267,#5268,#5269,#5270,#5271,#5272,#5273,#5274,#5275,#5276,#5277,#5278,
#5279,#5280,#5281,#5282,#5283,#5284,#5285,#5286,#5287,#5288,#5289,#5290,
#5291,#5292));
#1154=EDGE_LOOP('',(#5293,#5294,#5295,#5296));
#1155=EDGE_LOOP('',(#5297,#5298,#5299,#5300));
#1156=EDGE_LOOP('',(#5301,#5302,#5303,#5304));
#1157=EDGE_LOOP('',(#5305,#5306,#5307,#5308));
#1158=EDGE_LOOP('',(#5309,#5310,#5311,#5312));
#1159=EDGE_LOOP('',(#5313,#5314,#5315,#5316));
#1160=EDGE_LOOP('',(#5317,#5318,#5319,#5320));
#1161=EDGE_LOOP('',(#5321,#5322,#5323,#5324));
#1162=EDGE_LOOP('',(#5325,#5326,#5327,#5328));
#1163=EDGE_LOOP('',(#5329,#5330,#5331,#5332));
#1164=EDGE_LOOP('',(#5333,#5334,#5335,#5336));
#1165=EDGE_LOOP('',(#5337,#5338,#5339,#5340));
#1166=EDGE_LOOP('',(#5341,#5342,#5343,#5344));
#1167=EDGE_LOOP('',(#5345,#5346,#5347,#5348));
#1168=EDGE_LOOP('',(#5349,#5350,#5351,#5352));
#1169=EDGE_LOOP('',(#5353,#5354,#5355,#5356));
#1170=EDGE_LOOP('',(#5357,#5358,#5359,#5360));
#1171=EDGE_LOOP('',(#5361,#5362,#5363,#5364));
#1172=EDGE_LOOP('',(#5365,#5366,#5367,#5368));
#1173=EDGE_LOOP('',(#5369,#5370,#5371,#5372));
#1174=EDGE_LOOP('',(#5373,#5374,#5375,#5376));
#1175=EDGE_LOOP('',(#5377,#5378,#5379,#5380));
#1176=EDGE_LOOP('',(#5381,#5382,#5383,#5384));
#1177=EDGE_LOOP('',(#5385,#5386,#5387,#5388,#5389,#5390,#5391,#5392,#5393,
#5394,#5395,#5396,#5397,#5398,#5399,#5400,#5401));
#1178=EDGE_LOOP('',(#5402,#5403,#5404,#5405,#5406,#5407));
#1179=EDGE_LOOP('',(#5408,#5409,#5410,#5411,#5412,#5413,#5414,#5415));
#1180=EDGE_LOOP('',(#5416,#5417,#5418,#5419,#5420,#5421,#5422,#5423));
#1181=EDGE_LOOP('',(#5424,#5425,#5426,#5427,#5428,#5429,#5430,#5431,#5432,
#5433,#5434,#5435));
#1182=EDGE_LOOP('',(#5436,#5437,#5438,#5439,#5440,#5441,#5442,#5443,#5444,
#5445,#5446,#5447));
#1183=EDGE_LOOP('',(#5448,#5449,#5450,#5451,#5452,#5453,#5454,#5455,#5456,
#5457,#5458));
#1184=EDGE_LOOP('',(#5459,#5460,#5461,#5462,#5463,#5464,#5465,#5466,#5467,
#5468,#5469,#5470,#5471,#5472,#5473,#5474,#5475));
#1185=EDGE_LOOP('',(#5476,#5477,#5478,#5479,#5480,#5481,#5482,#5483,#5484,
#5485,#5486,#5487,#5488,#5489));
#1186=EDGE_LOOP('',(#5490,#5491,#5492,#5493,#5494,#5495,#5496,#5497,#5498,
#5499,#5500,#5501,#5502,#5503,#5504,#5505,#5506,#5507,#5508,#5509,#5510,
#5511,#5512,#5513,#5514,#5515,#5516,#5517,#5518,#5519,#5520,#5521,#5522,
#5523,#5524));
#1187=EDGE_LOOP('',(#5525,#5526,#5527,#5528,#5529,#5530,#5531,#5532,#5533,
#5534));
#1188=EDGE_LOOP('',(#5535,#5536,#5537,#5538,#5539,#5540,#5541,#5542,#5543,
#5544,#5545,#5546,#5547,#5548,#5549,#5550,#5551,#5552,#5553,#5554,#5555,
#5556,#5557,#5558,#5559,#5560,#5561,#5562,#5563,#5564,#5565,#5566,#5567,
#5568,#5569));
#1189=EDGE_LOOP('',(#5570,#5571,#5572,#5573,#5574,#5575,#5576,#5577,#5578,
#5579,#5580,#5581,#5582,#5583,#5584,#5585,#5586,#5587,#5588,#5589,#5590,
#5591,#5592,#5593,#5594,#5595,#5596,#5597,#5598,#5599,#5600,#5601,#5602,
#5603,#5604));
#1190=EDGE_LOOP('',(#5605,#5606,#5607,#5608,#5609,#5610,#5611,#5612,#5613,
#5614,#5615,#5616,#5617,#5618,#5619,#5620,#5621));
#1191=EDGE_LOOP('',(#5622,#5623,#5624,#5625));
#1192=EDGE_LOOP('',(#5626,#5627,#5628,#5629,#5630,#5631,#5632,#5633));
#1193=EDGE_LOOP('',(#5634,#5635,#5636,#5637,#5638,#5639,#5640,#5641,#5642,
#5643));
#1194=EDGE_LOOP('',(#5644,#5645,#5646,#5647,#5648,#5649,#5650,#5651,#5652,
#5653,#5654,#5655));
#1195=EDGE_LOOP('',(#5656,#5657,#5658,#5659,#5660,#5661,#5662,#5663,#5664,
#5665,#5666,#5667,#5668,#5669,#5670,#5671,#5672,#5673,#5674,#5675,#5676,
#5677,#5678,#5679,#5680,#5681,#5682,#5683,#5684));
#1196=EDGE_LOOP('',(#5685,#5686,#5687,#5688));
#1197=EDGE_LOOP('',(#5689,#5690,#5691,#5692));
#1198=EDGE_LOOP('',(#5693,#5694));
#1199=EDGE_LOOP('',(#5695,#5696,#5697,#5698));
#1200=EDGE_LOOP('',(#5699,#5700));
#1201=EDGE_LOOP('',(#5701,#5702,#5703,#5704));
#1202=EDGE_LOOP('',(#5705,#5706,#5707,#5708));
#1203=EDGE_LOOP('',(#5709,#5710,#5711,#5712));
#1204=EDGE_LOOP('',(#5713,#5714));
#1205=EDGE_LOOP('',(#5715,#5716,#5717,#5718));
#1206=EDGE_LOOP('',(#5719,#5720));
#1207=EDGE_LOOP('',(#5721,#5722,#5723,#5724));
#1208=EDGE_LOOP('',(#5725,#5726));
#1209=EDGE_LOOP('',(#5727,#5728));
#1210=EDGE_LOOP('',(#5729,#5730));
#1211=EDGE_LOOP('',(#5731,#5732));
#1212=EDGE_LOOP('',(#5733,#5734,#5735,#5736,#5737,#5738));
#1213=EDGE_LOOP('',(#5739,#5740,#5741,#5742));
#1214=EDGE_LOOP('',(#5743,#5744,#5745,#5746));
#1215=EDGE_LOOP('',(#5747,#5748,#5749,#5750));
#1216=EDGE_LOOP('',(#5751,#5752,#5753,#5754));
#1217=EDGE_LOOP('',(#5755,#5756,#5757,#5758));
#1218=EDGE_LOOP('',(#5759,#5760));
#1219=EDGE_LOOP('',(#5761));
#1220=EDGE_LOOP('',(#5762,#5763));
#1221=EDGE_LOOP('',(#5764));
#1222=EDGE_LOOP('',(#5765,#5766));
#1223=EDGE_LOOP('',(#5767));
#1224=EDGE_LOOP('',(#5768,#5769));
#1225=EDGE_LOOP('',(#5770));
#1226=EDGE_LOOP('',(#5771,#5772,#5773,#5774));
#1227=EDGE_LOOP('',(#5775,#5776,#5777,#5778));
#1228=EDGE_LOOP('',(#5779,#5780,#5781,#5782));
#1229=EDGE_LOOP('',(#5783,#5784,#5785,#5786));
#1230=EDGE_LOOP('',(#5787,#5788,#5789,#5790,#5791,#5792,#5793,#5794));
#1231=EDGE_LOOP('',(#5795,#5796,#5797,#5798));
#1232=EDGE_LOOP('',(#5799));
#1233=EDGE_LOOP('',(#5800));
#1234=EDGE_LOOP('',(#5801));
#1235=EDGE_LOOP('',(#5802));
#1236=LINE('',#7576,#1831);
#1237=LINE('',#7578,#1832);
#1238=LINE('',#7580,#1833);
#1239=LINE('',#7581,#1834);
#1240=LINE('',#7584,#1835);
#1241=LINE('',#7586,#1836);
#1242=LINE('',#7587,#1837);
#1243=LINE('',#7610,#1838);
#1244=LINE('',#7633,#1839);
#1245=LINE('',#7656,#1840);
#1246=LINE('',#7679,#1841);
#1247=LINE('',#7682,#1842);
#1248=LINE('',#7684,#1843);
#1249=LINE('',#7685,#1844);
#1250=LINE('',#7708,#1845);
#1251=LINE('',#7731,#1846);
#1252=LINE('',#7754,#1847);
#1253=LINE('',#7777,#1848);
#1254=LINE('',#7780,#1849);
#1255=LINE('',#7782,#1850);
#1256=LINE('',#7783,#1851);
#1257=LINE('',#7786,#1852);
#1258=LINE('',#7788,#1853);
#1259=LINE('',#7789,#1854);
#1260=LINE('',#7792,#1855);
#1261=LINE('',#7794,#1856);
#1262=LINE('',#7795,#1857);
#1263=LINE('',#7818,#1858);
#1264=LINE('',#7841,#1859);
#1265=LINE('',#7864,#1860);
#1266=LINE('',#7887,#1861);
#1267=LINE('',#7910,#1862);
#1268=LINE('',#7933,#1863);
#1269=LINE('',#7936,#1864);
#1270=LINE('',#7938,#1865);
#1271=LINE('',#7939,#1866);
#1272=LINE('',#7962,#1867);
#1273=LINE('',#7985,#1868);
#1274=LINE('',#8008,#1869);
#1275=LINE('',#8031,#1870);
#1276=LINE('',#8054,#1871);
#1277=LINE('',#8077,#1872);
#1278=LINE('',#8100,#1873);
#1279=LINE('',#8102,#1874);
#1280=LINE('',#8103,#1875);
#1281=LINE('',#8123,#1876);
#1282=LINE('',#8130,#1877);
#1283=LINE('',#8153,#1878);
#1284=LINE('',#8155,#1879);
#1285=LINE('',#8156,#1880);
#1286=LINE('',#8160,#1881);
#1287=LINE('',#8162,#1882);
#1288=LINE('',#8164,#1883);
#1289=LINE('',#8165,#1884);
#1290=LINE('',#8168,#1885);
#1291=LINE('',#8170,#1886);
#1292=LINE('',#8171,#1887);
#1293=LINE('',#8174,#1888);
#1294=LINE('',#8176,#1889);
#1295=LINE('',#8177,#1890);
#1296=LINE('',#8180,#1891);
#1297=LINE('',#8182,#1892);
#1298=LINE('',#8183,#1893);
#1299=LINE('',#8186,#1894);
#1300=LINE('',#8188,#1895);
#1301=LINE('',#8189,#1896);
#1302=LINE('',#8192,#1897);
#1303=LINE('',#8194,#1898);
#1304=LINE('',#8195,#1899);
#1305=LINE('',#8198,#1900);
#1306=LINE('',#8200,#1901);
#1307=LINE('',#8201,#1902);
#1308=LINE('',#8203,#1903);
#1309=LINE('',#8204,#1904);
#1310=LINE('',#8210,#1905);
#1311=LINE('',#8212,#1906);
#1312=LINE('',#8214,#1907);
#1313=LINE('',#8215,#1908);
#1314=LINE('',#8218,#1909);
#1315=LINE('',#8220,#1910);
#1316=LINE('',#8221,#1911);
#1317=LINE('',#8224,#1912);
#1318=LINE('',#8226,#1913);
#1319=LINE('',#8227,#1914);
#1320=LINE('',#8230,#1915);
#1321=LINE('',#8232,#1916);
#1322=LINE('',#8233,#1917);
#1323=LINE('',#8236,#1918);
#1324=LINE('',#8238,#1919);
#1325=LINE('',#8239,#1920);
#1326=LINE('',#8242,#1921);
#1327=LINE('',#8244,#1922);
#1328=LINE('',#8245,#1923);
#1329=LINE('',#8248,#1924);
#1330=LINE('',#8250,#1925);
#1331=LINE('',#8251,#1926);
#1332=LINE('',#8254,#1927);
#1333=LINE('',#8256,#1928);
#1334=LINE('',#8257,#1929);
#1335=LINE('',#8260,#1930);
#1336=LINE('',#8262,#1931);
#1337=LINE('',#8263,#1932);
#1338=LINE('',#8266,#1933);
#1339=LINE('',#8268,#1934);
#1340=LINE('',#8269,#1935);
#1341=LINE('',#8272,#1936);
#1342=LINE('',#8274,#1937);
#1343=LINE('',#8275,#1938);
#1344=LINE('',#8277,#1939);
#1345=LINE('',#8278,#1940);
#1346=LINE('',#8283,#1941);
#1347=LINE('',#8285,#1942);
#1348=LINE('',#8287,#1943);
#1349=LINE('',#8288,#1944);
#1350=LINE('',#8291,#1945);
#1351=LINE('',#8293,#1946);
#1352=LINE('',#8294,#1947);
#1353=LINE('',#8297,#1948);
#1354=LINE('',#8299,#1949);
#1355=LINE('',#8300,#1950);
#1356=LINE('',#8303,#1951);
#1357=LINE('',#8305,#1952);
#1358=LINE('',#8306,#1953);
#1359=LINE('',#8309,#1954);
#1360=LINE('',#8311,#1955);
#1361=LINE('',#8312,#1956);
#1362=LINE('',#8315,#1957);
#1363=LINE('',#8317,#1958);
#1364=LINE('',#8318,#1959);
#1365=LINE('',#8321,#1960);
#1366=LINE('',#8323,#1961);
#1367=LINE('',#8324,#1962);
#1368=LINE('',#8327,#1963);
#1369=LINE('',#8329,#1964);
#1370=LINE('',#8330,#1965);
#1371=LINE('',#8333,#1966);
#1372=LINE('',#8335,#1967);
#1373=LINE('',#8336,#1968);
#1374=LINE('',#8339,#1969);
#1375=LINE('',#8341,#1970);
#1376=LINE('',#8342,#1971);
#1377=LINE('',#8345,#1972);
#1378=LINE('',#8347,#1973);
#1379=LINE('',#8348,#1974);
#1380=LINE('',#8350,#1975);
#1381=LINE('',#8351,#1976);
#1382=LINE('',#8356,#1977);
#1383=LINE('',#8358,#1978);
#1384=LINE('',#8360,#1979);
#1385=LINE('',#8361,#1980);
#1386=LINE('',#8364,#1981);
#1387=LINE('',#8366,#1982);
#1388=LINE('',#8367,#1983);
#1389=LINE('',#8370,#1984);
#1390=LINE('',#8372,#1985);
#1391=LINE('',#8373,#1986);
#1392=LINE('',#8396,#1987);
#1393=LINE('',#8419,#1988);
#1394=LINE('',#8442,#1989);
#1395=LINE('',#8445,#1990);
#1396=LINE('',#8447,#1991);
#1397=LINE('',#8448,#1992);
#1398=LINE('',#8451,#1993);
#1399=LINE('',#8453,#1994);
#1400=LINE('',#8454,#1995);
#1401=LINE('',#8477,#1996);
#1402=LINE('',#8479,#1997);
#1403=LINE('',#8480,#1998);
#1404=LINE('',#8485,#1999);
#1405=LINE('',#8487,#2000);
#1406=LINE('',#8489,#2001);
#1407=LINE('',#8490,#2002);
#1408=LINE('',#8493,#2003);
#1409=LINE('',#8495,#2004);
#1410=LINE('',#8496,#2005);
#1411=LINE('',#8499,#2006);
#1412=LINE('',#8501,#2007);
#1413=LINE('',#8502,#2008);
#1414=LINE('',#8505,#2009);
#1415=LINE('',#8507,#2010);
#1416=LINE('',#8508,#2011);
#1417=LINE('',#8511,#2012);
#1418=LINE('',#8513,#2013);
#1419=LINE('',#8514,#2014);
#1420=LINE('',#8517,#2015);
#1421=LINE('',#8519,#2016);
#1422=LINE('',#8520,#2017);
#1423=LINE('',#8523,#2018);
#1424=LINE('',#8525,#2019);
#1425=LINE('',#8526,#2020);
#1426=LINE('',#8529,#2021);
#1427=LINE('',#8531,#2022);
#1428=LINE('',#8532,#2023);
#1429=LINE('',#8535,#2024);
#1430=LINE('',#8537,#2025);
#1431=LINE('',#8538,#2026);
#1432=LINE('',#8541,#2027);
#1433=LINE('',#8543,#2028);
#1434=LINE('',#8544,#2029);
#1435=LINE('',#8547,#2030);
#1436=LINE('',#8549,#2031);
#1437=LINE('',#8550,#2032);
#1438=LINE('',#8552,#2033);
#1439=LINE('',#8553,#2034);
#1440=LINE('',#8573,#2035);
#1441=LINE('',#8580,#2036);
#1442=LINE('',#8603,#2037);
#1443=LINE('',#8605,#2038);
#1444=LINE('',#8606,#2039);
#1445=LINE('',#8610,#2040);
#1446=LINE('',#8612,#2041);
#1447=LINE('',#8614,#2042);
#1448=LINE('',#8615,#2043);
#1449=LINE('',#8618,#2044);
#1450=LINE('',#8620,#2045);
#1451=LINE('',#8621,#2046);
#1452=LINE('',#8624,#2047);
#1453=LINE('',#8626,#2048);
#1454=LINE('',#8627,#2049);
#1455=LINE('',#8630,#2050);
#1456=LINE('',#8632,#2051);
#1457=LINE('',#8633,#2052);
#1458=LINE('',#8636,#2053);
#1459=LINE('',#8638,#2054);
#1460=LINE('',#8639,#2055);
#1461=LINE('',#8642,#2056);
#1462=LINE('',#8644,#2057);
#1463=LINE('',#8645,#2058);
#1464=LINE('',#8648,#2059);
#1465=LINE('',#8650,#2060);
#1466=LINE('',#8651,#2061);
#1467=LINE('',#8653,#2062);
#1468=LINE('',#8654,#2063);
#1469=LINE('',#8660,#2064);
#1470=LINE('',#8662,#2065);
#1471=LINE('',#8664,#2066);
#1472=LINE('',#8665,#2067);
#1473=LINE('',#8668,#2068);
#1474=LINE('',#8670,#2069);
#1475=LINE('',#8671,#2070);
#1476=LINE('',#8674,#2071);
#1477=LINE('',#8676,#2072);
#1478=LINE('',#8677,#2073);
#1479=LINE('',#8680,#2074);
#1480=LINE('',#8682,#2075);
#1481=LINE('',#8683,#2076);
#1482=LINE('',#8686,#2077);
#1483=LINE('',#8688,#2078);
#1484=LINE('',#8689,#2079);
#1485=LINE('',#8692,#2080);
#1486=LINE('',#8694,#2081);
#1487=LINE('',#8695,#2082);
#1488=LINE('',#8698,#2083);
#1489=LINE('',#8700,#2084);
#1490=LINE('',#8701,#2085);
#1491=LINE('',#8704,#2086);
#1492=LINE('',#8706,#2087);
#1493=LINE('',#8707,#2088);
#1494=LINE('',#8710,#2089);
#1495=LINE('',#8712,#2090);
#1496=LINE('',#8713,#2091);
#1497=LINE('',#8716,#2092);
#1498=LINE('',#8718,#2093);
#1499=LINE('',#8719,#2094);
#1500=LINE('',#8721,#2095);
#1501=LINE('',#8722,#2096);
#1502=LINE('',#8727,#2097);
#1503=LINE('',#8729,#2098);
#1504=LINE('',#8731,#2099);
#1505=LINE('',#8732,#2100);
#1506=LINE('',#8735,#2101);
#1507=LINE('',#8737,#2102);
#1508=LINE('',#8738,#2103);
#1509=LINE('',#8741,#2104);
#1510=LINE('',#8743,#2105);
#1511=LINE('',#8744,#2106);
#1512=LINE('',#8746,#2107);
#1513=LINE('',#8747,#2108);
#1514=LINE('',#8752,#2109);
#1515=LINE('',#8754,#2110);
#1516=LINE('',#8756,#2111);
#1517=LINE('',#8757,#2112);
#1518=LINE('',#8780,#2113);
#1519=LINE('',#8803,#2114);
#1520=LINE('',#8806,#2115);
#1521=LINE('',#8808,#2116);
#1522=LINE('',#8809,#2117);
#1523=LINE('',#8832,#2118);
#1524=LINE('',#8856,#2119);
#1525=LINE('',#8858,#2120);
#1526=LINE('',#8860,#2121);
#1527=LINE('',#8861,#2122);
#1528=LINE('',#8884,#2123);
#1529=LINE('',#8907,#2124);
#1530=LINE('',#8930,#2125);
#1531=LINE('',#8953,#2126);
#1532=LINE('',#8976,#2127);
#1533=LINE('',#8999,#2128);
#1534=LINE('',#9022,#2129);
#1535=LINE('',#9045,#2130);
#1536=LINE('',#9048,#2131);
#1537=LINE('',#9050,#2132);
#1538=LINE('',#9051,#2133);
#1539=LINE('',#9054,#2134);
#1540=LINE('',#9056,#2135);
#1541=LINE('',#9057,#2136);
#1542=LINE('',#9060,#2137);
#1543=LINE('',#9062,#2138);
#1544=LINE('',#9063,#2139);
#1545=LINE('',#9086,#2140);
#1546=LINE('',#9109,#2141);
#1547=LINE('',#9112,#2142);
#1548=LINE('',#9114,#2143);
#1549=LINE('',#9115,#2144);
#1550=LINE('',#9118,#2145);
#1551=LINE('',#9120,#2146);
#1552=LINE('',#9121,#2147);
#1553=LINE('',#9123,#2148);
#1554=LINE('',#9124,#2149);
#1555=LINE('',#9130,#2150);
#1556=LINE('',#9132,#2151);
#1557=LINE('',#9134,#2152);
#1558=LINE('',#9135,#2153);
#1559=LINE('',#9138,#2154);
#1560=LINE('',#9140,#2155);
#1561=LINE('',#9141,#2156);
#1562=LINE('',#9144,#2157);
#1563=LINE('',#9146,#2158);
#1564=LINE('',#9147,#2159);
#1565=LINE('',#9150,#2160);
#1566=LINE('',#9152,#2161);
#1567=LINE('',#9153,#2162);
#1568=LINE('',#9156,#2163);
#1569=LINE('',#9158,#2164);
#1570=LINE('',#9159,#2165);
#1571=LINE('',#9162,#2166);
#1572=LINE('',#9164,#2167);
#1573=LINE('',#9165,#2168);
#1574=LINE('',#9168,#2169);
#1575=LINE('',#9170,#2170);
#1576=LINE('',#9171,#2171);
#1577=LINE('',#9174,#2172);
#1578=LINE('',#9176,#2173);
#1579=LINE('',#9177,#2174);
#1580=LINE('',#9180,#2175);
#1581=LINE('',#9182,#2176);
#1582=LINE('',#9183,#2177);
#1583=LINE('',#9186,#2178);
#1584=LINE('',#9188,#2179);
#1585=LINE('',#9189,#2180);
#1586=LINE('',#9212,#2181);
#1587=LINE('',#9215,#2182);
#1588=LINE('',#9217,#2183);
#1589=LINE('',#9218,#2184);
#1590=LINE('',#9221,#2185);
#1591=LINE('',#9223,#2186);
#1592=LINE('',#9224,#2187);
#1593=LINE('',#9226,#2188);
#1594=LINE('',#9227,#2189);
#1595=LINE('',#9232,#2190);
#1596=LINE('',#9234,#2191);
#1597=LINE('',#9236,#2192);
#1598=LINE('',#9237,#2193);
#1599=LINE('',#9240,#2194);
#1600=LINE('',#9242,#2195);
#1601=LINE('',#9243,#2196);
#1602=LINE('',#9266,#2197);
#1603=LINE('',#9289,#2198);
#1604=LINE('',#9312,#2199);
#1605=LINE('',#9335,#2200);
#1606=LINE('',#9358,#2201);
#1607=LINE('',#9381,#2202);
#1608=LINE('',#9404,#2203);
#1609=LINE('',#9427,#2204);
#1610=LINE('',#9450,#2205);
#1611=LINE('',#9473,#2206);
#1612=LINE('',#9496,#2207);
#1613=LINE('',#9519,#2208);
#1614=LINE('',#9542,#2209);
#1615=LINE('',#9565,#2210);
#1616=LINE('',#9568,#2211);
#1617=LINE('',#9570,#2212);
#1618=LINE('',#9571,#2213);
#1619=LINE('',#9574,#2214);
#1620=LINE('',#9576,#2215);
#1621=LINE('',#9577,#2216);
#1622=LINE('',#9580,#2217);
#1623=LINE('',#9582,#2218);
#1624=LINE('',#9583,#2219);
#1625=LINE('',#9606,#2220);
#1626=LINE('',#9629,#2221);
#1627=LINE('',#9652,#2222);
#1628=LINE('',#9675,#2223);
#1629=LINE('',#9698,#2224);
#1630=LINE('',#9721,#2225);
#1631=LINE('',#9744,#2226);
#1632=LINE('',#9767,#2227);
#1633=LINE('',#9790,#2228);
#1634=LINE('',#9813,#2229);
#1635=LINE('',#9836,#2230);
#1636=LINE('',#9859,#2231);
#1637=LINE('',#9882,#2232);
#1638=LINE('',#9905,#2233);
#1639=LINE('',#9928,#2234);
#1640=LINE('',#9930,#2235);
#1641=LINE('',#9931,#2236);
#1642=LINE('',#9936,#2237);
#1643=LINE('',#9938,#2238);
#1644=LINE('',#9940,#2239);
#1645=LINE('',#9941,#2240);
#1646=LINE('',#9944,#2241);
#1647=LINE('',#9946,#2242);
#1648=LINE('',#9947,#2243);
#1649=LINE('',#9950,#2244);
#1650=LINE('',#9952,#2245);
#1651=LINE('',#9953,#2246);
#1652=LINE('',#9956,#2247);
#1653=LINE('',#9958,#2248);
#1654=LINE('',#9959,#2249);
#1655=LINE('',#9962,#2250);
#1656=LINE('',#9964,#2251);
#1657=LINE('',#9965,#2252);
#1658=LINE('',#9968,#2253);
#1659=LINE('',#9970,#2254);
#1660=LINE('',#9971,#2255);
#1661=LINE('',#9974,#2256);
#1662=LINE('',#9976,#2257);
#1663=LINE('',#9977,#2258);
#1664=LINE('',#9980,#2259);
#1665=LINE('',#9982,#2260);
#1666=LINE('',#9983,#2261);
#1667=LINE('',#9986,#2262);
#1668=LINE('',#9988,#2263);
#1669=LINE('',#9989,#2264);
#1670=LINE('',#9991,#2265);
#1671=LINE('',#9992,#2266);
#1672=LINE('',#9997,#2267);
#1673=LINE('',#9999,#2268);
#1674=LINE('',#10001,#2269);
#1675=LINE('',#10002,#2270);
#1676=LINE('',#10005,#2271);
#1677=LINE('',#10007,#2272);
#1678=LINE('',#10008,#2273);
#1679=LINE('',#10031,#2274);
#1680=LINE('',#10054,#2275);
#1681=LINE('',#10077,#2276);
#1682=LINE('',#10100,#2277);
#1683=LINE('',#10123,#2278);
#1684=LINE('',#10146,#2279);
#1685=LINE('',#10169,#2280);
#1686=LINE('',#10192,#2281);
#1687=LINE('',#10215,#2282);
#1688=LINE('',#10238,#2283);
#1689=LINE('',#10261,#2284);
#1690=LINE('',#10284,#2285);
#1691=LINE('',#10307,#2286);
#1692=LINE('',#10330,#2287);
#1693=LINE('',#10333,#2288);
#1694=LINE('',#10335,#2289);
#1695=LINE('',#10336,#2290);
#1696=LINE('',#10339,#2291);
#1697=LINE('',#10341,#2292);
#1698=LINE('',#10342,#2293);
#1699=LINE('',#10345,#2294);
#1700=LINE('',#10347,#2295);
#1701=LINE('',#10348,#2296);
#1702=LINE('',#10371,#2297);
#1703=LINE('',#10394,#2298);
#1704=LINE('',#10417,#2299);
#1705=LINE('',#10440,#2300);
#1706=LINE('',#10463,#2301);
#1707=LINE('',#10486,#2302);
#1708=LINE('',#10509,#2303);
#1709=LINE('',#10532,#2304);
#1710=LINE('',#10555,#2305);
#1711=LINE('',#10578,#2306);
#1712=LINE('',#10601,#2307);
#1713=LINE('',#10624,#2308);
#1714=LINE('',#10647,#2309);
#1715=LINE('',#10670,#2310);
#1716=LINE('',#10693,#2311);
#1717=LINE('',#10695,#2312);
#1718=LINE('',#10696,#2313);
#1719=LINE('',#10701,#2314);
#1720=LINE('',#10703,#2315);
#1721=LINE('',#10705,#2316);
#1722=LINE('',#10706,#2317);
#1723=LINE('',#10709,#2318);
#1724=LINE('',#10711,#2319);
#1725=LINE('',#10712,#2320);
#1726=LINE('',#10735,#2321);
#1727=LINE('',#10758,#2322);
#1728=LINE('',#10781,#2323);
#1729=LINE('',#10804,#2324);
#1730=LINE('',#10827,#2325);
#1731=LINE('',#10850,#2326);
#1732=LINE('',#10873,#2327);
#1733=LINE('',#10896,#2328);
#1734=LINE('',#10919,#2329);
#1735=LINE('',#10942,#2330);
#1736=LINE('',#10965,#2331);
#1737=LINE('',#10988,#2332);
#1738=LINE('',#11011,#2333);
#1739=LINE('',#11034,#2334);
#1740=LINE('',#11037,#2335);
#1741=LINE('',#11039,#2336);
#1742=LINE('',#11040,#2337);
#1743=LINE('',#11043,#2338);
#1744=LINE('',#11045,#2339);
#1745=LINE('',#11046,#2340);
#1746=LINE('',#11049,#2341);
#1747=LINE('',#11051,#2342);
#1748=LINE('',#11052,#2343);
#1749=LINE('',#11075,#2344);
#1750=LINE('',#11098,#2345);
#1751=LINE('',#11121,#2346);
#1752=LINE('',#11144,#2347);
#1753=LINE('',#11167,#2348);
#1754=LINE('',#11190,#2349);
#1755=LINE('',#11213,#2350);
#1756=LINE('',#11236,#2351);
#1757=LINE('',#11259,#2352);
#1758=LINE('',#11282,#2353);
#1759=LINE('',#11305,#2354);
#1760=LINE('',#11328,#2355);
#1761=LINE('',#11351,#2356);
#1762=LINE('',#11374,#2357);
#1763=LINE('',#11397,#2358);
#1764=LINE('',#11399,#2359);
#1765=LINE('',#11400,#2360);
#1766=LINE('',#11405,#2361);
#1767=LINE('',#11407,#2362);
#1768=LINE('',#11409,#2363);
#1769=LINE('',#11410,#2364);
#1770=LINE('',#11433,#2365);
#1771=LINE('',#11456,#2366);
#1772=LINE('',#11459,#2367);
#1773=LINE('',#11461,#2368);
#1774=LINE('',#11462,#2369);
#1775=LINE('',#11485,#2370);
#1776=LINE('',#11509,#2371);
#1777=LINE('',#11511,#2372);
#1778=LINE('',#11513,#2373);
#1779=LINE('',#11514,#2374);
#1780=LINE('',#11537,#2375);
#1781=LINE('',#11560,#2376);
#1782=LINE('',#11583,#2377);
#1783=LINE('',#11606,#2378);
#1784=LINE('',#11629,#2379);
#1785=LINE('',#11652,#2380);
#1786=LINE('',#11675,#2381);
#1787=LINE('',#11698,#2382);
#1788=LINE('',#11701,#2383);
#1789=LINE('',#11703,#2384);
#1790=LINE('',#11704,#2385);
#1791=LINE('',#11707,#2386);
#1792=LINE('',#11709,#2387);
#1793=LINE('',#11710,#2388);
#1794=LINE('',#11713,#2389);
#1795=LINE('',#11715,#2390);
#1796=LINE('',#11716,#2391);
#1797=LINE('',#11739,#2392);
#1798=LINE('',#11762,#2393);
#1799=LINE('',#11765,#2394);
#1800=LINE('',#11767,#2395);
#1801=LINE('',#11768,#2396);
#1802=LINE('',#11771,#2397);
#1803=LINE('',#11773,#2398);
#1804=LINE('',#11774,#2399);
#1805=LINE('',#11776,#2400);
#1806=LINE('',#11777,#2401);
#1807=LINE('',#11782,#2402);
#1808=LINE('',#11786,#2403);
#1809=LINE('',#11790,#2404);
#1810=LINE('',#11794,#2405);
#1811=LINE('',#11800,#2406);
#1812=LINE('',#11891,#2407);
#1813=LINE('',#11895,#2408);
#1814=LINE('',#11983,#2409);
#1815=LINE('',#11996,#2410);
#1816=LINE('',#11998,#2411);
#1817=LINE('',#12000,#2412);
#1818=LINE('',#12001,#2413);
#1819=LINE('',#12004,#2414);
#1820=LINE('',#12006,#2415);
#1821=LINE('',#12007,#2416);
#1822=LINE('',#12010,#2417);
#1823=LINE('',#12012,#2418);
#1824=LINE('',#12013,#2419);
#1825=LINE('',#12015,#2420);
#1826=LINE('',#12016,#2421);
#1827=LINE('',#12032,#2422);
#1828=LINE('',#12036,#2423);
#1829=LINE('',#12040,#2424);
#1830=LINE('',#12044,#2425);
#1831=VECTOR('',#6545,10.);
#1832=VECTOR('',#6546,10.);
#1833=VECTOR('',#6547,10.);
#1834=VECTOR('',#6548,10.);
#1835=VECTOR('',#6551,10.);
#1836=VECTOR('',#6552,10.);
#1837=VECTOR('',#6553,10.);
#1838=VECTOR('',#6554,10.);
#1839=VECTOR('',#6555,10.);
#1840=VECTOR('',#6556,10.);
#1841=VECTOR('',#6557,10.);
#1842=VECTOR('',#6560,10.);
#1843=VECTOR('',#6561,10.);
#1844=VECTOR('',#6562,10.);
#1845=VECTOR('',#6563,10.);
#1846=VECTOR('',#6564,10.);
#1847=VECTOR('',#6565,10.);
#1848=VECTOR('',#6566,10.);
#1849=VECTOR('',#6569,10.);
#1850=VECTOR('',#6570,10.);
#1851=VECTOR('',#6571,10.);
#1852=VECTOR('',#6574,10.);
#1853=VECTOR('',#6575,10.);
#1854=VECTOR('',#6576,10.);
#1855=VECTOR('',#6579,10.);
#1856=VECTOR('',#6580,10.);
#1857=VECTOR('',#6581,10.);
#1858=VECTOR('',#6582,10.);
#1859=VECTOR('',#6583,10.);
#1860=VECTOR('',#6584,10.);
#1861=VECTOR('',#6585,10.);
#1862=VECTOR('',#6586,10.);
#1863=VECTOR('',#6587,10.);
#1864=VECTOR('',#6590,10.);
#1865=VECTOR('',#6591,10.);
#1866=VECTOR('',#6592,10.);
#1867=VECTOR('',#6593,10.);
#1868=VECTOR('',#6594,10.);
#1869=VECTOR('',#6595,10.);
#1870=VECTOR('',#6596,10.);
#1871=VECTOR('',#6597,10.);
#1872=VECTOR('',#6598,10.);
#1873=VECTOR('',#6599,10.);
#1874=VECTOR('',#6602,10.);
#1875=VECTOR('',#6603,10.);
#1876=VECTOR('',#6606,10.);
#1877=VECTOR('',#6607,10.);
#1878=VECTOR('',#6608,10.);
#1879=VECTOR('',#6611,10.);
#1880=VECTOR('',#6612,10.);
#1881=VECTOR('',#6615,10.);
#1882=VECTOR('',#6616,10.);
#1883=VECTOR('',#6617,10.);
#1884=VECTOR('',#6618,10.);
#1885=VECTOR('',#6621,10.);
#1886=VECTOR('',#6622,10.);
#1887=VECTOR('',#6623,10.);
#1888=VECTOR('',#6626,10.);
#1889=VECTOR('',#6627,10.);
#1890=VECTOR('',#6628,10.);
#1891=VECTOR('',#6631,10.);
#1892=VECTOR('',#6632,10.);
#1893=VECTOR('',#6633,10.);
#1894=VECTOR('',#6636,10.);
#1895=VECTOR('',#6637,10.);
#1896=VECTOR('',#6638,10.);
#1897=VECTOR('',#6641,10.);
#1898=VECTOR('',#6642,10.);
#1899=VECTOR('',#6643,10.);
#1900=VECTOR('',#6646,10.);
#1901=VECTOR('',#6647,10.);
#1902=VECTOR('',#6648,10.);
#1903=VECTOR('',#6651,10.);
#1904=VECTOR('',#6652,10.);
#1905=VECTOR('',#6659,10.);
#1906=VECTOR('',#6660,10.);
#1907=VECTOR('',#6661,10.);
#1908=VECTOR('',#6662,10.);
#1909=VECTOR('',#6665,10.);
#1910=VECTOR('',#6666,10.);
#1911=VECTOR('',#6667,10.);
#1912=VECTOR('',#6670,10.);
#1913=VECTOR('',#6671,10.);
#1914=VECTOR('',#6672,10.);
#1915=VECTOR('',#6675,10.);
#1916=VECTOR('',#6676,10.);
#1917=VECTOR('',#6677,10.);
#1918=VECTOR('',#6680,10.);
#1919=VECTOR('',#6681,10.);
#1920=VECTOR('',#6682,10.);
#1921=VECTOR('',#6685,10.);
#1922=VECTOR('',#6686,10.);
#1923=VECTOR('',#6687,10.);
#1924=VECTOR('',#6690,10.);
#1925=VECTOR('',#6691,10.);
#1926=VECTOR('',#6692,10.);
#1927=VECTOR('',#6695,10.);
#1928=VECTOR('',#6696,10.);
#1929=VECTOR('',#6697,10.);
#1930=VECTOR('',#6700,10.);
#1931=VECTOR('',#6701,10.);
#1932=VECTOR('',#6702,10.);
#1933=VECTOR('',#6705,10.);
#1934=VECTOR('',#6706,10.);
#1935=VECTOR('',#6707,10.);
#1936=VECTOR('',#6710,10.);
#1937=VECTOR('',#6711,10.);
#1938=VECTOR('',#6712,10.);
#1939=VECTOR('',#6715,10.);
#1940=VECTOR('',#6716,10.);
#1941=VECTOR('',#6721,10.);
#1942=VECTOR('',#6722,10.);
#1943=VECTOR('',#6723,10.);
#1944=VECTOR('',#6724,10.);
#1945=VECTOR('',#6727,10.);
#1946=VECTOR('',#6728,10.);
#1947=VECTOR('',#6729,10.);
#1948=VECTOR('',#6732,10.);
#1949=VECTOR('',#6733,10.);
#1950=VECTOR('',#6734,10.);
#1951=VECTOR('',#6737,10.);
#1952=VECTOR('',#6738,10.);
#1953=VECTOR('',#6739,10.);
#1954=VECTOR('',#6742,10.);
#1955=VECTOR('',#6743,10.);
#1956=VECTOR('',#6744,10.);
#1957=VECTOR('',#6747,10.);
#1958=VECTOR('',#6748,10.);
#1959=VECTOR('',#6749,10.);
#1960=VECTOR('',#6752,10.);
#1961=VECTOR('',#6753,10.);
#1962=VECTOR('',#6754,10.);
#1963=VECTOR('',#6757,10.);
#1964=VECTOR('',#6758,10.);
#1965=VECTOR('',#6759,10.);
#1966=VECTOR('',#6762,10.);
#1967=VECTOR('',#6763,10.);
#1968=VECTOR('',#6764,10.);
#1969=VECTOR('',#6767,10.);
#1970=VECTOR('',#6768,10.);
#1971=VECTOR('',#6769,10.);
#1972=VECTOR('',#6772,10.);
#1973=VECTOR('',#6773,10.);
#1974=VECTOR('',#6774,10.);
#1975=VECTOR('',#6777,10.);
#1976=VECTOR('',#6778,10.);
#1977=VECTOR('',#6783,10.);
#1978=VECTOR('',#6784,10.);
#1979=VECTOR('',#6785,10.);
#1980=VECTOR('',#6786,10.);
#1981=VECTOR('',#6789,10.);
#1982=VECTOR('',#6790,10.);
#1983=VECTOR('',#6791,10.);
#1984=VECTOR('',#6794,10.);
#1985=VECTOR('',#6795,10.);
#1986=VECTOR('',#6796,10.);
#1987=VECTOR('',#6797,10.);
#1988=VECTOR('',#6798,10.);
#1989=VECTOR('',#6799,10.);
#1990=VECTOR('',#6802,10.);
#1991=VECTOR('',#6803,10.);
#1992=VECTOR('',#6804,10.);
#1993=VECTOR('',#6807,10.);
#1994=VECTOR('',#6808,10.);
#1995=VECTOR('',#6809,10.);
#1996=VECTOR('',#6810,10.);
#1997=VECTOR('',#6813,10.);
#1998=VECTOR('',#6814,10.);
#1999=VECTOR('',#6819,10.);
#2000=VECTOR('',#6820,10.);
#2001=VECTOR('',#6821,10.);
#2002=VECTOR('',#6822,10.);
#2003=VECTOR('',#6825,10.);
#2004=VECTOR('',#6826,10.);
#2005=VECTOR('',#6827,10.);
#2006=VECTOR('',#6830,10.);
#2007=VECTOR('',#6831,10.);
#2008=VECTOR('',#6832,10.);
#2009=VECTOR('',#6835,10.);
#2010=VECTOR('',#6836,10.);
#2011=VECTOR('',#6837,10.);
#2012=VECTOR('',#6840,10.);
#2013=VECTOR('',#6841,10.);
#2014=VECTOR('',#6842,10.);
#2015=VECTOR('',#6845,10.);
#2016=VECTOR('',#6846,10.);
#2017=VECTOR('',#6847,10.);
#2018=VECTOR('',#6850,10.);
#2019=VECTOR('',#6851,10.);
#2020=VECTOR('',#6852,10.);
#2021=VECTOR('',#6855,10.);
#2022=VECTOR('',#6856,10.);
#2023=VECTOR('',#6857,10.);
#2024=VECTOR('',#6860,10.);
#2025=VECTOR('',#6861,10.);
#2026=VECTOR('',#6862,10.);
#2027=VECTOR('',#6865,10.);
#2028=VECTOR('',#6866,10.);
#2029=VECTOR('',#6867,10.);
#2030=VECTOR('',#6870,10.);
#2031=VECTOR('',#6871,10.);
#2032=VECTOR('',#6872,10.);
#2033=VECTOR('',#6875,10.);
#2034=VECTOR('',#6876,10.);
#2035=VECTOR('',#6879,10.);
#2036=VECTOR('',#6880,10.);
#2037=VECTOR('',#6881,10.);
#2038=VECTOR('',#6884,10.);
#2039=VECTOR('',#6885,10.);
#2040=VECTOR('',#6888,10.);
#2041=VECTOR('',#6889,10.);
#2042=VECTOR('',#6890,10.);
#2043=VECTOR('',#6891,10.);
#2044=VECTOR('',#6894,10.);
#2045=VECTOR('',#6895,10.);
#2046=VECTOR('',#6896,10.);
#2047=VECTOR('',#6899,10.);
#2048=VECTOR('',#6900,10.);
#2049=VECTOR('',#6901,10.);
#2050=VECTOR('',#6904,10.);
#2051=VECTOR('',#6905,10.);
#2052=VECTOR('',#6906,10.);
#2053=VECTOR('',#6909,10.);
#2054=VECTOR('',#6910,10.);
#2055=VECTOR('',#6911,10.);
#2056=VECTOR('',#6914,10.);
#2057=VECTOR('',#6915,10.);
#2058=VECTOR('',#6916,10.);
#2059=VECTOR('',#6919,10.);
#2060=VECTOR('',#6920,10.);
#2061=VECTOR('',#6921,10.);
#2062=VECTOR('',#6924,10.);
#2063=VECTOR('',#6925,10.);
#2064=VECTOR('',#6932,10.);
#2065=VECTOR('',#6933,10.);
#2066=VECTOR('',#6934,10.);
#2067=VECTOR('',#6935,10.);
#2068=VECTOR('',#6938,10.);
#2069=VECTOR('',#6939,10.);
#2070=VECTOR('',#6940,10.);
#2071=VECTOR('',#6943,10.);
#2072=VECTOR('',#6944,10.);
#2073=VECTOR('',#6945,10.);
#2074=VECTOR('',#6948,10.);
#2075=VECTOR('',#6949,10.);
#2076=VECTOR('',#6950,10.);
#2077=VECTOR('',#6953,10.);
#2078=VECTOR('',#6954,10.);
#2079=VECTOR('',#6955,10.);
#2080=VECTOR('',#6958,10.);
#2081=VECTOR('',#6959,10.);
#2082=VECTOR('',#6960,10.);
#2083=VECTOR('',#6963,10.);
#2084=VECTOR('',#6964,10.);
#2085=VECTOR('',#6965,10.);
#2086=VECTOR('',#6968,10.);
#2087=VECTOR('',#6969,10.);
#2088=VECTOR('',#6970,10.);
#2089=VECTOR('',#6973,10.);
#2090=VECTOR('',#6974,10.);
#2091=VECTOR('',#6975,10.);
#2092=VECTOR('',#6978,10.);
#2093=VECTOR('',#6979,10.);
#2094=VECTOR('',#6980,10.);
#2095=VECTOR('',#6983,10.);
#2096=VECTOR('',#6984,10.);
#2097=VECTOR('',#6989,10.);
#2098=VECTOR('',#6990,10.);
#2099=VECTOR('',#6991,10.);
#2100=VECTOR('',#6992,10.);
#2101=VECTOR('',#6995,10.);
#2102=VECTOR('',#6996,10.);
#2103=VECTOR('',#6997,10.);
#2104=VECTOR('',#7000,10.);
#2105=VECTOR('',#7001,10.);
#2106=VECTOR('',#7002,10.);
#2107=VECTOR('',#7005,10.);
#2108=VECTOR('',#7006,10.);
#2109=VECTOR('',#7011,10.);
#2110=VECTOR('',#7012,10.);
#2111=VECTOR('',#7013,10.);
#2112=VECTOR('',#7014,10.);
#2113=VECTOR('',#7015,10.);
#2114=VECTOR('',#7016,10.);
#2115=VECTOR('',#7019,10.);
#2116=VECTOR('',#7020,10.);
#2117=VECTOR('',#7021,10.);
#2118=VECTOR('',#7022,10.);
#2119=VECTOR('',#7025,10.);
#2120=VECTOR('',#7026,10.);
#2121=VECTOR('',#7027,10.);
#2122=VECTOR('',#7028,10.);
#2123=VECTOR('',#7029,10.);
#2124=VECTOR('',#7030,10.);
#2125=VECTOR('',#7031,10.);
#2126=VECTOR('',#7032,10.);
#2127=VECTOR('',#7033,10.);
#2128=VECTOR('',#7034,10.);
#2129=VECTOR('',#7035,10.);
#2130=VECTOR('',#7036,10.);
#2131=VECTOR('',#7039,10.);
#2132=VECTOR('',#7040,10.);
#2133=VECTOR('',#7041,10.);
#2134=VECTOR('',#7044,10.);
#2135=VECTOR('',#7045,10.);
#2136=VECTOR('',#7046,10.);
#2137=VECTOR('',#7049,10.);
#2138=VECTOR('',#7050,10.);
#2139=VECTOR('',#7051,10.);
#2140=VECTOR('',#7052,10.);
#2141=VECTOR('',#7053,10.);
#2142=VECTOR('',#7056,10.);
#2143=VECTOR('',#7057,10.);
#2144=VECTOR('',#7058,10.);
#2145=VECTOR('',#7061,10.);
#2146=VECTOR('',#7062,10.);
#2147=VECTOR('',#7063,10.);
#2148=VECTOR('',#7066,10.);
#2149=VECTOR('',#7067,10.);
#2150=VECTOR('',#7074,10.);
#2151=VECTOR('',#7075,10.);
#2152=VECTOR('',#7076,10.);
#2153=VECTOR('',#7077,10.);
#2154=VECTOR('',#7080,10.);
#2155=VECTOR('',#7081,10.);
#2156=VECTOR('',#7082,10.);
#2157=VECTOR('',#7085,10.);
#2158=VECTOR('',#7086,10.);
#2159=VECTOR('',#7087,10.);
#2160=VECTOR('',#7090,10.);
#2161=VECTOR('',#7091,10.);
#2162=VECTOR('',#7092,10.);
#2163=VECTOR('',#7095,10.);
#2164=VECTOR('',#7096,10.);
#2165=VECTOR('',#7097,10.);
#2166=VECTOR('',#7100,10.);
#2167=VECTOR('',#7101,10.);
#2168=VECTOR('',#7102,10.);
#2169=VECTOR('',#7105,10.);
#2170=VECTOR('',#7106,10.);
#2171=VECTOR('',#7107,10.);
#2172=VECTOR('',#7110,10.);
#2173=VECTOR('',#7111,10.);
#2174=VECTOR('',#7112,10.);
#2175=VECTOR('',#7115,10.);
#2176=VECTOR('',#7116,10.);
#2177=VECTOR('',#7117,10.);
#2178=VECTOR('',#7120,10.);
#2179=VECTOR('',#7121,10.);
#2180=VECTOR('',#7122,10.);
#2181=VECTOR('',#7123,10.);
#2182=VECTOR('',#7126,10.);
#2183=VECTOR('',#7127,10.);
#2184=VECTOR('',#7128,10.);
#2185=VECTOR('',#7131,10.);
#2186=VECTOR('',#7132,10.);
#2187=VECTOR('',#7133,10.);
#2188=VECTOR('',#7136,10.);
#2189=VECTOR('',#7137,10.);
#2190=VECTOR('',#7142,10.);
#2191=VECTOR('',#7143,10.);
#2192=VECTOR('',#7144,10.);
#2193=VECTOR('',#7145,10.);
#2194=VECTOR('',#7148,10.);
#2195=VECTOR('',#7149,10.);
#2196=VECTOR('',#7150,10.);
#2197=VECTOR('',#7151,10.);
#2198=VECTOR('',#7152,10.);
#2199=VECTOR('',#7153,10.);
#2200=VECTOR('',#7154,10.);
#2201=VECTOR('',#7155,10.);
#2202=VECTOR('',#7156,10.);
#2203=VECTOR('',#7157,10.);
#2204=VECTOR('',#7158,10.);
#2205=VECTOR('',#7159,10.);
#2206=VECTOR('',#7160,10.);
#2207=VECTOR('',#7161,10.);
#2208=VECTOR('',#7162,10.);
#2209=VECTOR('',#7163,10.);
#2210=VECTOR('',#7164,10.);
#2211=VECTOR('',#7167,10.);
#2212=VECTOR('',#7168,10.);
#2213=VECTOR('',#7169,10.);
#2214=VECTOR('',#7172,10.);
#2215=VECTOR('',#7173,10.);
#2216=VECTOR('',#7174,10.);
#2217=VECTOR('',#7177,10.);
#2218=VECTOR('',#7178,10.);
#2219=VECTOR('',#7179,10.);
#2220=VECTOR('',#7180,10.);
#2221=VECTOR('',#7181,10.);
#2222=VECTOR('',#7182,10.);
#2223=VECTOR('',#7183,10.);
#2224=VECTOR('',#7184,10.);
#2225=VECTOR('',#7185,10.);
#2226=VECTOR('',#7186,10.);
#2227=VECTOR('',#7187,10.);
#2228=VECTOR('',#7188,10.);
#2229=VECTOR('',#7189,10.);
#2230=VECTOR('',#7190,10.);
#2231=VECTOR('',#7191,10.);
#2232=VECTOR('',#7192,10.);
#2233=VECTOR('',#7193,10.);
#2234=VECTOR('',#7194,10.);
#2235=VECTOR('',#7197,10.);
#2236=VECTOR('',#7198,10.);
#2237=VECTOR('',#7203,10.);
#2238=VECTOR('',#7204,10.);
#2239=VECTOR('',#7205,10.);
#2240=VECTOR('',#7206,10.);
#2241=VECTOR('',#7209,10.);
#2242=VECTOR('',#7210,10.);
#2243=VECTOR('',#7211,10.);
#2244=VECTOR('',#7214,10.);
#2245=VECTOR('',#7215,10.);
#2246=VECTOR('',#7216,10.);
#2247=VECTOR('',#7219,10.);
#2248=VECTOR('',#7220,10.);
#2249=VECTOR('',#7221,10.);
#2250=VECTOR('',#7224,10.);
#2251=VECTOR('',#7225,10.);
#2252=VECTOR('',#7226,10.);
#2253=VECTOR('',#7229,10.);
#2254=VECTOR('',#7230,10.);
#2255=VECTOR('',#7231,10.);
#2256=VECTOR('',#7234,10.);
#2257=VECTOR('',#7235,10.);
#2258=VECTOR('',#7236,10.);
#2259=VECTOR('',#7239,10.);
#2260=VECTOR('',#7240,10.);
#2261=VECTOR('',#7241,10.);
#2262=VECTOR('',#7244,10.);
#2263=VECTOR('',#7245,10.);
#2264=VECTOR('',#7246,10.);
#2265=VECTOR('',#7249,10.);
#2266=VECTOR('',#7250,10.);
#2267=VECTOR('',#7255,10.);
#2268=VECTOR('',#7256,10.);
#2269=VECTOR('',#7257,10.);
#2270=VECTOR('',#7258,10.);
#2271=VECTOR('',#7261,10.);
#2272=VECTOR('',#7262,10.);
#2273=VECTOR('',#7263,10.);
#2274=VECTOR('',#7264,10.);
#2275=VECTOR('',#7265,10.);
#2276=VECTOR('',#7266,10.);
#2277=VECTOR('',#7267,10.);
#2278=VECTOR('',#7268,10.);
#2279=VECTOR('',#7269,10.);
#2280=VECTOR('',#7270,10.);
#2281=VECTOR('',#7271,10.);
#2282=VECTOR('',#7272,10.);
#2283=VECTOR('',#7273,10.);
#2284=VECTOR('',#7274,10.);
#2285=VECTOR('',#7275,10.);
#2286=VECTOR('',#7276,10.);
#2287=VECTOR('',#7277,10.);
#2288=VECTOR('',#7280,10.);
#2289=VECTOR('',#7281,10.);
#2290=VECTOR('',#7282,10.);
#2291=VECTOR('',#7285,10.);
#2292=VECTOR('',#7286,10.);
#2293=VECTOR('',#7287,10.);
#2294=VECTOR('',#7290,10.);
#2295=VECTOR('',#7291,10.);
#2296=VECTOR('',#7292,10.);
#2297=VECTOR('',#7293,10.);
#2298=VECTOR('',#7294,10.);
#2299=VECTOR('',#7295,10.);
#2300=VECTOR('',#7296,10.);
#2301=VECTOR('',#7297,10.);
#2302=VECTOR('',#7298,10.);
#2303=VECTOR('',#7299,10.);
#2304=VECTOR('',#7300,10.);
#2305=VECTOR('',#7301,10.);
#2306=VECTOR('',#7302,10.);
#2307=VECTOR('',#7303,10.);
#2308=VECTOR('',#7304,10.);
#2309=VECTOR('',#7305,10.);
#2310=VECTOR('',#7306,10.);
#2311=VECTOR('',#7307,10.);
#2312=VECTOR('',#7310,10.);
#2313=VECTOR('',#7311,10.);
#2314=VECTOR('',#7316,10.);
#2315=VECTOR('',#7317,10.);
#2316=VECTOR('',#7318,10.);
#2317=VECTOR('',#7319,10.);
#2318=VECTOR('',#7322,10.);
#2319=VECTOR('',#7323,10.);
#2320=VECTOR('',#7324,10.);
#2321=VECTOR('',#7325,10.);
#2322=VECTOR('',#7326,10.);
#2323=VECTOR('',#7327,10.);
#2324=VECTOR('',#7328,10.);
#2325=VECTOR('',#7329,10.);
#2326=VECTOR('',#7330,10.);
#2327=VECTOR('',#7331,10.);
#2328=VECTOR('',#7332,10.);
#2329=VECTOR('',#7333,10.);
#2330=VECTOR('',#7334,10.);
#2331=VECTOR('',#7335,10.);
#2332=VECTOR('',#7336,10.);
#2333=VECTOR('',#7337,10.);
#2334=VECTOR('',#7338,10.);
#2335=VECTOR('',#7341,10.);
#2336=VECTOR('',#7342,10.);
#2337=VECTOR('',#7343,10.);
#2338=VECTOR('',#7346,10.);
#2339=VECTOR('',#7347,10.);
#2340=VECTOR('',#7348,10.);
#2341=VECTOR('',#7351,10.);
#2342=VECTOR('',#7352,10.);
#2343=VECTOR('',#7353,10.);
#2344=VECTOR('',#7354,10.);
#2345=VECTOR('',#7355,10.);
#2346=VECTOR('',#7356,10.);
#2347=VECTOR('',#7357,10.);
#2348=VECTOR('',#7358,10.);
#2349=VECTOR('',#7359,10.);
#2350=VECTOR('',#7360,10.);
#2351=VECTOR('',#7361,10.);
#2352=VECTOR('',#7362,10.);
#2353=VECTOR('',#7363,10.);
#2354=VECTOR('',#7364,10.);
#2355=VECTOR('',#7365,10.);
#2356=VECTOR('',#7366,10.);
#2357=VECTOR('',#7367,10.);
#2358=VECTOR('',#7368,10.);
#2359=VECTOR('',#7371,10.);
#2360=VECTOR('',#7372,10.);
#2361=VECTOR('',#7377,10.);
#2362=VECTOR('',#7378,10.);
#2363=VECTOR('',#7379,10.);
#2364=VECTOR('',#7380,10.);
#2365=VECTOR('',#7381,10.);
#2366=VECTOR('',#7382,10.);
#2367=VECTOR('',#7385,10.);
#2368=VECTOR('',#7386,10.);
#2369=VECTOR('',#7387,10.);
#2370=VECTOR('',#7388,10.);
#2371=VECTOR('',#7391,10.);
#2372=VECTOR('',#7392,10.);
#2373=VECTOR('',#7393,10.);
#2374=VECTOR('',#7394,10.);
#2375=VECTOR('',#7395,10.);
#2376=VECTOR('',#7396,10.);
#2377=VECTOR('',#7397,10.);
#2378=VECTOR('',#7398,10.);
#2379=VECTOR('',#7399,10.);
#2380=VECTOR('',#7400,10.);
#2381=VECTOR('',#7401,10.);
#2382=VECTOR('',#7402,10.);
#2383=VECTOR('',#7405,10.);
#2384=VECTOR('',#7406,10.);
#2385=VECTOR('',#7407,10.);
#2386=VECTOR('',#7410,10.);
#2387=VECTOR('',#7411,10.);
#2388=VECTOR('',#7412,10.);
#2389=VECTOR('',#7415,10.);
#2390=VECTOR('',#7416,10.);
#2391=VECTOR('',#7417,10.);
#2392=VECTOR('',#7418,10.);
#2393=VECTOR('',#7419,10.);
#2394=VECTOR('',#7422,10.);
#2395=VECTOR('',#7423,10.);
#2396=VECTOR('',#7424,10.);
#2397=VECTOR('',#7427,10.);
#2398=VECTOR('',#7428,10.);
#2399=VECTOR('',#7429,10.);
#2400=VECTOR('',#7432,10.);
#2401=VECTOR('',#7433,10.);
#2402=VECTOR('',#7438,20.);
#2403=VECTOR('',#7441,20.);
#2404=VECTOR('',#7444,20.);
#2405=VECTOR('',#7447,20.);
#2406=VECTOR('',#7454,10.);
#2407=VECTOR('',#7473,10.);
#2408=VECTOR('',#7478,10.);
#2409=VECTOR('',#7493,10.);
#2410=VECTOR('',#7514,10.);
#2411=VECTOR('',#7515,10.);
#2412=VECTOR('',#7516,10.);
#2413=VECTOR('',#7517,10.);
#2414=VECTOR('',#7520,10.);
#2415=VECTOR('',#7521,10.);
#2416=VECTOR('',#7522,10.);
#2417=VECTOR('',#7525,10.);
#2418=VECTOR('',#7526,10.);
#2419=VECTOR('',#7527,10.);
#2420=VECTOR('',#7530,10.);
#2421=VECTOR('',#7531,10.);
#2422=VECTOR('',#7552,2.5);
#2423=VECTOR('',#7557,2.49999999999998);
#2424=VECTOR('',#7562,2.5);
#2425=VECTOR('',#7567,2.5);
#2426=VERTEX_POINT('',#7574);
#2427=VERTEX_POINT('',#7575);
#2428=VERTEX_POINT('',#7577);
#2429=VERTEX_POINT('',#7579);
#2430=VERTEX_POINT('',#7583);
#2431=VERTEX_POINT('',#7585);
#2432=VERTEX_POINT('',#7598);
#2433=VERTEX_POINT('',#7604);
#2434=VERTEX_POINT('',#7621);
#2435=VERTEX_POINT('',#7627);
#2436=VERTEX_POINT('',#7644);
#2437=VERTEX_POINT('',#7650);
#2438=VERTEX_POINT('',#7667);
#2439=VERTEX_POINT('',#7673);
#2440=VERTEX_POINT('',#7681);
#2441=VERTEX_POINT('',#7683);
#2442=VERTEX_POINT('',#7696);
#2443=VERTEX_POINT('',#7702);
#2444=VERTEX_POINT('',#7719);
#2445=VERTEX_POINT('',#7725);
#2446=VERTEX_POINT('',#7742);
#2447=VERTEX_POINT('',#7748);
#2448=VERTEX_POINT('',#7765);
#2449=VERTEX_POINT('',#7771);
#2450=VERTEX_POINT('',#7779);
#2451=VERTEX_POINT('',#7781);
#2452=VERTEX_POINT('',#7785);
#2453=VERTEX_POINT('',#7787);
#2454=VERTEX_POINT('',#7791);
#2455=VERTEX_POINT('',#7793);
#2456=VERTEX_POINT('',#7806);
#2457=VERTEX_POINT('',#7812);
#2458=VERTEX_POINT('',#7829);
#2459=VERTEX_POINT('',#7835);
#2460=VERTEX_POINT('',#7852);
#2461=VERTEX_POINT('',#7858);
#2462=VERTEX_POINT('',#7875);
#2463=VERTEX_POINT('',#7881);
#2464=VERTEX_POINT('',#7898);
#2465=VERTEX_POINT('',#7904);
#2466=VERTEX_POINT('',#7921);
#2467=VERTEX_POINT('',#7927);
#2468=VERTEX_POINT('',#7935);
#2469=VERTEX_POINT('',#7937);
#2470=VERTEX_POINT('',#7950);
#2471=VERTEX_POINT('',#7956);
#2472=VERTEX_POINT('',#7973);
#2473=VERTEX_POINT('',#7979);
#2474=VERTEX_POINT('',#7996);
#2475=VERTEX_POINT('',#8002);
#2476=VERTEX_POINT('',#8019);
#2477=VERTEX_POINT('',#8025);
#2478=VERTEX_POINT('',#8042);
#2479=VERTEX_POINT('',#8048);
#2480=VERTEX_POINT('',#8065);
#2481=VERTEX_POINT('',#8071);
#2482=VERTEX_POINT('',#8088);
#2483=VERTEX_POINT('',#8094);
#2484=VERTEX_POINT('',#8115);
#2485=VERTEX_POINT('',#8116);
#2486=VERTEX_POINT('',#8122);
#2487=VERTEX_POINT('',#8124);
#2488=VERTEX_POINT('',#8141);
#2489=VERTEX_POINT('',#8147);
#2490=VERTEX_POINT('',#8158);
#2491=VERTEX_POINT('',#8159);
#2492=VERTEX_POINT('',#8161);
#2493=VERTEX_POINT('',#8163);
#2494=VERTEX_POINT('',#8167);
#2495=VERTEX_POINT('',#8169);
#2496=VERTEX_POINT('',#8173);
#2497=VERTEX_POINT('',#8175);
#2498=VERTEX_POINT('',#8179);
#2499=VERTEX_POINT('',#8181);
#2500=VERTEX_POINT('',#8185);
#2501=VERTEX_POINT('',#8187);
#2502=VERTEX_POINT('',#8191);
#2503=VERTEX_POINT('',#8193);
#2504=VERTEX_POINT('',#8197);
#2505=VERTEX_POINT('',#8199);
#2506=VERTEX_POINT('',#8208);
#2507=VERTEX_POINT('',#8209);
#2508=VERTEX_POINT('',#8211);
#2509=VERTEX_POINT('',#8213);
#2510=VERTEX_POINT('',#8217);
#2511=VERTEX_POINT('',#8219);
#2512=VERTEX_POINT('',#8223);
#2513=VERTEX_POINT('',#8225);
#2514=VERTEX_POINT('',#8229);
#2515=VERTEX_POINT('',#8231);
#2516=VERTEX_POINT('',#8235);
#2517=VERTEX_POINT('',#8237);
#2518=VERTEX_POINT('',#8241);
#2519=VERTEX_POINT('',#8243);
#2520=VERTEX_POINT('',#8247);
#2521=VERTEX_POINT('',#8249);
#2522=VERTEX_POINT('',#8253);
#2523=VERTEX_POINT('',#8255);
#2524=VERTEX_POINT('',#8259);
#2525=VERTEX_POINT('',#8261);
#2526=VERTEX_POINT('',#8265);
#2527=VERTEX_POINT('',#8267);
#2528=VERTEX_POINT('',#8271);
#2529=VERTEX_POINT('',#8273);
#2530=VERTEX_POINT('',#8281);
#2531=VERTEX_POINT('',#8282);
#2532=VERTEX_POINT('',#8284);
#2533=VERTEX_POINT('',#8286);
#2534=VERTEX_POINT('',#8290);
#2535=VERTEX_POINT('',#8292);
#2536=VERTEX_POINT('',#8296);
#2537=VERTEX_POINT('',#8298);
#2538=VERTEX_POINT('',#8302);
#2539=VERTEX_POINT('',#8304);
#2540=VERTEX_POINT('',#8308);
#2541=VERTEX_POINT('',#8310);
#2542=VERTEX_POINT('',#8314);
#2543=VERTEX_POINT('',#8316);
#2544=VERTEX_POINT('',#8320);
#2545=VERTEX_POINT('',#8322);
#2546=VERTEX_POINT('',#8326);
#2547=VERTEX_POINT('',#8328);
#2548=VERTEX_POINT('',#8332);
#2549=VERTEX_POINT('',#8334);
#2550=VERTEX_POINT('',#8338);
#2551=VERTEX_POINT('',#8340);
#2552=VERTEX_POINT('',#8344);
#2553=VERTEX_POINT('',#8346);
#2554=VERTEX_POINT('',#8354);
#2555=VERTEX_POINT('',#8355);
#2556=VERTEX_POINT('',#8357);
#2557=VERTEX_POINT('',#8359);
#2558=VERTEX_POINT('',#8363);
#2559=VERTEX_POINT('',#8365);
#2560=VERTEX_POINT('',#8369);
#2561=VERTEX_POINT('',#8371);
#2562=VERTEX_POINT('',#8384);
#2563=VERTEX_POINT('',#8390);
#2564=VERTEX_POINT('',#8407);
#2565=VERTEX_POINT('',#8413);
#2566=VERTEX_POINT('',#8430);
#2567=VERTEX_POINT('',#8436);
#2568=VERTEX_POINT('',#8444);
#2569=VERTEX_POINT('',#8446);
#2570=VERTEX_POINT('',#8450);
#2571=VERTEX_POINT('',#8452);
#2572=VERTEX_POINT('',#8465);
#2573=VERTEX_POINT('',#8471);
#2574=VERTEX_POINT('',#8483);
#2575=VERTEX_POINT('',#8484);
#2576=VERTEX_POINT('',#8486);
#2577=VERTEX_POINT('',#8488);
#2578=VERTEX_POINT('',#8492);
#2579=VERTEX_POINT('',#8494);
#2580=VERTEX_POINT('',#8498);
#2581=VERTEX_POINT('',#8500);
#2582=VERTEX_POINT('',#8504);
#2583=VERTEX_POINT('',#8506);
#2584=VERTEX_POINT('',#8510);
#2585=VERTEX_POINT('',#8512);
#2586=VERTEX_POINT('',#8516);
#2587=VERTEX_POINT('',#8518);
#2588=VERTEX_POINT('',#8522);
#2589=VERTEX_POINT('',#8524);
#2590=VERTEX_POINT('',#8528);
#2591=VERTEX_POINT('',#8530);
#2592=VERTEX_POINT('',#8534);
#2593=VERTEX_POINT('',#8536);
#2594=VERTEX_POINT('',#8540);
#2595=VERTEX_POINT('',#8542);
#2596=VERTEX_POINT('',#8546);
#2597=VERTEX_POINT('',#8548);
#2598=VERTEX_POINT('',#8565);
#2599=VERTEX_POINT('',#8566);
#2600=VERTEX_POINT('',#8572);
#2601=VERTEX_POINT('',#8574);
#2602=VERTEX_POINT('',#8591);
#2603=VERTEX_POINT('',#8597);
#2604=VERTEX_POINT('',#8608);
#2605=VERTEX_POINT('',#8609);
#2606=VERTEX_POINT('',#8611);
#2607=VERTEX_POINT('',#8613);
#2608=VERTEX_POINT('',#8617);
#2609=VERTEX_POINT('',#8619);
#2610=VERTEX_POINT('',#8623);
#2611=VERTEX_POINT('',#8625);
#2612=VERTEX_POINT('',#8629);
#2613=VERTEX_POINT('',#8631);
#2614=VERTEX_POINT('',#8635);
#2615=VERTEX_POINT('',#8637);
#2616=VERTEX_POINT('',#8641);
#2617=VERTEX_POINT('',#8643);
#2618=VERTEX_POINT('',#8647);
#2619=VERTEX_POINT('',#8649);
#2620=VERTEX_POINT('',#8658);
#2621=VERTEX_POINT('',#8659);
#2622=VERTEX_POINT('',#8661);
#2623=VERTEX_POINT('',#8663);
#2624=VERTEX_POINT('',#8667);
#2625=VERTEX_POINT('',#8669);
#2626=VERTEX_POINT('',#8673);
#2627=VERTEX_POINT('',#8675);
#2628=VERTEX_POINT('',#8679);
#2629=VERTEX_POINT('',#8681);
#2630=VERTEX_POINT('',#8685);
#2631=VERTEX_POINT('',#8687);
#2632=VERTEX_POINT('',#8691);
#2633=VERTEX_POINT('',#8693);
#2634=VERTEX_POINT('',#8697);
#2635=VERTEX_POINT('',#8699);
#2636=VERTEX_POINT('',#8703);
#2637=VERTEX_POINT('',#8705);
#2638=VERTEX_POINT('',#8709);
#2639=VERTEX_POINT('',#8711);
#2640=VERTEX_POINT('',#8715);
#2641=VERTEX_POINT('',#8717);
#2642=VERTEX_POINT('',#8725);
#2643=VERTEX_POINT('',#8726);
#2644=VERTEX_POINT('',#8728);
#2645=VERTEX_POINT('',#8730);
#2646=VERTEX_POINT('',#8734);
#2647=VERTEX_POINT('',#8736);
#2648=VERTEX_POINT('',#8740);
#2649=VERTEX_POINT('',#8742);
#2650=VERTEX_POINT('',#8750);
#2651=VERTEX_POINT('',#8751);
#2652=VERTEX_POINT('',#8753);
#2653=VERTEX_POINT('',#8755);
#2654=VERTEX_POINT('',#8768);
#2655=VERTEX_POINT('',#8774);
#2656=VERTEX_POINT('',#8791);
#2657=VERTEX_POINT('',#8797);
#2658=VERTEX_POINT('',#8805);
#2659=VERTEX_POINT('',#8807);
#2660=VERTEX_POINT('',#8820);
#2661=VERTEX_POINT('',#8826);
#2662=VERTEX_POINT('',#8854);
#2663=VERTEX_POINT('',#8855);
#2664=VERTEX_POINT('',#8857);
#2665=VERTEX_POINT('',#8859);
#2666=VERTEX_POINT('',#8872);
#2667=VERTEX_POINT('',#8878);
#2668=VERTEX_POINT('',#8895);
#2669=VERTEX_POINT('',#8901);
#2670=VERTEX_POINT('',#8918);
#2671=VERTEX_POINT('',#8924);
#2672=VERTEX_POINT('',#8941);
#2673=VERTEX_POINT('',#8947);
#2674=VERTEX_POINT('',#8964);
#2675=VERTEX_POINT('',#8970);
#2676=VERTEX_POINT('',#8987);
#2677=VERTEX_POINT('',#8993);
#2678=VERTEX_POINT('',#9010);
#2679=VERTEX_POINT('',#9016);
#2680=VERTEX_POINT('',#9033);
#2681=VERTEX_POINT('',#9039);
#2682=VERTEX_POINT('',#9047);
#2683=VERTEX_POINT('',#9049);
#2684=VERTEX_POINT('',#9053);
#2685=VERTEX_POINT('',#9055);
#2686=VERTEX_POINT('',#9059);
#2687=VERTEX_POINT('',#9061);
#2688=VERTEX_POINT('',#9074);
#2689=VERTEX_POINT('',#9080);
#2690=VERTEX_POINT('',#9097);
#2691=VERTEX_POINT('',#9103);
#2692=VERTEX_POINT('',#9111);
#2693=VERTEX_POINT('',#9113);
#2694=VERTEX_POINT('',#9117);
#2695=VERTEX_POINT('',#9119);
#2696=VERTEX_POINT('',#9128);
#2697=VERTEX_POINT('',#9129);
#2698=VERTEX_POINT('',#9131);
#2699=VERTEX_POINT('',#9133);
#2700=VERTEX_POINT('',#9137);
#2701=VERTEX_POINT('',#9139);
#2702=VERTEX_POINT('',#9143);
#2703=VERTEX_POINT('',#9145);
#2704=VERTEX_POINT('',#9149);
#2705=VERTEX_POINT('',#9151);
#2706=VERTEX_POINT('',#9155);
#2707=VERTEX_POINT('',#9157);
#2708=VERTEX_POINT('',#9161);
#2709=VERTEX_POINT('',#9163);
#2710=VERTEX_POINT('',#9167);
#2711=VERTEX_POINT('',#9169);
#2712=VERTEX_POINT('',#9173);
#2713=VERTEX_POINT('',#9175);
#2714=VERTEX_POINT('',#9179);
#2715=VERTEX_POINT('',#9181);
#2716=VERTEX_POINT('',#9185);
#2717=VERTEX_POINT('',#9187);
#2718=VERTEX_POINT('',#9200);
#2719=VERTEX_POINT('',#9206);
#2720=VERTEX_POINT('',#9214);
#2721=VERTEX_POINT('',#9216);
#2722=VERTEX_POINT('',#9220);
#2723=VERTEX_POINT('',#9222);
#2724=VERTEX_POINT('',#9230);
#2725=VERTEX_POINT('',#9231);
#2726=VERTEX_POINT('',#9233);
#2727=VERTEX_POINT('',#9235);
#2728=VERTEX_POINT('',#9239);
#2729=VERTEX_POINT('',#9241);
#2730=VERTEX_POINT('',#9254);
#2731=VERTEX_POINT('',#9260);
#2732=VERTEX_POINT('',#9277);
#2733=VERTEX_POINT('',#9283);
#2734=VERTEX_POINT('',#9300);
#2735=VERTEX_POINT('',#9306);
#2736=VERTEX_POINT('',#9323);
#2737=VERTEX_POINT('',#9329);
#2738=VERTEX_POINT('',#9346);
#2739=VERTEX_POINT('',#9352);
#2740=VERTEX_POINT('',#9369);
#2741=VERTEX_POINT('',#9375);
#2742=VERTEX_POINT('',#9392);
#2743=VERTEX_POINT('',#9398);
#2744=VERTEX_POINT('',#9415);
#2745=VERTEX_POINT('',#9421);
#2746=VERTEX_POINT('',#9438);
#2747=VERTEX_POINT('',#9444);
#2748=VERTEX_POINT('',#9461);
#2749=VERTEX_POINT('',#9467);
#2750=VERTEX_POINT('',#9484);
#2751=VERTEX_POINT('',#9490);
#2752=VERTEX_POINT('',#9507);
#2753=VERTEX_POINT('',#9513);
#2754=VERTEX_POINT('',#9530);
#2755=VERTEX_POINT('',#9536);
#2756=VERTEX_POINT('',#9553);
#2757=VERTEX_POINT('',#9559);
#2758=VERTEX_POINT('',#9567);
#2759=VERTEX_POINT('',#9569);
#2760=VERTEX_POINT('',#9573);
#2761=VERTEX_POINT('',#9575);
#2762=VERTEX_POINT('',#9579);
#2763=VERTEX_POINT('',#9581);
#2764=VERTEX_POINT('',#9594);
#2765=VERTEX_POINT('',#9600);
#2766=VERTEX_POINT('',#9617);
#2767=VERTEX_POINT('',#9623);
#2768=VERTEX_POINT('',#9640);
#2769=VERTEX_POINT('',#9646);
#2770=VERTEX_POINT('',#9663);
#2771=VERTEX_POINT('',#9669);
#2772=VERTEX_POINT('',#9686);
#2773=VERTEX_POINT('',#9692);
#2774=VERTEX_POINT('',#9709);
#2775=VERTEX_POINT('',#9715);
#2776=VERTEX_POINT('',#9732);
#2777=VERTEX_POINT('',#9738);
#2778=VERTEX_POINT('',#9755);
#2779=VERTEX_POINT('',#9761);
#2780=VERTEX_POINT('',#9778);
#2781=VERTEX_POINT('',#9784);
#2782=VERTEX_POINT('',#9801);
#2783=VERTEX_POINT('',#9807);
#2784=VERTEX_POINT('',#9824);
#2785=VERTEX_POINT('',#9830);
#2786=VERTEX_POINT('',#9847);
#2787=VERTEX_POINT('',#9853);
#2788=VERTEX_POINT('',#9870);
#2789=VERTEX_POINT('',#9876);
#2790=VERTEX_POINT('',#9893);
#2791=VERTEX_POINT('',#9899);
#2792=VERTEX_POINT('',#9916);
#2793=VERTEX_POINT('',#9922);
#2794=VERTEX_POINT('',#9934);
#2795=VERTEX_POINT('',#9935);
#2796=VERTEX_POINT('',#9937);
#2797=VERTEX_POINT('',#9939);
#2798=VERTEX_POINT('',#9943);
#2799=VERTEX_POINT('',#9945);
#2800=VERTEX_POINT('',#9949);
#2801=VERTEX_POINT('',#9951);
#2802=VERTEX_POINT('',#9955);
#2803=VERTEX_POINT('',#9957);
#2804=VERTEX_POINT('',#9961);
#2805=VERTEX_POINT('',#9963);
#2806=VERTEX_POINT('',#9967);
#2807=VERTEX_POINT('',#9969);
#2808=VERTEX_POINT('',#9973);
#2809=VERTEX_POINT('',#9975);
#2810=VERTEX_POINT('',#9979);
#2811=VERTEX_POINT('',#9981);
#2812=VERTEX_POINT('',#9985);
#2813=VERTEX_POINT('',#9987);
#2814=VERTEX_POINT('',#9995);
#2815=VERTEX_POINT('',#9996);
#2816=VERTEX_POINT('',#9998);
#2817=VERTEX_POINT('',#10000);
#2818=VERTEX_POINT('',#10004);
#2819=VERTEX_POINT('',#10006);
#2820=VERTEX_POINT('',#10019);
#2821=VERTEX_POINT('',#10025);
#2822=VERTEX_POINT('',#10042);
#2823=VERTEX_POINT('',#10048);
#2824=VERTEX_POINT('',#10065);
#2825=VERTEX_POINT('',#10071);
#2826=VERTEX_POINT('',#10088);
#2827=VERTEX_POINT('',#10094);
#2828=VERTEX_POINT('',#10111);
#2829=VERTEX_POINT('',#10117);
#2830=VERTEX_POINT('',#10134);
#2831=VERTEX_POINT('',#10140);
#2832=VERTEX_POINT('',#10157);
#2833=VERTEX_POINT('',#10163);
#2834=VERTEX_POINT('',#10180);
#2835=VERTEX_POINT('',#10186);
#2836=VERTEX_POINT('',#10203);
#2837=VERTEX_POINT('',#10209);
#2838=VERTEX_POINT('',#10226);
#2839=VERTEX_POINT('',#10232);
#2840=VERTEX_POINT('',#10249);
#2841=VERTEX_POINT('',#10255);
#2842=VERTEX_POINT('',#10272);
#2843=VERTEX_POINT('',#10278);
#2844=VERTEX_POINT('',#10295);
#2845=VERTEX_POINT('',#10301);
#2846=VERTEX_POINT('',#10318);
#2847=VERTEX_POINT('',#10324);
#2848=VERTEX_POINT('',#10332);
#2849=VERTEX_POINT('',#10334);
#2850=VERTEX_POINT('',#10338);
#2851=VERTEX_POINT('',#10340);
#2852=VERTEX_POINT('',#10344);
#2853=VERTEX_POINT('',#10346);
#2854=VERTEX_POINT('',#10359);
#2855=VERTEX_POINT('',#10365);
#2856=VERTEX_POINT('',#10382);
#2857=VERTEX_POINT('',#10388);
#2858=VERTEX_POINT('',#10405);
#2859=VERTEX_POINT('',#10411);
#2860=VERTEX_POINT('',#10428);
#2861=VERTEX_POINT('',#10434);
#2862=VERTEX_POINT('',#10451);
#2863=VERTEX_POINT('',#10457);
#2864=VERTEX_POINT('',#10474);
#2865=VERTEX_POINT('',#10480);
#2866=VERTEX_POINT('',#10497);
#2867=VERTEX_POINT('',#10503);
#2868=VERTEX_POINT('',#10520);
#2869=VERTEX_POINT('',#10526);
#2870=VERTEX_POINT('',#10543);
#2871=VERTEX_POINT('',#10549);
#2872=VERTEX_POINT('',#10566);
#2873=VERTEX_POINT('',#10572);
#2874=VERTEX_POINT('',#10589);
#2875=VERTEX_POINT('',#10595);
#2876=VERTEX_POINT('',#10612);
#2877=VERTEX_POINT('',#10618);
#2878=VERTEX_POINT('',#10635);
#2879=VERTEX_POINT('',#10641);
#2880=VERTEX_POINT('',#10658);
#2881=VERTEX_POINT('',#10664);
#2882=VERTEX_POINT('',#10681);
#2883=VERTEX_POINT('',#10687);
#2884=VERTEX_POINT('',#10699);
#2885=VERTEX_POINT('',#10700);
#2886=VERTEX_POINT('',#10702);
#2887=VERTEX_POINT('',#10704);
#2888=VERTEX_POINT('',#10708);
#2889=VERTEX_POINT('',#10710);
#2890=VERTEX_POINT('',#10723);
#2891=VERTEX_POINT('',#10729);
#2892=VERTEX_POINT('',#10746);
#2893=VERTEX_POINT('',#10752);
#2894=VERTEX_POINT('',#10769);
#2895=VERTEX_POINT('',#10775);
#2896=VERTEX_POINT('',#10792);
#2897=VERTEX_POINT('',#10798);
#2898=VERTEX_POINT('',#10815);
#2899=VERTEX_POINT('',#10821);
#2900=VERTEX_POINT('',#10838);
#2901=VERTEX_POINT('',#10844);
#2902=VERTEX_POINT('',#10861);
#2903=VERTEX_POINT('',#10867);
#2904=VERTEX_POINT('',#10884);
#2905=VERTEX_POINT('',#10890);
#2906=VERTEX_POINT('',#10907);
#2907=VERTEX_POINT('',#10913);
#2908=VERTEX_POINT('',#10930);
#2909=VERTEX_POINT('',#10936);
#2910=VERTEX_POINT('',#10953);
#2911=VERTEX_POINT('',#10959);
#2912=VERTEX_POINT('',#10976);
#2913=VERTEX_POINT('',#10982);
#2914=VERTEX_POINT('',#10999);
#2915=VERTEX_POINT('',#11005);
#2916=VERTEX_POINT('',#11022);
#2917=VERTEX_POINT('',#11028);
#2918=VERTEX_POINT('',#11036);
#2919=VERTEX_POINT('',#11038);
#2920=VERTEX_POINT('',#11042);
#2921=VERTEX_POINT('',#11044);
#2922=VERTEX_POINT('',#11048);
#2923=VERTEX_POINT('',#11050);
#2924=VERTEX_POINT('',#11063);
#2925=VERTEX_POINT('',#11069);
#2926=VERTEX_POINT('',#11086);
#2927=VERTEX_POINT('',#11092);
#2928=VERTEX_POINT('',#11109);
#2929=VERTEX_POINT('',#11115);
#2930=VERTEX_POINT('',#11132);
#2931=VERTEX_POINT('',#11138);
#2932=VERTEX_POINT('',#11155);
#2933=VERTEX_POINT('',#11161);
#2934=VERTEX_POINT('',#11178);
#2935=VERTEX_POINT('',#11184);
#2936=VERTEX_POINT('',#11201);
#2937=VERTEX_POINT('',#11207);
#2938=VERTEX_POINT('',#11224);
#2939=VERTEX_POINT('',#11230);
#2940=VERTEX_POINT('',#11247);
#2941=VERTEX_POINT('',#11253);
#2942=VERTEX_POINT('',#11270);
#2943=VERTEX_POINT('',#11276);
#2944=VERTEX_POINT('',#11293);
#2945=VERTEX_POINT('',#11299);
#2946=VERTEX_POINT('',#11316);
#2947=VERTEX_POINT('',#11322);
#2948=VERTEX_POINT('',#11339);
#2949=VERTEX_POINT('',#11345);
#2950=VERTEX_POINT('',#11362);
#2951=VERTEX_POINT('',#11368);
#2952=VERTEX_POINT('',#11385);
#2953=VERTEX_POINT('',#11391);
#2954=VERTEX_POINT('',#11403);
#2955=VERTEX_POINT('',#11404);
#2956=VERTEX_POINT('',#11406);
#2957=VERTEX_POINT('',#11408);
#2958=VERTEX_POINT('',#11421);
#2959=VERTEX_POINT('',#11427);
#2960=VERTEX_POINT('',#11444);
#2961=VERTEX_POINT('',#11450);
#2962=VERTEX_POINT('',#11458);
#2963=VERTEX_POINT('',#11460);
#2964=VERTEX_POINT('',#11473);
#2965=VERTEX_POINT('',#11479);
#2966=VERTEX_POINT('',#11507);
#2967=VERTEX_POINT('',#11508);
#2968=VERTEX_POINT('',#11510);
#2969=VERTEX_POINT('',#11512);
#2970=VERTEX_POINT('',#11525);
#2971=VERTEX_POINT('',#11531);
#2972=VERTEX_POINT('',#11548);
#2973=VERTEX_POINT('',#11554);
#2974=VERTEX_POINT('',#11571);
#2975=VERTEX_POINT('',#11577);
#2976=VERTEX_POINT('',#11594);
#2977=VERTEX_POINT('',#11600);
#2978=VERTEX_POINT('',#11617);
#2979=VERTEX_POINT('',#11623);
#2980=VERTEX_POINT('',#11640);
#2981=VERTEX_POINT('',#11646);
#2982=VERTEX_POINT('',#11663);
#2983=VERTEX_POINT('',#11669);
#2984=VERTEX_POINT('',#11686);
#2985=VERTEX_POINT('',#11692);
#2986=VERTEX_POINT('',#11700);
#2987=VERTEX_POINT('',#11702);
#2988=VERTEX_POINT('',#11706);
#2989=VERTEX_POINT('',#11708);
#2990=VERTEX_POINT('',#11712);
#2991=VERTEX_POINT('',#11714);
#2992=VERTEX_POINT('',#11727);
#2993=VERTEX_POINT('',#11733);
#2994=VERTEX_POINT('',#11750);
#2995=VERTEX_POINT('',#11756);
#2996=VERTEX_POINT('',#11764);
#2997=VERTEX_POINT('',#11766);
#2998=VERTEX_POINT('',#11770);
#2999=VERTEX_POINT('',#11772);
#3000=VERTEX_POINT('',#11780);
#3001=VERTEX_POINT('',#11781);
#3002=VERTEX_POINT('',#11783);
#3003=VERTEX_POINT('',#11785);
#3004=VERTEX_POINT('',#11787);
#3005=VERTEX_POINT('',#11789);
#3006=VERTEX_POINT('',#11791);
#3007=VERTEX_POINT('',#11793);
#3008=VERTEX_POINT('',#11797);
#3009=VERTEX_POINT('',#11799);
#3010=VERTEX_POINT('',#11811);
#3011=VERTEX_POINT('',#11814);
#3012=VERTEX_POINT('',#11815);
#3013=VERTEX_POINT('',#11854);
#3014=VERTEX_POINT('',#11857);
#3015=VERTEX_POINT('',#11858);
#3016=VERTEX_POINT('',#11889);
#3017=VERTEX_POINT('',#11893);
#3018=VERTEX_POINT('',#11905);
#3019=VERTEX_POINT('',#11908);
#3020=VERTEX_POINT('',#11909);
#3021=VERTEX_POINT('',#11948);
#3022=VERTEX_POINT('',#11951);
#3023=VERTEX_POINT('',#11952);
#3024=VERTEX_POINT('',#11994);
#3025=VERTEX_POINT('',#11995);
#3026=VERTEX_POINT('',#11997);
#3027=VERTEX_POINT('',#11999);
#3028=VERTEX_POINT('',#12003);
#3029=VERTEX_POINT('',#12005);
#3030=VERTEX_POINT('',#12009);
#3031=VERTEX_POINT('',#12011);
#3032=VERTEX_POINT('',#12019);
#3033=VERTEX_POINT('',#12022);
#3034=VERTEX_POINT('',#12025);
#3035=VERTEX_POINT('',#12028);
#3036=VERTEX_POINT('',#12031);
#3037=VERTEX_POINT('',#12035);
#3038=VERTEX_POINT('',#12039);
#3039=VERTEX_POINT('',#12043);
#3040=EDGE_CURVE('',#2426,#2427,#1236,.T.);
#3041=EDGE_CURVE('',#2426,#2428,#1237,.T.);
#3042=EDGE_CURVE('',#2429,#2428,#1238,.T.);
#3043=EDGE_CURVE('',#2427,#2429,#1239,.T.);
#3044=EDGE_CURVE('',#2427,#2430,#1240,.T.);
#3045=EDGE_CURVE('',#2431,#2429,#1241,.T.);
#3046=EDGE_CURVE('',#2430,#2431,#1242,.T.);
#3047=EDGE_CURVE('',#2430,#2432,#96,.T.);
#3048=EDGE_CURVE('',#2433,#2431,#97,.T.);
#3049=EDGE_CURVE('',#2432,#2433,#1243,.T.);
#3050=EDGE_CURVE('',#2432,#2434,#98,.T.);
#3051=EDGE_CURVE('',#2435,#2433,#99,.T.);
#3052=EDGE_CURVE('',#2434,#2435,#1244,.T.);
#3053=EDGE_CURVE('',#2434,#2436,#100,.T.);
#3054=EDGE_CURVE('',#2437,#2435,#101,.T.);
#3055=EDGE_CURVE('',#2436,#2437,#1245,.T.);
#3056=EDGE_CURVE('',#2436,#2438,#102,.T.);
#3057=EDGE_CURVE('',#2439,#2437,#103,.T.);
#3058=EDGE_CURVE('',#2438,#2439,#1246,.T.);
#3059=EDGE_CURVE('',#2438,#2440,#1247,.T.);
#3060=EDGE_CURVE('',#2441,#2439,#1248,.T.);
#3061=EDGE_CURVE('',#2440,#2441,#1249,.T.);
#3062=EDGE_CURVE('',#2440,#2442,#104,.T.);
#3063=EDGE_CURVE('',#2443,#2441,#105,.T.);
#3064=EDGE_CURVE('',#2442,#2443,#1250,.T.);
#3065=EDGE_CURVE('',#2442,#2444,#106,.T.);
#3066=EDGE_CURVE('',#2445,#2443,#107,.T.);
#3067=EDGE_CURVE('',#2444,#2445,#1251,.T.);
#3068=EDGE_CURVE('',#2444,#2446,#108,.T.);
#3069=EDGE_CURVE('',#2447,#2445,#109,.T.);
#3070=EDGE_CURVE('',#2446,#2447,#1252,.T.);
#3071=EDGE_CURVE('',#2446,#2448,#110,.T.);
#3072=EDGE_CURVE('',#2449,#2447,#111,.T.);
#3073=EDGE_CURVE('',#2448,#2449,#1253,.T.);
#3074=EDGE_CURVE('',#2448,#2450,#1254,.T.);
#3075=EDGE_CURVE('',#2451,#2449,#1255,.T.);
#3076=EDGE_CURVE('',#2450,#2451,#1256,.T.);
#3077=EDGE_CURVE('',#2450,#2452,#1257,.T.);
#3078=EDGE_CURVE('',#2453,#2451,#1258,.T.);
#3079=EDGE_CURVE('',#2452,#2453,#1259,.T.);
#3080=EDGE_CURVE('',#2452,#2454,#1260,.T.);
#3081=EDGE_CURVE('',#2455,#2453,#1261,.T.);
#3082=EDGE_CURVE('',#2454,#2455,#1262,.T.);
#3083=EDGE_CURVE('',#2454,#2456,#112,.T.);
#3084=EDGE_CURVE('',#2457,#2455,#113,.T.);
#3085=EDGE_CURVE('',#2456,#2457,#1263,.T.);
#3086=EDGE_CURVE('',#2456,#2458,#114,.T.);
#3087=EDGE_CURVE('',#2459,#2457,#115,.T.);
#3088=EDGE_CURVE('',#2458,#2459,#1264,.T.);
#3089=EDGE_CURVE('',#2458,#2460,#116,.T.);
#3090=EDGE_CURVE('',#2461,#2459,#117,.T.);
#3091=EDGE_CURVE('',#2460,#2461,#1265,.T.);
#3092=EDGE_CURVE('',#2460,#2462,#118,.T.);
#3093=EDGE_CURVE('',#2463,#2461,#119,.T.);
#3094=EDGE_CURVE('',#2462,#2463,#1266,.T.);
#3095=EDGE_CURVE('',#2462,#2464,#120,.T.);
#3096=EDGE_CURVE('',#2465,#2463,#121,.T.);
#3097=EDGE_CURVE('',#2464,#2465,#1267,.T.);
#3098=EDGE_CURVE('',#2464,#2466,#122,.T.);
#3099=EDGE_CURVE('',#2467,#2465,#123,.T.);
#3100=EDGE_CURVE('',#2466,#2467,#1268,.T.);
#3101=EDGE_CURVE('',#2466,#2468,#1269,.T.);
#3102=EDGE_CURVE('',#2469,#2467,#1270,.T.);
#3103=EDGE_CURVE('',#2468,#2469,#1271,.T.);
#3104=EDGE_CURVE('',#2468,#2470,#124,.T.);
#3105=EDGE_CURVE('',#2471,#2469,#125,.T.);
#3106=EDGE_CURVE('',#2470,#2471,#1272,.T.);
#3107=EDGE_CURVE('',#2470,#2472,#126,.T.);
#3108=EDGE_CURVE('',#2473,#2471,#127,.T.);
#3109=EDGE_CURVE('',#2472,#2473,#1273,.T.);
#3110=EDGE_CURVE('',#2472,#2474,#128,.T.);
#3111=EDGE_CURVE('',#2475,#2473,#129,.T.);
#3112=EDGE_CURVE('',#2474,#2475,#1274,.T.);
#3113=EDGE_CURVE('',#2474,#2476,#130,.T.);
#3114=EDGE_CURVE('',#2477,#2475,#131,.T.);
#3115=EDGE_CURVE('',#2476,#2477,#1275,.T.);
#3116=EDGE_CURVE('',#2476,#2478,#132,.T.);
#3117=EDGE_CURVE('',#2479,#2477,#133,.T.);
#3118=EDGE_CURVE('',#2478,#2479,#1276,.T.);
#3119=EDGE_CURVE('',#2478,#2480,#134,.T.);
#3120=EDGE_CURVE('',#2481,#2479,#135,.T.);
#3121=EDGE_CURVE('',#2480,#2481,#1277,.T.);
#3122=EDGE_CURVE('',#2480,#2482,#136,.T.);
#3123=EDGE_CURVE('',#2483,#2481,#137,.T.);
#3124=EDGE_CURVE('',#2482,#2483,#1278,.T.);
#3125=EDGE_CURVE('',#2482,#2426,#1279,.T.);
#3126=EDGE_CURVE('',#2428,#2483,#1280,.T.);
#3127=EDGE_CURVE('',#2484,#2485,#138,.T.);
#3128=EDGE_CURVE('',#2484,#2486,#1281,.T.);
#3129=EDGE_CURVE('',#2487,#2486,#139,.T.);
#3130=EDGE_CURVE('',#2485,#2487,#1282,.T.);
#3131=EDGE_CURVE('',#2485,#2488,#140,.T.);
#3132=EDGE_CURVE('',#2489,#2487,#141,.T.);
#3133=EDGE_CURVE('',#2488,#2489,#1283,.T.);
#3134=EDGE_CURVE('',#2488,#2484,#1284,.T.);
#3135=EDGE_CURVE('',#2486,#2489,#1285,.T.);
#3136=EDGE_CURVE('',#2490,#2491,#1286,.T.);
#3137=EDGE_CURVE('',#2490,#2492,#1287,.T.);
#3138=EDGE_CURVE('',#2493,#2492,#1288,.T.);
#3139=EDGE_CURVE('',#2491,#2493,#1289,.T.);
#3140=EDGE_CURVE('',#2491,#2494,#1290,.T.);
#3141=EDGE_CURVE('',#2495,#2493,#1291,.T.);
#3142=EDGE_CURVE('',#2494,#2495,#1292,.T.);
#3143=EDGE_CURVE('',#2494,#2496,#1293,.T.);
#3144=EDGE_CURVE('',#2497,#2495,#1294,.T.);
#3145=EDGE_CURVE('',#2496,#2497,#1295,.T.);
#3146=EDGE_CURVE('',#2496,#2498,#1296,.T.);
#3147=EDGE_CURVE('',#2499,#2497,#1297,.T.);
#3148=EDGE_CURVE('',#2498,#2499,#1298,.T.);
#3149=EDGE_CURVE('',#2498,#2500,#1299,.T.);
#3150=EDGE_CURVE('',#2501,#2499,#1300,.T.);
#3151=EDGE_CURVE('',#2500,#2501,#1301,.T.);
#3152=EDGE_CURVE('',#2500,#2502,#1302,.T.);
#3153=EDGE_CURVE('',#2503,#2501,#1303,.T.);
#3154=EDGE_CURVE('',#2502,#2503,#1304,.T.);
#3155=EDGE_CURVE('',#2502,#2504,#1305,.T.);
#3156=EDGE_CURVE('',#2505,#2503,#1306,.T.);
#3157=EDGE_CURVE('',#2504,#2505,#1307,.T.);
#3158=EDGE_CURVE('',#2504,#2490,#1308,.T.);
#3159=EDGE_CURVE('',#2492,#2505,#1309,.T.);
#3160=EDGE_CURVE('',#2506,#2507,#1310,.T.);
#3161=EDGE_CURVE('',#2506,#2508,#1311,.T.);
#3162=EDGE_CURVE('',#2509,#2508,#1312,.T.);
#3163=EDGE_CURVE('',#2507,#2509,#1313,.T.);
#3164=EDGE_CURVE('',#2507,#2510,#1314,.T.);
#3165=EDGE_CURVE('',#2511,#2509,#1315,.T.);
#3166=EDGE_CURVE('',#2510,#2511,#1316,.T.);
#3167=EDGE_CURVE('',#2510,#2512,#1317,.T.);
#3168=EDGE_CURVE('',#2513,#2511,#1318,.T.);
#3169=EDGE_CURVE('',#2512,#2513,#1319,.T.);
#3170=EDGE_CURVE('',#2512,#2514,#1320,.T.);
#3171=EDGE_CURVE('',#2515,#2513,#1321,.T.);
#3172=EDGE_CURVE('',#2514,#2515,#1322,.T.);
#3173=EDGE_CURVE('',#2514,#2516,#1323,.T.);
#3174=EDGE_CURVE('',#2517,#2515,#1324,.T.);
#3175=EDGE_CURVE('',#2516,#2517,#1325,.T.);
#3176=EDGE_CURVE('',#2516,#2518,#1326,.T.);
#3177=EDGE_CURVE('',#2519,#2517,#1327,.T.);
#3178=EDGE_CURVE('',#2518,#2519,#1328,.T.);
#3179=EDGE_CURVE('',#2518,#2520,#1329,.T.);
#3180=EDGE_CURVE('',#2521,#2519,#1330,.T.);
#3181=EDGE_CURVE('',#2520,#2521,#1331,.T.);
#3182=EDGE_CURVE('',#2520,#2522,#1332,.T.);
#3183=EDGE_CURVE('',#2523,#2521,#1333,.T.);
#3184=EDGE_CURVE('',#2522,#2523,#1334,.T.);
#3185=EDGE_CURVE('',#2522,#2524,#1335,.T.);
#3186=EDGE_CURVE('',#2525,#2523,#1336,.T.);
#3187=EDGE_CURVE('',#2524,#2525,#1337,.T.);
#3188=EDGE_CURVE('',#2524,#2526,#1338,.T.);
#3189=EDGE_CURVE('',#2527,#2525,#1339,.T.);
#3190=EDGE_CURVE('',#2526,#2527,#1340,.T.);
#3191=EDGE_CURVE('',#2526,#2528,#1341,.T.);
#3192=EDGE_CURVE('',#2529,#2527,#1342,.T.);
#3193=EDGE_CURVE('',#2528,#2529,#1343,.T.);
#3194=EDGE_CURVE('',#2528,#2506,#1344,.T.);
#3195=EDGE_CURVE('',#2508,#2529,#1345,.T.);
#3196=EDGE_CURVE('',#2530,#2531,#1346,.T.);
#3197=EDGE_CURVE('',#2530,#2532,#1347,.T.);
#3198=EDGE_CURVE('',#2533,#2532,#1348,.T.);
#3199=EDGE_CURVE('',#2531,#2533,#1349,.T.);
#3200=EDGE_CURVE('',#2531,#2534,#1350,.T.);
#3201=EDGE_CURVE('',#2535,#2533,#1351,.T.);
#3202=EDGE_CURVE('',#2534,#2535,#1352,.T.);
#3203=EDGE_CURVE('',#2534,#2536,#1353,.T.);
#3204=EDGE_CURVE('',#2537,#2535,#1354,.T.);
#3205=EDGE_CURVE('',#2536,#2537,#1355,.T.);
#3206=EDGE_CURVE('',#2536,#2538,#1356,.T.);
#3207=EDGE_CURVE('',#2539,#2537,#1357,.T.);
#3208=EDGE_CURVE('',#2538,#2539,#1358,.T.);
#3209=EDGE_CURVE('',#2538,#2540,#1359,.T.);
#3210=EDGE_CURVE('',#2541,#2539,#1360,.T.);
#3211=EDGE_CURVE('',#2540,#2541,#1361,.T.);
#3212=EDGE_CURVE('',#2540,#2542,#1362,.T.);
#3213=EDGE_CURVE('',#2543,#2541,#1363,.T.);
#3214=EDGE_CURVE('',#2542,#2543,#1364,.T.);
#3215=EDGE_CURVE('',#2542,#2544,#1365,.T.);
#3216=EDGE_CURVE('',#2545,#2543,#1366,.T.);
#3217=EDGE_CURVE('',#2544,#2545,#1367,.T.);
#3218=EDGE_CURVE('',#2544,#2546,#1368,.T.);
#3219=EDGE_CURVE('',#2547,#2545,#1369,.T.);
#3220=EDGE_CURVE('',#2546,#2547,#1370,.T.);
#3221=EDGE_CURVE('',#2546,#2548,#1371,.T.);
#3222=EDGE_CURVE('',#2549,#2547,#1372,.T.);
#3223=EDGE_CURVE('',#2548,#2549,#1373,.T.);
#3224=EDGE_CURVE('',#2548,#2550,#1374,.T.);
#3225=EDGE_CURVE('',#2551,#2549,#1375,.T.);
#3226=EDGE_CURVE('',#2550,#2551,#1376,.T.);
#3227=EDGE_CURVE('',#2550,#2552,#1377,.T.);
#3228=EDGE_CURVE('',#2553,#2551,#1378,.T.);
#3229=EDGE_CURVE('',#2552,#2553,#1379,.T.);
#3230=EDGE_CURVE('',#2552,#2530,#1380,.T.);
#3231=EDGE_CURVE('',#2532,#2553,#1381,.T.);
#3232=EDGE_CURVE('',#2554,#2555,#1382,.T.);
#3233=EDGE_CURVE('',#2554,#2556,#1383,.T.);
#3234=EDGE_CURVE('',#2557,#2556,#1384,.T.);
#3235=EDGE_CURVE('',#2555,#2557,#1385,.T.);
#3236=EDGE_CURVE('',#2555,#2558,#1386,.T.);
#3237=EDGE_CURVE('',#2559,#2557,#1387,.T.);
#3238=EDGE_CURVE('',#2558,#2559,#1388,.T.);
#3239=EDGE_CURVE('',#2558,#2560,#1389,.T.);
#3240=EDGE_CURVE('',#2561,#2559,#1390,.T.);
#3241=EDGE_CURVE('',#2560,#2561,#1391,.T.);
#3242=EDGE_CURVE('',#2560,#2562,#142,.T.);
#3243=EDGE_CURVE('',#2563,#2561,#143,.T.);
#3244=EDGE_CURVE('',#2562,#2563,#1392,.T.);
#3245=EDGE_CURVE('',#2562,#2564,#144,.T.);
#3246=EDGE_CURVE('',#2565,#2563,#145,.T.);
#3247=EDGE_CURVE('',#2564,#2565,#1393,.T.);
#3248=EDGE_CURVE('',#2564,#2566,#146,.T.);
#3249=EDGE_CURVE('',#2567,#2565,#147,.T.);
#3250=EDGE_CURVE('',#2566,#2567,#1394,.T.);
#3251=EDGE_CURVE('',#2566,#2568,#1395,.T.);
#3252=EDGE_CURVE('',#2569,#2567,#1396,.T.);
#3253=EDGE_CURVE('',#2568,#2569,#1397,.T.);
#3254=EDGE_CURVE('',#2568,#2570,#1398,.T.);
#3255=EDGE_CURVE('',#2571,#2569,#1399,.T.);
#3256=EDGE_CURVE('',#2570,#2571,#1400,.T.);
#3257=EDGE_CURVE('',#2570,#2572,#148,.T.);
#3258=EDGE_CURVE('',#2573,#2571,#149,.T.);
#3259=EDGE_CURVE('',#2572,#2573,#1401,.T.);
#3260=EDGE_CURVE('',#2572,#2554,#1402,.T.);
#3261=EDGE_CURVE('',#2556,#2573,#1403,.T.);
#3262=EDGE_CURVE('',#2574,#2575,#1404,.T.);
#3263=EDGE_CURVE('',#2574,#2576,#1405,.T.);
#3264=EDGE_CURVE('',#2577,#2576,#1406,.T.);
#3265=EDGE_CURVE('',#2575,#2577,#1407,.T.);
#3266=EDGE_CURVE('',#2575,#2578,#1408,.T.);
#3267=EDGE_CURVE('',#2579,#2577,#1409,.T.);
#3268=EDGE_CURVE('',#2578,#2579,#1410,.T.);
#3269=EDGE_CURVE('',#2578,#2580,#1411,.T.);
#3270=EDGE_CURVE('',#2581,#2579,#1412,.T.);
#3271=EDGE_CURVE('',#2580,#2581,#1413,.T.);
#3272=EDGE_CURVE('',#2580,#2582,#1414,.T.);
#3273=EDGE_CURVE('',#2583,#2581,#1415,.T.);
#3274=EDGE_CURVE('',#2582,#2583,#1416,.T.);
#3275=EDGE_CURVE('',#2582,#2584,#1417,.T.);
#3276=EDGE_CURVE('',#2585,#2583,#1418,.T.);
#3277=EDGE_CURVE('',#2584,#2585,#1419,.T.);
#3278=EDGE_CURVE('',#2584,#2586,#1420,.T.);
#3279=EDGE_CURVE('',#2587,#2585,#1421,.T.);
#3280=EDGE_CURVE('',#2586,#2587,#1422,.T.);
#3281=EDGE_CURVE('',#2586,#2588,#1423,.T.);
#3282=EDGE_CURVE('',#2589,#2587,#1424,.T.);
#3283=EDGE_CURVE('',#2588,#2589,#1425,.T.);
#3284=EDGE_CURVE('',#2588,#2590,#1426,.T.);
#3285=EDGE_CURVE('',#2591,#2589,#1427,.T.);
#3286=EDGE_CURVE('',#2590,#2591,#1428,.T.);
#3287=EDGE_CURVE('',#2590,#2592,#1429,.T.);
#3288=EDGE_CURVE('',#2593,#2591,#1430,.T.);
#3289=EDGE_CURVE('',#2592,#2593,#1431,.T.);
#3290=EDGE_CURVE('',#2592,#2594,#1432,.T.);
#3291=EDGE_CURVE('',#2595,#2593,#1433,.T.);
#3292=EDGE_CURVE('',#2594,#2595,#1434,.T.);
#3293=EDGE_CURVE('',#2594,#2596,#1435,.T.);
#3294=EDGE_CURVE('',#2597,#2595,#1436,.T.);
#3295=EDGE_CURVE('',#2596,#2597,#1437,.T.);
#3296=EDGE_CURVE('',#2596,#2574,#1438,.T.);
#3297=EDGE_CURVE('',#2576,#2597,#1439,.T.);
#3298=EDGE_CURVE('',#2598,#2599,#150,.T.);
#3299=EDGE_CURVE('',#2598,#2600,#1440,.T.);
#3300=EDGE_CURVE('',#2601,#2600,#151,.T.);
#3301=EDGE_CURVE('',#2599,#2601,#1441,.T.);
#3302=EDGE_CURVE('',#2599,#2602,#152,.T.);
#3303=EDGE_CURVE('',#2603,#2601,#153,.T.);
#3304=EDGE_CURVE('',#2602,#2603,#1442,.T.);
#3305=EDGE_CURVE('',#2602,#2598,#1443,.T.);
#3306=EDGE_CURVE('',#2600,#2603,#1444,.T.);
#3307=EDGE_CURVE('',#2604,#2605,#1445,.T.);
#3308=EDGE_CURVE('',#2604,#2606,#1446,.T.);
#3309=EDGE_CURVE('',#2607,#2606,#1447,.T.);
#3310=EDGE_CURVE('',#2605,#2607,#1448,.T.);
#3311=EDGE_CURVE('',#2605,#2608,#1449,.T.);
#3312=EDGE_CURVE('',#2609,#2607,#1450,.T.);
#3313=EDGE_CURVE('',#2608,#2609,#1451,.T.);
#3314=EDGE_CURVE('',#2608,#2610,#1452,.T.);
#3315=EDGE_CURVE('',#2611,#2609,#1453,.T.);
#3316=EDGE_CURVE('',#2610,#2611,#1454,.T.);
#3317=EDGE_CURVE('',#2610,#2612,#1455,.T.);
#3318=EDGE_CURVE('',#2613,#2611,#1456,.T.);
#3319=EDGE_CURVE('',#2612,#2613,#1457,.T.);
#3320=EDGE_CURVE('',#2612,#2614,#1458,.T.);
#3321=EDGE_CURVE('',#2615,#2613,#1459,.T.);
#3322=EDGE_CURVE('',#2614,#2615,#1460,.T.);
#3323=EDGE_CURVE('',#2614,#2616,#1461,.T.);
#3324=EDGE_CURVE('',#2617,#2615,#1462,.T.);
#3325=EDGE_CURVE('',#2616,#2617,#1463,.T.);
#3326=EDGE_CURVE('',#2616,#2618,#1464,.T.);
#3327=EDGE_CURVE('',#2619,#2617,#1465,.T.);
#3328=EDGE_CURVE('',#2618,#2619,#1466,.T.);
#3329=EDGE_CURVE('',#2618,#2604,#1467,.T.);
#3330=EDGE_CURVE('',#2606,#2619,#1468,.T.);
#3331=EDGE_CURVE('',#2620,#2621,#1469,.T.);
#3332=EDGE_CURVE('',#2620,#2622,#1470,.T.);
#3333=EDGE_CURVE('',#2623,#2622,#1471,.T.);
#3334=EDGE_CURVE('',#2621,#2623,#1472,.T.);
#3335=EDGE_CURVE('',#2621,#2624,#1473,.T.);
#3336=EDGE_CURVE('',#2625,#2623,#1474,.T.);
#3337=EDGE_CURVE('',#2624,#2625,#1475,.T.);
#3338=EDGE_CURVE('',#2624,#2626,#1476,.T.);
#3339=EDGE_CURVE('',#2627,#2625,#1477,.T.);
#3340=EDGE_CURVE('',#2626,#2627,#1478,.T.);
#3341=EDGE_CURVE('',#2626,#2628,#1479,.T.);
#3342=EDGE_CURVE('',#2629,#2627,#1480,.T.);
#3343=EDGE_CURVE('',#2628,#2629,#1481,.T.);
#3344=EDGE_CURVE('',#2628,#2630,#1482,.T.);
#3345=EDGE_CURVE('',#2631,#2629,#1483,.T.);
#3346=EDGE_CURVE('',#2630,#2631,#1484,.T.);
#3347=EDGE_CURVE('',#2630,#2632,#1485,.T.);
#3348=EDGE_CURVE('',#2633,#2631,#1486,.T.);
#3349=EDGE_CURVE('',#2632,#2633,#1487,.T.);
#3350=EDGE_CURVE('',#2632,#2634,#1488,.T.);
#3351=EDGE_CURVE('',#2635,#2633,#1489,.T.);
#3352=EDGE_CURVE('',#2634,#2635,#1490,.T.);
#3353=EDGE_CURVE('',#2634,#2636,#1491,.T.);
#3354=EDGE_CURVE('',#2637,#2635,#1492,.T.);
#3355=EDGE_CURVE('',#2636,#2637,#1493,.T.);
#3356=EDGE_CURVE('',#2636,#2638,#1494,.T.);
#3357=EDGE_CURVE('',#2639,#2637,#1495,.T.);
#3358=EDGE_CURVE('',#2638,#2639,#1496,.T.);
#3359=EDGE_CURVE('',#2638,#2640,#1497,.T.);
#3360=EDGE_CURVE('',#2641,#2639,#1498,.T.);
#3361=EDGE_CURVE('',#2640,#2641,#1499,.T.);
#3362=EDGE_CURVE('',#2640,#2620,#1500,.T.);
#3363=EDGE_CURVE('',#2622,#2641,#1501,.T.);
#3364=EDGE_CURVE('',#2642,#2643,#1502,.T.);
#3365=EDGE_CURVE('',#2642,#2644,#1503,.T.);
#3366=EDGE_CURVE('',#2645,#2644,#1504,.T.);
#3367=EDGE_CURVE('',#2643,#2645,#1505,.T.);
#3368=EDGE_CURVE('',#2643,#2646,#1506,.T.);
#3369=EDGE_CURVE('',#2647,#2645,#1507,.T.);
#3370=EDGE_CURVE('',#2646,#2647,#1508,.T.);
#3371=EDGE_CURVE('',#2646,#2648,#1509,.T.);
#3372=EDGE_CURVE('',#2649,#2647,#1510,.T.);
#3373=EDGE_CURVE('',#2648,#2649,#1511,.T.);
#3374=EDGE_CURVE('',#2648,#2642,#1512,.T.);
#3375=EDGE_CURVE('',#2644,#2649,#1513,.T.);
#3376=EDGE_CURVE('',#2650,#2651,#1514,.T.);
#3377=EDGE_CURVE('',#2650,#2652,#1515,.T.);
#3378=EDGE_CURVE('',#2653,#2652,#1516,.T.);
#3379=EDGE_CURVE('',#2651,#2653,#1517,.T.);
#3380=EDGE_CURVE('',#2651,#2654,#154,.T.);
#3381=EDGE_CURVE('',#2655,#2653,#155,.T.);
#3382=EDGE_CURVE('',#2654,#2655,#1518,.T.);
#3383=EDGE_CURVE('',#2654,#2656,#156,.T.);
#3384=EDGE_CURVE('',#2657,#2655,#157,.T.);
#3385=EDGE_CURVE('',#2656,#2657,#1519,.T.);
#3386=EDGE_CURVE('',#2656,#2658,#1520,.T.);
#3387=EDGE_CURVE('',#2659,#2657,#1521,.T.);
#3388=EDGE_CURVE('',#2658,#2659,#1522,.T.);
#3389=EDGE_CURVE('',#2658,#2660,#158,.T.);
#3390=EDGE_CURVE('',#2661,#2659,#159,.T.);
#3391=EDGE_CURVE('',#2660,#2661,#1523,.T.);
#3392=EDGE_CURVE('',#2660,#2650,#160,.T.);
#3393=EDGE_CURVE('',#2652,#2661,#161,.T.);
#3394=EDGE_CURVE('',#2662,#2663,#1524,.T.);
#3395=EDGE_CURVE('',#2662,#2664,#1525,.T.);
#3396=EDGE_CURVE('',#2665,#2664,#1526,.T.);
#3397=EDGE_CURVE('',#2663,#2665,#1527,.T.);
#3398=EDGE_CURVE('',#2663,#2666,#162,.T.);
#3399=EDGE_CURVE('',#2667,#2665,#163,.T.);
#3400=EDGE_CURVE('',#2666,#2667,#1528,.T.);
#3401=EDGE_CURVE('',#2666,#2668,#164,.T.);
#3402=EDGE_CURVE('',#2669,#2667,#165,.T.);
#3403=EDGE_CURVE('',#2668,#2669,#1529,.T.);
#3404=EDGE_CURVE('',#2668,#2670,#166,.T.);
#3405=EDGE_CURVE('',#2671,#2669,#167,.T.);
#3406=EDGE_CURVE('',#2670,#2671,#1530,.T.);
#3407=EDGE_CURVE('',#2670,#2672,#168,.T.);
#3408=EDGE_CURVE('',#2673,#2671,#169,.T.);
#3409=EDGE_CURVE('',#2672,#2673,#1531,.T.);
#3410=EDGE_CURVE('',#2672,#2674,#170,.T.);
#3411=EDGE_CURVE('',#2675,#2673,#171,.T.);
#3412=EDGE_CURVE('',#2674,#2675,#1532,.T.);
#3413=EDGE_CURVE('',#2674,#2676,#172,.T.);
#3414=EDGE_CURVE('',#2677,#2675,#173,.T.);
#3415=EDGE_CURVE('',#2676,#2677,#1533,.T.);
#3416=EDGE_CURVE('',#2676,#2678,#174,.T.);
#3417=EDGE_CURVE('',#2679,#2677,#175,.T.);
#3418=EDGE_CURVE('',#2678,#2679,#1534,.T.);
#3419=EDGE_CURVE('',#2678,#2680,#176,.T.);
#3420=EDGE_CURVE('',#2681,#2679,#177,.T.);
#3421=EDGE_CURVE('',#2680,#2681,#1535,.T.);
#3422=EDGE_CURVE('',#2680,#2682,#1536,.T.);
#3423=EDGE_CURVE('',#2683,#2681,#1537,.T.);
#3424=EDGE_CURVE('',#2682,#2683,#1538,.T.);
#3425=EDGE_CURVE('',#2682,#2684,#1539,.T.);
#3426=EDGE_CURVE('',#2685,#2683,#1540,.T.);
#3427=EDGE_CURVE('',#2684,#2685,#1541,.T.);
#3428=EDGE_CURVE('',#2684,#2686,#1542,.T.);
#3429=EDGE_CURVE('',#2687,#2685,#1543,.T.);
#3430=EDGE_CURVE('',#2686,#2687,#1544,.T.);
#3431=EDGE_CURVE('',#2686,#2688,#178,.T.);
#3432=EDGE_CURVE('',#2689,#2687,#179,.T.);
#3433=EDGE_CURVE('',#2688,#2689,#1545,.T.);
#3434=EDGE_CURVE('',#2688,#2690,#180,.T.);
#3435=EDGE_CURVE('',#2691,#2689,#181,.T.);
#3436=EDGE_CURVE('',#2690,#2691,#1546,.T.);
#3437=EDGE_CURVE('',#2690,#2692,#1547,.T.);
#3438=EDGE_CURVE('',#2693,#2691,#1548,.T.);
#3439=EDGE_CURVE('',#2692,#2693,#1549,.T.);
#3440=EDGE_CURVE('',#2692,#2694,#1550,.T.);
#3441=EDGE_CURVE('',#2695,#2693,#1551,.T.);
#3442=EDGE_CURVE('',#2694,#2695,#1552,.T.);
#3443=EDGE_CURVE('',#2694,#2662,#1553,.T.);
#3444=EDGE_CURVE('',#2664,#2695,#1554,.T.);
#3445=EDGE_CURVE('',#2696,#2697,#1555,.T.);
#3446=EDGE_CURVE('',#2696,#2698,#1556,.T.);
#3447=EDGE_CURVE('',#2699,#2698,#1557,.T.);
#3448=EDGE_CURVE('',#2697,#2699,#1558,.T.);
#3449=EDGE_CURVE('',#2697,#2700,#1559,.T.);
#3450=EDGE_CURVE('',#2701,#2699,#1560,.T.);
#3451=EDGE_CURVE('',#2700,#2701,#1561,.T.);
#3452=EDGE_CURVE('',#2700,#2702,#1562,.T.);
#3453=EDGE_CURVE('',#2703,#2701,#1563,.T.);
#3454=EDGE_CURVE('',#2702,#2703,#1564,.T.);
#3455=EDGE_CURVE('',#2702,#2704,#1565,.T.);
#3456=EDGE_CURVE('',#2705,#2703,#1566,.T.);
#3457=EDGE_CURVE('',#2704,#2705,#1567,.T.);
#3458=EDGE_CURVE('',#2704,#2706,#1568,.T.);
#3459=EDGE_CURVE('',#2707,#2705,#1569,.T.);
#3460=EDGE_CURVE('',#2706,#2707,#1570,.T.);
#3461=EDGE_CURVE('',#2706,#2708,#1571,.T.);
#3462=EDGE_CURVE('',#2709,#2707,#1572,.T.);
#3463=EDGE_CURVE('',#2708,#2709,#1573,.T.);
#3464=EDGE_CURVE('',#2708,#2710,#1574,.T.);
#3465=EDGE_CURVE('',#2711,#2709,#1575,.T.);
#3466=EDGE_CURVE('',#2710,#2711,#1576,.T.);
#3467=EDGE_CURVE('',#2710,#2712,#1577,.T.);
#3468=EDGE_CURVE('',#2713,#2711,#1578,.T.);
#3469=EDGE_CURVE('',#2712,#2713,#1579,.T.);
#3470=EDGE_CURVE('',#2712,#2714,#1580,.T.);
#3471=EDGE_CURVE('',#2715,#2713,#1581,.T.);
#3472=EDGE_CURVE('',#2714,#2715,#1582,.T.);
#3473=EDGE_CURVE('',#2714,#2716,#1583,.T.);
#3474=EDGE_CURVE('',#2717,#2715,#1584,.T.);
#3475=EDGE_CURVE('',#2716,#2717,#1585,.T.);
#3476=EDGE_CURVE('',#2716,#2718,#182,.T.);
#3477=EDGE_CURVE('',#2719,#2717,#183,.T.);
#3478=EDGE_CURVE('',#2718,#2719,#1586,.T.);
#3479=EDGE_CURVE('',#2718,#2720,#1587,.T.);
#3480=EDGE_CURVE('',#2721,#2719,#1588,.T.);
#3481=EDGE_CURVE('',#2720,#2721,#1589,.T.);
#3482=EDGE_CURVE('',#2720,#2722,#1590,.T.);
#3483=EDGE_CURVE('',#2723,#2721,#1591,.T.);
#3484=EDGE_CURVE('',#2722,#2723,#1592,.T.);
#3485=EDGE_CURVE('',#2722,#2696,#1593,.T.);
#3486=EDGE_CURVE('',#2698,#2723,#1594,.T.);
#3487=EDGE_CURVE('',#2724,#2725,#1595,.T.);
#3488=EDGE_CURVE('',#2724,#2726,#1596,.T.);
#3489=EDGE_CURVE('',#2727,#2726,#1597,.T.);
#3490=EDGE_CURVE('',#2725,#2727,#1598,.T.);
#3491=EDGE_CURVE('',#2725,#2728,#1599,.T.);
#3492=EDGE_CURVE('',#2729,#2727,#1600,.T.);
#3493=EDGE_CURVE('',#2728,#2729,#1601,.T.);
#3494=EDGE_CURVE('',#2728,#2730,#184,.T.);
#3495=EDGE_CURVE('',#2731,#2729,#185,.T.);
#3496=EDGE_CURVE('',#2730,#2731,#1602,.T.);
#3497=EDGE_CURVE('',#2730,#2732,#186,.T.);
#3498=EDGE_CURVE('',#2733,#2731,#187,.T.);
#3499=EDGE_CURVE('',#2732,#2733,#1603,.T.);
#3500=EDGE_CURVE('',#2732,#2734,#188,.T.);
#3501=EDGE_CURVE('',#2735,#2733,#189,.T.);
#3502=EDGE_CURVE('',#2734,#2735,#1604,.T.);
#3503=EDGE_CURVE('',#2734,#2736,#190,.T.);
#3504=EDGE_CURVE('',#2737,#2735,#191,.T.);
#3505=EDGE_CURVE('',#2736,#2737,#1605,.T.);
#3506=EDGE_CURVE('',#2736,#2738,#192,.T.);
#3507=EDGE_CURVE('',#2739,#2737,#193,.T.);
#3508=EDGE_CURVE('',#2738,#2739,#1606,.T.);
#3509=EDGE_CURVE('',#2738,#2740,#194,.T.);
#3510=EDGE_CURVE('',#2741,#2739,#195,.T.);
#3511=EDGE_CURVE('',#2740,#2741,#1607,.T.);
#3512=EDGE_CURVE('',#2740,#2742,#196,.T.);
#3513=EDGE_CURVE('',#2743,#2741,#197,.T.);
#3514=EDGE_CURVE('',#2742,#2743,#1608,.T.);
#3515=EDGE_CURVE('',#2742,#2744,#198,.T.);
#3516=EDGE_CURVE('',#2745,#2743,#199,.T.);
#3517=EDGE_CURVE('',#2744,#2745,#1609,.T.);
#3518=EDGE_CURVE('',#2744,#2746,#200,.T.);
#3519=EDGE_CURVE('',#2747,#2745,#201,.T.);
#3520=EDGE_CURVE('',#2746,#2747,#1610,.T.);
#3521=EDGE_CURVE('',#2746,#2748,#202,.T.);
#3522=EDGE_CURVE('',#2749,#2747,#203,.T.);
#3523=EDGE_CURVE('',#2748,#2749,#1611,.T.);
#3524=EDGE_CURVE('',#2748,#2750,#204,.T.);
#3525=EDGE_CURVE('',#2751,#2749,#205,.T.);
#3526=EDGE_CURVE('',#2750,#2751,#1612,.T.);
#3527=EDGE_CURVE('',#2750,#2752,#206,.T.);
#3528=EDGE_CURVE('',#2753,#2751,#207,.T.);
#3529=EDGE_CURVE('',#2752,#2753,#1613,.T.);
#3530=EDGE_CURVE('',#2752,#2754,#208,.T.);
#3531=EDGE_CURVE('',#2755,#2753,#209,.T.);
#3532=EDGE_CURVE('',#2754,#2755,#1614,.T.);
#3533=EDGE_CURVE('',#2754,#2756,#210,.T.);
#3534=EDGE_CURVE('',#2757,#2755,#211,.T.);
#3535=EDGE_CURVE('',#2756,#2757,#1615,.T.);
#3536=EDGE_CURVE('',#2756,#2758,#1616,.T.);
#3537=EDGE_CURVE('',#2759,#2757,#1617,.T.);
#3538=EDGE_CURVE('',#2758,#2759,#1618,.T.);
#3539=EDGE_CURVE('',#2758,#2760,#1619,.T.);
#3540=EDGE_CURVE('',#2761,#2759,#1620,.T.);
#3541=EDGE_CURVE('',#2760,#2761,#1621,.T.);
#3542=EDGE_CURVE('',#2760,#2762,#1622,.T.);
#3543=EDGE_CURVE('',#2763,#2761,#1623,.T.);
#3544=EDGE_CURVE('',#2762,#2763,#1624,.T.);
#3545=EDGE_CURVE('',#2762,#2764,#212,.T.);
#3546=EDGE_CURVE('',#2765,#2763,#213,.T.);
#3547=EDGE_CURVE('',#2764,#2765,#1625,.T.);
#3548=EDGE_CURVE('',#2764,#2766,#214,.T.);
#3549=EDGE_CURVE('',#2767,#2765,#215,.T.);
#3550=EDGE_CURVE('',#2766,#2767,#1626,.T.);
#3551=EDGE_CURVE('',#2766,#2768,#216,.T.);
#3552=EDGE_CURVE('',#2769,#2767,#217,.T.);
#3553=EDGE_CURVE('',#2768,#2769,#1627,.T.);
#3554=EDGE_CURVE('',#2768,#2770,#218,.T.);
#3555=EDGE_CURVE('',#2771,#2769,#219,.T.);
#3556=EDGE_CURVE('',#2770,#2771,#1628,.T.);
#3557=EDGE_CURVE('',#2770,#2772,#220,.T.);
#3558=EDGE_CURVE('',#2773,#2771,#221,.T.);
#3559=EDGE_CURVE('',#2772,#2773,#1629,.T.);
#3560=EDGE_CURVE('',#2772,#2774,#222,.T.);
#3561=EDGE_CURVE('',#2775,#2773,#223,.T.);
#3562=EDGE_CURVE('',#2774,#2775,#1630,.T.);
#3563=EDGE_CURVE('',#2774,#2776,#224,.T.);
#3564=EDGE_CURVE('',#2777,#2775,#225,.T.);
#3565=EDGE_CURVE('',#2776,#2777,#1631,.T.);
#3566=EDGE_CURVE('',#2776,#2778,#226,.T.);
#3567=EDGE_CURVE('',#2779,#2777,#227,.T.);
#3568=EDGE_CURVE('',#2778,#2779,#1632,.T.);
#3569=EDGE_CURVE('',#2778,#2780,#228,.T.);
#3570=EDGE_CURVE('',#2781,#2779,#229,.T.);
#3571=EDGE_CURVE('',#2780,#2781,#1633,.T.);
#3572=EDGE_CURVE('',#2780,#2782,#230,.T.);
#3573=EDGE_CURVE('',#2783,#2781,#231,.T.);
#3574=EDGE_CURVE('',#2782,#2783,#1634,.T.);
#3575=EDGE_CURVE('',#2782,#2784,#232,.T.);
#3576=EDGE_CURVE('',#2785,#2783,#233,.T.);
#3577=EDGE_CURVE('',#2784,#2785,#1635,.T.);
#3578=EDGE_CURVE('',#2784,#2786,#234,.T.);
#3579=EDGE_CURVE('',#2787,#2785,#235,.T.);
#3580=EDGE_CURVE('',#2786,#2787,#1636,.T.);
#3581=EDGE_CURVE('',#2786,#2788,#236,.T.);
#3582=EDGE_CURVE('',#2789,#2787,#237,.T.);
#3583=EDGE_CURVE('',#2788,#2789,#1637,.T.);
#3584=EDGE_CURVE('',#2788,#2790,#238,.T.);
#3585=EDGE_CURVE('',#2791,#2789,#239,.T.);
#3586=EDGE_CURVE('',#2790,#2791,#1638,.T.);
#3587=EDGE_CURVE('',#2790,#2792,#240,.T.);
#3588=EDGE_CURVE('',#2793,#2791,#241,.T.);
#3589=EDGE_CURVE('',#2792,#2793,#1639,.T.);
#3590=EDGE_CURVE('',#2792,#2724,#1640,.T.);
#3591=EDGE_CURVE('',#2726,#2793,#1641,.T.);
#3592=EDGE_CURVE('',#2794,#2795,#1642,.T.);
#3593=EDGE_CURVE('',#2794,#2796,#1643,.T.);
#3594=EDGE_CURVE('',#2797,#2796,#1644,.T.);
#3595=EDGE_CURVE('',#2795,#2797,#1645,.T.);
#3596=EDGE_CURVE('',#2795,#2798,#1646,.T.);
#3597=EDGE_CURVE('',#2799,#2797,#1647,.T.);
#3598=EDGE_CURVE('',#2798,#2799,#1648,.T.);
#3599=EDGE_CURVE('',#2798,#2800,#1649,.T.);
#3600=EDGE_CURVE('',#2801,#2799,#1650,.T.);
#3601=EDGE_CURVE('',#2800,#2801,#1651,.T.);
#3602=EDGE_CURVE('',#2800,#2802,#1652,.T.);
#3603=EDGE_CURVE('',#2803,#2801,#1653,.T.);
#3604=EDGE_CURVE('',#2802,#2803,#1654,.T.);
#3605=EDGE_CURVE('',#2802,#2804,#1655,.T.);
#3606=EDGE_CURVE('',#2805,#2803,#1656,.T.);
#3607=EDGE_CURVE('',#2804,#2805,#1657,.T.);
#3608=EDGE_CURVE('',#2804,#2806,#1658,.T.);
#3609=EDGE_CURVE('',#2807,#2805,#1659,.T.);
#3610=EDGE_CURVE('',#2806,#2807,#1660,.T.);
#3611=EDGE_CURVE('',#2806,#2808,#1661,.T.);
#3612=EDGE_CURVE('',#2809,#2807,#1662,.T.);
#3613=EDGE_CURVE('',#2808,#2809,#1663,.T.);
#3614=EDGE_CURVE('',#2808,#2810,#1664,.T.);
#3615=EDGE_CURVE('',#2811,#2809,#1665,.T.);
#3616=EDGE_CURVE('',#2810,#2811,#1666,.T.);
#3617=EDGE_CURVE('',#2810,#2812,#1667,.T.);
#3618=EDGE_CURVE('',#2813,#2811,#1668,.T.);
#3619=EDGE_CURVE('',#2812,#2813,#1669,.T.);
#3620=EDGE_CURVE('',#2812,#2794,#1670,.T.);
#3621=EDGE_CURVE('',#2796,#2813,#1671,.T.);
#3622=EDGE_CURVE('',#2814,#2815,#1672,.T.);
#3623=EDGE_CURVE('',#2814,#2816,#1673,.T.);
#3624=EDGE_CURVE('',#2817,#2816,#1674,.T.);
#3625=EDGE_CURVE('',#2815,#2817,#1675,.T.);
#3626=EDGE_CURVE('',#2815,#2818,#1676,.T.);
#3627=EDGE_CURVE('',#2819,#2817,#1677,.T.);
#3628=EDGE_CURVE('',#2818,#2819,#1678,.T.);
#3629=EDGE_CURVE('',#2818,#2820,#242,.T.);
#3630=EDGE_CURVE('',#2821,#2819,#243,.T.);
#3631=EDGE_CURVE('',#2820,#2821,#1679,.T.);
#3632=EDGE_CURVE('',#2820,#2822,#244,.T.);
#3633=EDGE_CURVE('',#2823,#2821,#245,.T.);
#3634=EDGE_CURVE('',#2822,#2823,#1680,.T.);
#3635=EDGE_CURVE('',#2822,#2824,#246,.T.);
#3636=EDGE_CURVE('',#2825,#2823,#247,.T.);
#3637=EDGE_CURVE('',#2824,#2825,#1681,.T.);
#3638=EDGE_CURVE('',#2824,#2826,#248,.T.);
#3639=EDGE_CURVE('',#2827,#2825,#249,.T.);
#3640=EDGE_CURVE('',#2826,#2827,#1682,.T.);
#3641=EDGE_CURVE('',#2826,#2828,#250,.T.);
#3642=EDGE_CURVE('',#2829,#2827,#251,.T.);
#3643=EDGE_CURVE('',#2828,#2829,#1683,.T.);
#3644=EDGE_CURVE('',#2828,#2830,#252,.T.);
#3645=EDGE_CURVE('',#2831,#2829,#253,.T.);
#3646=EDGE_CURVE('',#2830,#2831,#1684,.T.);
#3647=EDGE_CURVE('',#2830,#2832,#254,.T.);
#3648=EDGE_CURVE('',#2833,#2831,#255,.T.);
#3649=EDGE_CURVE('',#2832,#2833,#1685,.T.);
#3650=EDGE_CURVE('',#2832,#2834,#256,.T.);
#3651=EDGE_CURVE('',#2835,#2833,#257,.T.);
#3652=EDGE_CURVE('',#2834,#2835,#1686,.T.);
#3653=EDGE_CURVE('',#2834,#2836,#258,.T.);
#3654=EDGE_CURVE('',#2837,#2835,#259,.T.);
#3655=EDGE_CURVE('',#2836,#2837,#1687,.T.);
#3656=EDGE_CURVE('',#2836,#2838,#260,.T.);
#3657=EDGE_CURVE('',#2839,#2837,#261,.T.);
#3658=EDGE_CURVE('',#2838,#2839,#1688,.T.);
#3659=EDGE_CURVE('',#2838,#2840,#262,.T.);
#3660=EDGE_CURVE('',#2841,#2839,#263,.T.);
#3661=EDGE_CURVE('',#2840,#2841,#1689,.T.);
#3662=EDGE_CURVE('',#2840,#2842,#264,.T.);
#3663=EDGE_CURVE('',#2843,#2841,#265,.T.);
#3664=EDGE_CURVE('',#2842,#2843,#1690,.T.);
#3665=EDGE_CURVE('',#2842,#2844,#266,.T.);
#3666=EDGE_CURVE('',#2845,#2843,#267,.T.);
#3667=EDGE_CURVE('',#2844,#2845,#1691,.T.);
#3668=EDGE_CURVE('',#2844,#2846,#268,.T.);
#3669=EDGE_CURVE('',#2847,#2845,#269,.T.);
#3670=EDGE_CURVE('',#2846,#2847,#1692,.T.);
#3671=EDGE_CURVE('',#2846,#2848,#1693,.T.);
#3672=EDGE_CURVE('',#2849,#2847,#1694,.T.);
#3673=EDGE_CURVE('',#2848,#2849,#1695,.T.);
#3674=EDGE_CURVE('',#2848,#2850,#1696,.T.);
#3675=EDGE_CURVE('',#2851,#2849,#1697,.T.);
#3676=EDGE_CURVE('',#2850,#2851,#1698,.T.);
#3677=EDGE_CURVE('',#2850,#2852,#1699,.T.);
#3678=EDGE_CURVE('',#2853,#2851,#1700,.T.);
#3679=EDGE_CURVE('',#2852,#2853,#1701,.T.);
#3680=EDGE_CURVE('',#2852,#2854,#270,.T.);
#3681=EDGE_CURVE('',#2855,#2853,#271,.T.);
#3682=EDGE_CURVE('',#2854,#2855,#1702,.T.);
#3683=EDGE_CURVE('',#2854,#2856,#272,.T.);
#3684=EDGE_CURVE('',#2857,#2855,#273,.T.);
#3685=EDGE_CURVE('',#2856,#2857,#1703,.T.);
#3686=EDGE_CURVE('',#2856,#2858,#274,.T.);
#3687=EDGE_CURVE('',#2859,#2857,#275,.T.);
#3688=EDGE_CURVE('',#2858,#2859,#1704,.T.);
#3689=EDGE_CURVE('',#2858,#2860,#276,.T.);
#3690=EDGE_CURVE('',#2861,#2859,#277,.T.);
#3691=EDGE_CURVE('',#2860,#2861,#1705,.T.);
#3692=EDGE_CURVE('',#2860,#2862,#278,.T.);
#3693=EDGE_CURVE('',#2863,#2861,#279,.T.);
#3694=EDGE_CURVE('',#2862,#2863,#1706,.T.);
#3695=EDGE_CURVE('',#2862,#2864,#280,.T.);
#3696=EDGE_CURVE('',#2865,#2863,#281,.T.);
#3697=EDGE_CURVE('',#2864,#2865,#1707,.T.);
#3698=EDGE_CURVE('',#2864,#2866,#282,.T.);
#3699=EDGE_CURVE('',#2867,#2865,#283,.T.);
#3700=EDGE_CURVE('',#2866,#2867,#1708,.T.);
#3701=EDGE_CURVE('',#2866,#2868,#284,.T.);
#3702=EDGE_CURVE('',#2869,#2867,#285,.T.);
#3703=EDGE_CURVE('',#2868,#2869,#1709,.T.);
#3704=EDGE_CURVE('',#2868,#2870,#286,.T.);
#3705=EDGE_CURVE('',#2871,#2869,#287,.T.);
#3706=EDGE_CURVE('',#2870,#2871,#1710,.T.);
#3707=EDGE_CURVE('',#2870,#2872,#288,.T.);
#3708=EDGE_CURVE('',#2873,#2871,#289,.T.);
#3709=EDGE_CURVE('',#2872,#2873,#1711,.T.);
#3710=EDGE_CURVE('',#2872,#2874,#290,.T.);
#3711=EDGE_CURVE('',#2875,#2873,#291,.T.);
#3712=EDGE_CURVE('',#2874,#2875,#1712,.T.);
#3713=EDGE_CURVE('',#2874,#2876,#292,.T.);
#3714=EDGE_CURVE('',#2877,#2875,#293,.T.);
#3715=EDGE_CURVE('',#2876,#2877,#1713,.T.);
#3716=EDGE_CURVE('',#2876,#2878,#294,.T.);
#3717=EDGE_CURVE('',#2879,#2877,#295,.T.);
#3718=EDGE_CURVE('',#2878,#2879,#1714,.T.);
#3719=EDGE_CURVE('',#2878,#2880,#296,.T.);
#3720=EDGE_CURVE('',#2881,#2879,#297,.T.);
#3721=EDGE_CURVE('',#2880,#2881,#1715,.T.);
#3722=EDGE_CURVE('',#2880,#2882,#298,.T.);
#3723=EDGE_CURVE('',#2883,#2881,#299,.T.);
#3724=EDGE_CURVE('',#2882,#2883,#1716,.T.);
#3725=EDGE_CURVE('',#2882,#2814,#1717,.T.);
#3726=EDGE_CURVE('',#2816,#2883,#1718,.T.);
#3727=EDGE_CURVE('',#2884,#2885,#1719,.T.);
#3728=EDGE_CURVE('',#2884,#2886,#1720,.T.);
#3729=EDGE_CURVE('',#2887,#2886,#1721,.T.);
#3730=EDGE_CURVE('',#2885,#2887,#1722,.T.);
#3731=EDGE_CURVE('',#2885,#2888,#1723,.T.);
#3732=EDGE_CURVE('',#2889,#2887,#1724,.T.);
#3733=EDGE_CURVE('',#2888,#2889,#1725,.T.);
#3734=EDGE_CURVE('',#2888,#2890,#300,.T.);
#3735=EDGE_CURVE('',#2891,#2889,#301,.T.);
#3736=EDGE_CURVE('',#2890,#2891,#1726,.T.);
#3737=EDGE_CURVE('',#2890,#2892,#302,.T.);
#3738=EDGE_CURVE('',#2893,#2891,#303,.T.);
#3739=EDGE_CURVE('',#2892,#2893,#1727,.T.);
#3740=EDGE_CURVE('',#2892,#2894,#304,.T.);
#3741=EDGE_CURVE('',#2895,#2893,#305,.T.);
#3742=EDGE_CURVE('',#2894,#2895,#1728,.T.);
#3743=EDGE_CURVE('',#2894,#2896,#306,.T.);
#3744=EDGE_CURVE('',#2897,#2895,#307,.T.);
#3745=EDGE_CURVE('',#2896,#2897,#1729,.T.);
#3746=EDGE_CURVE('',#2896,#2898,#308,.T.);
#3747=EDGE_CURVE('',#2899,#2897,#309,.T.);
#3748=EDGE_CURVE('',#2898,#2899,#1730,.T.);
#3749=EDGE_CURVE('',#2898,#2900,#310,.T.);
#3750=EDGE_CURVE('',#2901,#2899,#311,.T.);
#3751=EDGE_CURVE('',#2900,#2901,#1731,.T.);
#3752=EDGE_CURVE('',#2900,#2902,#312,.T.);
#3753=EDGE_CURVE('',#2903,#2901,#313,.T.);
#3754=EDGE_CURVE('',#2902,#2903,#1732,.T.);
#3755=EDGE_CURVE('',#2902,#2904,#314,.T.);
#3756=EDGE_CURVE('',#2905,#2903,#315,.T.);
#3757=EDGE_CURVE('',#2904,#2905,#1733,.T.);
#3758=EDGE_CURVE('',#2904,#2906,#316,.T.);
#3759=EDGE_CURVE('',#2907,#2905,#317,.T.);
#3760=EDGE_CURVE('',#2906,#2907,#1734,.T.);
#3761=EDGE_CURVE('',#2906,#2908,#318,.T.);
#3762=EDGE_CURVE('',#2909,#2907,#319,.T.);
#3763=EDGE_CURVE('',#2908,#2909,#1735,.T.);
#3764=EDGE_CURVE('',#2908,#2910,#320,.T.);
#3765=EDGE_CURVE('',#2911,#2909,#321,.T.);
#3766=EDGE_CURVE('',#2910,#2911,#1736,.T.);
#3767=EDGE_CURVE('',#2910,#2912,#322,.T.);
#3768=EDGE_CURVE('',#2913,#2911,#323,.T.);
#3769=EDGE_CURVE('',#2912,#2913,#1737,.T.);
#3770=EDGE_CURVE('',#2912,#2914,#324,.T.);
#3771=EDGE_CURVE('',#2915,#2913,#325,.T.);
#3772=EDGE_CURVE('',#2914,#2915,#1738,.T.);
#3773=EDGE_CURVE('',#2914,#2916,#326,.T.);
#3774=EDGE_CURVE('',#2917,#2915,#327,.T.);
#3775=EDGE_CURVE('',#2916,#2917,#1739,.T.);
#3776=EDGE_CURVE('',#2916,#2918,#1740,.T.);
#3777=EDGE_CURVE('',#2919,#2917,#1741,.T.);
#3778=EDGE_CURVE('',#2918,#2919,#1742,.T.);
#3779=EDGE_CURVE('',#2918,#2920,#1743,.T.);
#3780=EDGE_CURVE('',#2921,#2919,#1744,.T.);
#3781=EDGE_CURVE('',#2920,#2921,#1745,.T.);
#3782=EDGE_CURVE('',#2920,#2922,#1746,.T.);
#3783=EDGE_CURVE('',#2923,#2921,#1747,.T.);
#3784=EDGE_CURVE('',#2922,#2923,#1748,.T.);
#3785=EDGE_CURVE('',#2922,#2924,#328,.T.);
#3786=EDGE_CURVE('',#2925,#2923,#329,.T.);
#3787=EDGE_CURVE('',#2924,#2925,#1749,.T.);
#3788=EDGE_CURVE('',#2924,#2926,#330,.T.);
#3789=EDGE_CURVE('',#2927,#2925,#331,.T.);
#3790=EDGE_CURVE('',#2926,#2927,#1750,.T.);
#3791=EDGE_CURVE('',#2926,#2928,#332,.T.);
#3792=EDGE_CURVE('',#2929,#2927,#333,.T.);
#3793=EDGE_CURVE('',#2928,#2929,#1751,.T.);
#3794=EDGE_CURVE('',#2928,#2930,#334,.T.);
#3795=EDGE_CURVE('',#2931,#2929,#335,.T.);
#3796=EDGE_CURVE('',#2930,#2931,#1752,.T.);
#3797=EDGE_CURVE('',#2930,#2932,#336,.T.);
#3798=EDGE_CURVE('',#2933,#2931,#337,.T.);
#3799=EDGE_CURVE('',#2932,#2933,#1753,.T.);
#3800=EDGE_CURVE('',#2932,#2934,#338,.T.);
#3801=EDGE_CURVE('',#2935,#2933,#339,.T.);
#3802=EDGE_CURVE('',#2934,#2935,#1754,.T.);
#3803=EDGE_CURVE('',#2934,#2936,#340,.T.);
#3804=EDGE_CURVE('',#2937,#2935,#341,.T.);
#3805=EDGE_CURVE('',#2936,#2937,#1755,.T.);
#3806=EDGE_CURVE('',#2936,#2938,#342,.T.);
#3807=EDGE_CURVE('',#2939,#2937,#343,.T.);
#3808=EDGE_CURVE('',#2938,#2939,#1756,.T.);
#3809=EDGE_CURVE('',#2938,#2940,#344,.T.);
#3810=EDGE_CURVE('',#2941,#2939,#345,.T.);
#3811=EDGE_CURVE('',#2940,#2941,#1757,.T.);
#3812=EDGE_CURVE('',#2940,#2942,#346,.T.);
#3813=EDGE_CURVE('',#2943,#2941,#347,.T.);
#3814=EDGE_CURVE('',#2942,#2943,#1758,.T.);
#3815=EDGE_CURVE('',#2942,#2944,#348,.T.);
#3816=EDGE_CURVE('',#2945,#2943,#349,.T.);
#3817=EDGE_CURVE('',#2944,#2945,#1759,.T.);
#3818=EDGE_CURVE('',#2944,#2946,#350,.T.);
#3819=EDGE_CURVE('',#2947,#2945,#351,.T.);
#3820=EDGE_CURVE('',#2946,#2947,#1760,.T.);
#3821=EDGE_CURVE('',#2946,#2948,#352,.T.);
#3822=EDGE_CURVE('',#2949,#2947,#353,.T.);
#3823=EDGE_CURVE('',#2948,#2949,#1761,.T.);
#3824=EDGE_CURVE('',#2948,#2950,#354,.T.);
#3825=EDGE_CURVE('',#2951,#2949,#355,.T.);
#3826=EDGE_CURVE('',#2950,#2951,#1762,.T.);
#3827=EDGE_CURVE('',#2950,#2952,#356,.T.);
#3828=EDGE_CURVE('',#2953,#2951,#357,.T.);
#3829=EDGE_CURVE('',#2952,#2953,#1763,.T.);
#3830=EDGE_CURVE('',#2952,#2884,#1764,.T.);
#3831=EDGE_CURVE('',#2886,#2953,#1765,.T.);
#3832=EDGE_CURVE('',#2954,#2955,#1766,.T.);
#3833=EDGE_CURVE('',#2954,#2956,#1767,.T.);
#3834=EDGE_CURVE('',#2957,#2956,#1768,.T.);
#3835=EDGE_CURVE('',#2955,#2957,#1769,.T.);
#3836=EDGE_CURVE('',#2955,#2958,#358,.T.);
#3837=EDGE_CURVE('',#2959,#2957,#359,.T.);
#3838=EDGE_CURVE('',#2958,#2959,#1770,.T.);
#3839=EDGE_CURVE('',#2958,#2960,#360,.T.);
#3840=EDGE_CURVE('',#2961,#2959,#361,.T.);
#3841=EDGE_CURVE('',#2960,#2961,#1771,.T.);
#3842=EDGE_CURVE('',#2960,#2962,#1772,.T.);
#3843=EDGE_CURVE('',#2963,#2961,#1773,.T.);
#3844=EDGE_CURVE('',#2962,#2963,#1774,.T.);
#3845=EDGE_CURVE('',#2962,#2964,#362,.T.);
#3846=EDGE_CURVE('',#2965,#2963,#363,.T.);
#3847=EDGE_CURVE('',#2964,#2965,#1775,.T.);
#3848=EDGE_CURVE('',#2964,#2954,#364,.T.);
#3849=EDGE_CURVE('',#2956,#2965,#365,.T.);
#3850=EDGE_CURVE('',#2966,#2967,#1776,.T.);
#3851=EDGE_CURVE('',#2966,#2968,#1777,.T.);
#3852=EDGE_CURVE('',#2969,#2968,#1778,.T.);
#3853=EDGE_CURVE('',#2967,#2969,#1779,.T.);
#3854=EDGE_CURVE('',#2967,#2970,#366,.T.);
#3855=EDGE_CURVE('',#2971,#2969,#367,.T.);
#3856=EDGE_CURVE('',#2970,#2971,#1780,.T.);
#3857=EDGE_CURVE('',#2970,#2972,#368,.T.);
#3858=EDGE_CURVE('',#2973,#2971,#369,.T.);
#3859=EDGE_CURVE('',#2972,#2973,#1781,.T.);
#3860=EDGE_CURVE('',#2972,#2974,#370,.T.);
#3861=EDGE_CURVE('',#2975,#2973,#371,.T.);
#3862=EDGE_CURVE('',#2974,#2975,#1782,.T.);
#3863=EDGE_CURVE('',#2974,#2976,#372,.T.);
#3864=EDGE_CURVE('',#2977,#2975,#373,.T.);
#3865=EDGE_CURVE('',#2976,#2977,#1783,.T.);
#3866=EDGE_CURVE('',#2976,#2978,#374,.T.);
#3867=EDGE_CURVE('',#2979,#2977,#375,.T.);
#3868=EDGE_CURVE('',#2978,#2979,#1784,.T.);
#3869=EDGE_CURVE('',#2978,#2980,#376,.T.);
#3870=EDGE_CURVE('',#2981,#2979,#377,.T.);
#3871=EDGE_CURVE('',#2980,#2981,#1785,.T.);
#3872=EDGE_CURVE('',#2980,#2982,#378,.T.);
#3873=EDGE_CURVE('',#2983,#2981,#379,.T.);
#3874=EDGE_CURVE('',#2982,#2983,#1786,.T.);
#3875=EDGE_CURVE('',#2982,#2984,#380,.T.);
#3876=EDGE_CURVE('',#2985,#2983,#381,.T.);
#3877=EDGE_CURVE('',#2984,#2985,#1787,.T.);
#3878=EDGE_CURVE('',#2984,#2986,#1788,.T.);
#3879=EDGE_CURVE('',#2987,#2985,#1789,.T.);
#3880=EDGE_CURVE('',#2986,#2987,#1790,.T.);
#3881=EDGE_CURVE('',#2986,#2988,#1791,.T.);
#3882=EDGE_CURVE('',#2989,#2987,#1792,.T.);
#3883=EDGE_CURVE('',#2988,#2989,#1793,.T.);
#3884=EDGE_CURVE('',#2988,#2990,#1794,.T.);
#3885=EDGE_CURVE('',#2991,#2989,#1795,.T.);
#3886=EDGE_CURVE('',#2990,#2991,#1796,.T.);
#3887=EDGE_CURVE('',#2990,#2992,#382,.T.);
#3888=EDGE_CURVE('',#2993,#2991,#383,.T.);
#3889=EDGE_CURVE('',#2992,#2993,#1797,.T.);
#3890=EDGE_CURVE('',#2992,#2994,#384,.T.);
#3891=EDGE_CURVE('',#2995,#2993,#385,.T.);
#3892=EDGE_CURVE('',#2994,#2995,#1798,.T.);
#3893=EDGE_CURVE('',#2994,#2996,#1799,.T.);
#3894=EDGE_CURVE('',#2997,#2995,#1800,.T.);
#3895=EDGE_CURVE('',#2996,#2997,#1801,.T.);
#3896=EDGE_CURVE('',#2996,#2998,#1802,.T.);
#3897=EDGE_CURVE('',#2999,#2997,#1803,.T.);
#3898=EDGE_CURVE('',#2998,#2999,#1804,.T.);
#3899=EDGE_CURVE('',#2998,#2966,#1805,.T.);
#3900=EDGE_CURVE('',#2968,#2999,#1806,.T.);
#3901=EDGE_CURVE('',#3000,#3001,#1807,.T.);
#3902=EDGE_CURVE('',#3002,#3000,#31,.T.);
#3903=EDGE_CURVE('',#3003,#3002,#1808,.T.);
#3904=EDGE_CURVE('',#3004,#3003,#32,.T.);
#3905=EDGE_CURVE('',#3005,#3004,#1809,.T.);
#3906=EDGE_CURVE('',#3006,#3005,#33,.T.);
#3907=EDGE_CURVE('',#3007,#3006,#1810,.T.);
#3908=EDGE_CURVE('',#3001,#3007,#34,.T.);
#3909=EDGE_CURVE('',#3001,#3008,#35,.T.);
#3910=EDGE_CURVE('',#3008,#3009,#1811,.T.);
#3911=EDGE_CURVE('',#3009,#3000,#36,.T.);
#3912=EDGE_CURVE('',#3007,#3010,#37,.T.);
#3913=EDGE_CURVE('',#3010,#3008,#38,.T.);
#3914=EDGE_CURVE('',#3011,#3012,#386,.T.);
#3915=EDGE_CURVE('',#3012,#3011,#39,.T.);
#3916=EDGE_CURVE('',#3013,#3002,#40,.T.);
#3917=EDGE_CURVE('',#3009,#3013,#41,.T.);
#3918=EDGE_CURVE('',#3014,#3015,#387,.T.);
#3919=EDGE_CURVE('',#3015,#3014,#42,.T.);
#3920=EDGE_CURVE('',#3006,#3016,#43,.T.);
#3921=EDGE_CURVE('',#3016,#3010,#1812,.T.);
#3922=EDGE_CURVE('',#3017,#3003,#44,.T.);
#3923=EDGE_CURVE('',#3013,#3017,#1813,.T.);
#3924=EDGE_CURVE('',#3005,#3018,#45,.T.);
#3925=EDGE_CURVE('',#3018,#3016,#46,.T.);
#3926=EDGE_CURVE('',#3019,#3020,#388,.T.);
#3927=EDGE_CURVE('',#3020,#3019,#47,.T.);
#3928=EDGE_CURVE('',#3021,#3004,#48,.T.);
#3929=EDGE_CURVE('',#3017,#3021,#49,.T.);
#3930=EDGE_CURVE('',#3022,#3023,#389,.T.);
#3931=EDGE_CURVE('',#3023,#3022,#50,.T.);
#3932=EDGE_CURVE('',#3021,#3018,#1814,.T.);
#3933=EDGE_CURVE('',#3011,#3012,#51,.T.);
#3934=EDGE_CURVE('',#3014,#3015,#52,.T.);
#3935=EDGE_CURVE('',#3019,#3020,#53,.T.);
#3936=EDGE_CURVE('',#3022,#3023,#54,.T.);
#3937=EDGE_CURVE('',#3024,#3025,#1815,.T.);
#3938=EDGE_CURVE('',#3024,#3026,#1816,.T.);
#3939=EDGE_CURVE('',#3027,#3026,#1817,.T.);
#3940=EDGE_CURVE('',#3025,#3027,#1818,.T.);
#3941=EDGE_CURVE('',#3025,#3028,#1819,.T.);
#3942=EDGE_CURVE('',#3029,#3027,#1820,.T.);
#3943=EDGE_CURVE('',#3028,#3029,#1821,.T.);
#3944=EDGE_CURVE('',#3028,#3030,#1822,.T.);
#3945=EDGE_CURVE('',#3031,#3029,#1823,.T.);
#3946=EDGE_CURVE('',#3030,#3031,#1824,.T.);
#3947=EDGE_CURVE('',#3030,#3024,#1825,.T.);
#3948=EDGE_CURVE('',#3026,#3031,#1826,.T.);
#3949=EDGE_CURVE('',#3032,#3032,#55,.T.);
#3950=EDGE_CURVE('',#3033,#3033,#56,.T.);
#3951=EDGE_CURVE('',#3034,#3034,#57,.T.);
#3952=EDGE_CURVE('',#3035,#3035,#58,.T.);
#3953=EDGE_CURVE('',#3033,#3036,#1827,.T.);
#3954=EDGE_CURVE('',#3036,#3036,#59,.T.);
#3955=EDGE_CURVE('',#3035,#3037,#1828,.T.);
#3956=EDGE_CURVE('',#3037,#3037,#60,.T.);
#3957=EDGE_CURVE('',#3032,#3038,#1829,.T.);
#3958=EDGE_CURVE('',#3038,#3038,#61,.T.);
#3959=EDGE_CURVE('',#3034,#3039,#1830,.T.);
#3960=EDGE_CURVE('',#3039,#3039,#62,.T.);
#3961=ORIENTED_EDGE('',*,*,#3040,.F.);
#3962=ORIENTED_EDGE('',*,*,#3041,.T.);
#3963=ORIENTED_EDGE('',*,*,#3042,.F.);
#3964=ORIENTED_EDGE('',*,*,#3043,.F.);
#3965=ORIENTED_EDGE('',*,*,#3044,.F.);
#3966=ORIENTED_EDGE('',*,*,#3043,.T.);
#3967=ORIENTED_EDGE('',*,*,#3045,.F.);
#3968=ORIENTED_EDGE('',*,*,#3046,.F.);
#3969=ORIENTED_EDGE('',*,*,#3047,.F.);
#3970=ORIENTED_EDGE('',*,*,#3046,.T.);
#3971=ORIENTED_EDGE('',*,*,#3048,.F.);
#3972=ORIENTED_EDGE('',*,*,#3049,.F.);
#3973=ORIENTED_EDGE('',*,*,#3050,.F.);
#3974=ORIENTED_EDGE('',*,*,#3049,.T.);
#3975=ORIENTED_EDGE('',*,*,#3051,.F.);
#3976=ORIENTED_EDGE('',*,*,#3052,.F.);
#3977=ORIENTED_EDGE('',*,*,#3053,.F.);
#3978=ORIENTED_EDGE('',*,*,#3052,.T.);
#3979=ORIENTED_EDGE('',*,*,#3054,.F.);
#3980=ORIENTED_EDGE('',*,*,#3055,.F.);
#3981=ORIENTED_EDGE('',*,*,#3056,.F.);
#3982=ORIENTED_EDGE('',*,*,#3055,.T.);
#3983=ORIENTED_EDGE('',*,*,#3057,.F.);
#3984=ORIENTED_EDGE('',*,*,#3058,.F.);
#3985=ORIENTED_EDGE('',*,*,#3059,.F.);
#3986=ORIENTED_EDGE('',*,*,#3058,.T.);
#3987=ORIENTED_EDGE('',*,*,#3060,.F.);
#3988=ORIENTED_EDGE('',*,*,#3061,.F.);
#3989=ORIENTED_EDGE('',*,*,#3062,.F.);
#3990=ORIENTED_EDGE('',*,*,#3061,.T.);
#3991=ORIENTED_EDGE('',*,*,#3063,.F.);
#3992=ORIENTED_EDGE('',*,*,#3064,.F.);
#3993=ORIENTED_EDGE('',*,*,#3065,.F.);
#3994=ORIENTED_EDGE('',*,*,#3064,.T.);
#3995=ORIENTED_EDGE('',*,*,#3066,.F.);
#3996=ORIENTED_EDGE('',*,*,#3067,.F.);
#3997=ORIENTED_EDGE('',*,*,#3068,.F.);
#3998=ORIENTED_EDGE('',*,*,#3067,.T.);
#3999=ORIENTED_EDGE('',*,*,#3069,.F.);
#4000=ORIENTED_EDGE('',*,*,#3070,.F.);
#4001=ORIENTED_EDGE('',*,*,#3071,.F.);
#4002=ORIENTED_EDGE('',*,*,#3070,.T.);
#4003=ORIENTED_EDGE('',*,*,#3072,.F.);
#4004=ORIENTED_EDGE('',*,*,#3073,.F.);
#4005=ORIENTED_EDGE('',*,*,#3074,.F.);
#4006=ORIENTED_EDGE('',*,*,#3073,.T.);
#4007=ORIENTED_EDGE('',*,*,#3075,.F.);
#4008=ORIENTED_EDGE('',*,*,#3076,.F.);
#4009=ORIENTED_EDGE('',*,*,#3077,.F.);
#4010=ORIENTED_EDGE('',*,*,#3076,.T.);
#4011=ORIENTED_EDGE('',*,*,#3078,.F.);
#4012=ORIENTED_EDGE('',*,*,#3079,.F.);
#4013=ORIENTED_EDGE('',*,*,#3080,.F.);
#4014=ORIENTED_EDGE('',*,*,#3079,.T.);
#4015=ORIENTED_EDGE('',*,*,#3081,.F.);
#4016=ORIENTED_EDGE('',*,*,#3082,.F.);
#4017=ORIENTED_EDGE('',*,*,#3083,.F.);
#4018=ORIENTED_EDGE('',*,*,#3082,.T.);
#4019=ORIENTED_EDGE('',*,*,#3084,.F.);
#4020=ORIENTED_EDGE('',*,*,#3085,.F.);
#4021=ORIENTED_EDGE('',*,*,#3086,.F.);
#4022=ORIENTED_EDGE('',*,*,#3085,.T.);
#4023=ORIENTED_EDGE('',*,*,#3087,.F.);
#4024=ORIENTED_EDGE('',*,*,#3088,.F.);
#4025=ORIENTED_EDGE('',*,*,#3089,.F.);
#4026=ORIENTED_EDGE('',*,*,#3088,.T.);
#4027=ORIENTED_EDGE('',*,*,#3090,.F.);
#4028=ORIENTED_EDGE('',*,*,#3091,.F.);
#4029=ORIENTED_EDGE('',*,*,#3092,.F.);
#4030=ORIENTED_EDGE('',*,*,#3091,.T.);
#4031=ORIENTED_EDGE('',*,*,#3093,.F.);
#4032=ORIENTED_EDGE('',*,*,#3094,.F.);
#4033=ORIENTED_EDGE('',*,*,#3095,.F.);
#4034=ORIENTED_EDGE('',*,*,#3094,.T.);
#4035=ORIENTED_EDGE('',*,*,#3096,.F.);
#4036=ORIENTED_EDGE('',*,*,#3097,.F.);
#4037=ORIENTED_EDGE('',*,*,#3098,.F.);
#4038=ORIENTED_EDGE('',*,*,#3097,.T.);
#4039=ORIENTED_EDGE('',*,*,#3099,.F.);
#4040=ORIENTED_EDGE('',*,*,#3100,.F.);
#4041=ORIENTED_EDGE('',*,*,#3101,.F.);
#4042=ORIENTED_EDGE('',*,*,#3100,.T.);
#4043=ORIENTED_EDGE('',*,*,#3102,.F.);
#4044=ORIENTED_EDGE('',*,*,#3103,.F.);
#4045=ORIENTED_EDGE('',*,*,#3104,.F.);
#4046=ORIENTED_EDGE('',*,*,#3103,.T.);
#4047=ORIENTED_EDGE('',*,*,#3105,.F.);
#4048=ORIENTED_EDGE('',*,*,#3106,.F.);
#4049=ORIENTED_EDGE('',*,*,#3107,.F.);
#4050=ORIENTED_EDGE('',*,*,#3106,.T.);
#4051=ORIENTED_EDGE('',*,*,#3108,.F.);
#4052=ORIENTED_EDGE('',*,*,#3109,.F.);
#4053=ORIENTED_EDGE('',*,*,#3110,.F.);
#4054=ORIENTED_EDGE('',*,*,#3109,.T.);
#4055=ORIENTED_EDGE('',*,*,#3111,.F.);
#4056=ORIENTED_EDGE('',*,*,#3112,.F.);
#4057=ORIENTED_EDGE('',*,*,#3113,.F.);
#4058=ORIENTED_EDGE('',*,*,#3112,.T.);
#4059=ORIENTED_EDGE('',*,*,#3114,.F.);
#4060=ORIENTED_EDGE('',*,*,#3115,.F.);
#4061=ORIENTED_EDGE('',*,*,#3116,.F.);
#4062=ORIENTED_EDGE('',*,*,#3115,.T.);
#4063=ORIENTED_EDGE('',*,*,#3117,.F.);
#4064=ORIENTED_EDGE('',*,*,#3118,.F.);
#4065=ORIENTED_EDGE('',*,*,#3119,.F.);
#4066=ORIENTED_EDGE('',*,*,#3118,.T.);
#4067=ORIENTED_EDGE('',*,*,#3120,.F.);
#4068=ORIENTED_EDGE('',*,*,#3121,.F.);
#4069=ORIENTED_EDGE('',*,*,#3122,.F.);
#4070=ORIENTED_EDGE('',*,*,#3121,.T.);
#4071=ORIENTED_EDGE('',*,*,#3123,.F.);
#4072=ORIENTED_EDGE('',*,*,#3124,.F.);
#4073=ORIENTED_EDGE('',*,*,#3125,.F.);
#4074=ORIENTED_EDGE('',*,*,#3124,.T.);
#4075=ORIENTED_EDGE('',*,*,#3126,.F.);
#4076=ORIENTED_EDGE('',*,*,#3041,.F.);
#4077=ORIENTED_EDGE('',*,*,#3126,.T.);
#4078=ORIENTED_EDGE('',*,*,#3123,.T.);
#4079=ORIENTED_EDGE('',*,*,#3120,.T.);
#4080=ORIENTED_EDGE('',*,*,#3117,.T.);
#4081=ORIENTED_EDGE('',*,*,#3114,.T.);
#4082=ORIENTED_EDGE('',*,*,#3111,.T.);
#4083=ORIENTED_EDGE('',*,*,#3108,.T.);
#4084=ORIENTED_EDGE('',*,*,#3105,.T.);
#4085=ORIENTED_EDGE('',*,*,#3102,.T.);
#4086=ORIENTED_EDGE('',*,*,#3099,.T.);
#4087=ORIENTED_EDGE('',*,*,#3096,.T.);
#4088=ORIENTED_EDGE('',*,*,#3093,.T.);
#4089=ORIENTED_EDGE('',*,*,#3090,.T.);
#4090=ORIENTED_EDGE('',*,*,#3087,.T.);
#4091=ORIENTED_EDGE('',*,*,#3084,.T.);
#4092=ORIENTED_EDGE('',*,*,#3081,.T.);
#4093=ORIENTED_EDGE('',*,*,#3078,.T.);
#4094=ORIENTED_EDGE('',*,*,#3075,.T.);
#4095=ORIENTED_EDGE('',*,*,#3072,.T.);
#4096=ORIENTED_EDGE('',*,*,#3069,.T.);
#4097=ORIENTED_EDGE('',*,*,#3066,.T.);
#4098=ORIENTED_EDGE('',*,*,#3063,.T.);
#4099=ORIENTED_EDGE('',*,*,#3060,.T.);
#4100=ORIENTED_EDGE('',*,*,#3057,.T.);
#4101=ORIENTED_EDGE('',*,*,#3054,.T.);
#4102=ORIENTED_EDGE('',*,*,#3051,.T.);
#4103=ORIENTED_EDGE('',*,*,#3048,.T.);
#4104=ORIENTED_EDGE('',*,*,#3045,.T.);
#4105=ORIENTED_EDGE('',*,*,#3042,.T.);
#4106=ORIENTED_EDGE('',*,*,#3127,.F.);
#4107=ORIENTED_EDGE('',*,*,#3128,.T.);
#4108=ORIENTED_EDGE('',*,*,#3129,.F.);
#4109=ORIENTED_EDGE('',*,*,#3130,.F.);
#4110=ORIENTED_EDGE('',*,*,#3131,.F.);
#4111=ORIENTED_EDGE('',*,*,#3130,.T.);
#4112=ORIENTED_EDGE('',*,*,#3132,.F.);
#4113=ORIENTED_EDGE('',*,*,#3133,.F.);
#4114=ORIENTED_EDGE('',*,*,#3134,.F.);
#4115=ORIENTED_EDGE('',*,*,#3133,.T.);
#4116=ORIENTED_EDGE('',*,*,#3135,.F.);
#4117=ORIENTED_EDGE('',*,*,#3128,.F.);
#4118=ORIENTED_EDGE('',*,*,#3136,.F.);
#4119=ORIENTED_EDGE('',*,*,#3137,.T.);
#4120=ORIENTED_EDGE('',*,*,#3138,.F.);
#4121=ORIENTED_EDGE('',*,*,#3139,.F.);
#4122=ORIENTED_EDGE('',*,*,#3140,.F.);
#4123=ORIENTED_EDGE('',*,*,#3139,.T.);
#4124=ORIENTED_EDGE('',*,*,#3141,.F.);
#4125=ORIENTED_EDGE('',*,*,#3142,.F.);
#4126=ORIENTED_EDGE('',*,*,#3143,.F.);
#4127=ORIENTED_EDGE('',*,*,#3142,.T.);
#4128=ORIENTED_EDGE('',*,*,#3144,.F.);
#4129=ORIENTED_EDGE('',*,*,#3145,.F.);
#4130=ORIENTED_EDGE('',*,*,#3146,.F.);
#4131=ORIENTED_EDGE('',*,*,#3145,.T.);
#4132=ORIENTED_EDGE('',*,*,#3147,.F.);
#4133=ORIENTED_EDGE('',*,*,#3148,.F.);
#4134=ORIENTED_EDGE('',*,*,#3149,.F.);
#4135=ORIENTED_EDGE('',*,*,#3148,.T.);
#4136=ORIENTED_EDGE('',*,*,#3150,.F.);
#4137=ORIENTED_EDGE('',*,*,#3151,.F.);
#4138=ORIENTED_EDGE('',*,*,#3152,.F.);
#4139=ORIENTED_EDGE('',*,*,#3151,.T.);
#4140=ORIENTED_EDGE('',*,*,#3153,.F.);
#4141=ORIENTED_EDGE('',*,*,#3154,.F.);
#4142=ORIENTED_EDGE('',*,*,#3155,.F.);
#4143=ORIENTED_EDGE('',*,*,#3154,.T.);
#4144=ORIENTED_EDGE('',*,*,#3156,.F.);
#4145=ORIENTED_EDGE('',*,*,#3157,.F.);
#4146=ORIENTED_EDGE('',*,*,#3158,.F.);
#4147=ORIENTED_EDGE('',*,*,#3157,.T.);
#4148=ORIENTED_EDGE('',*,*,#3159,.F.);
#4149=ORIENTED_EDGE('',*,*,#3137,.F.);
#4150=ORIENTED_EDGE('',*,*,#3159,.T.);
#4151=ORIENTED_EDGE('',*,*,#3156,.T.);
#4152=ORIENTED_EDGE('',*,*,#3153,.T.);
#4153=ORIENTED_EDGE('',*,*,#3150,.T.);
#4154=ORIENTED_EDGE('',*,*,#3147,.T.);
#4155=ORIENTED_EDGE('',*,*,#3144,.T.);
#4156=ORIENTED_EDGE('',*,*,#3141,.T.);
#4157=ORIENTED_EDGE('',*,*,#3138,.T.);
#4158=ORIENTED_EDGE('',*,*,#3135,.T.);
#4159=ORIENTED_EDGE('',*,*,#3132,.T.);
#4160=ORIENTED_EDGE('',*,*,#3129,.T.);
#4161=ORIENTED_EDGE('',*,*,#3127,.T.);
#4162=ORIENTED_EDGE('',*,*,#3131,.T.);
#4163=ORIENTED_EDGE('',*,*,#3134,.T.);
#4164=ORIENTED_EDGE('',*,*,#3160,.F.);
#4165=ORIENTED_EDGE('',*,*,#3161,.T.);
#4166=ORIENTED_EDGE('',*,*,#3162,.F.);
#4167=ORIENTED_EDGE('',*,*,#3163,.F.);
#4168=ORIENTED_EDGE('',*,*,#3164,.F.);
#4169=ORIENTED_EDGE('',*,*,#3163,.T.);
#4170=ORIENTED_EDGE('',*,*,#3165,.F.);
#4171=ORIENTED_EDGE('',*,*,#3166,.F.);
#4172=ORIENTED_EDGE('',*,*,#3167,.F.);
#4173=ORIENTED_EDGE('',*,*,#3166,.T.);
#4174=ORIENTED_EDGE('',*,*,#3168,.F.);
#4175=ORIENTED_EDGE('',*,*,#3169,.F.);
#4176=ORIENTED_EDGE('',*,*,#3170,.F.);
#4177=ORIENTED_EDGE('',*,*,#3169,.T.);
#4178=ORIENTED_EDGE('',*,*,#3171,.F.);
#4179=ORIENTED_EDGE('',*,*,#3172,.F.);
#4180=ORIENTED_EDGE('',*,*,#3173,.F.);
#4181=ORIENTED_EDGE('',*,*,#3172,.T.);
#4182=ORIENTED_EDGE('',*,*,#3174,.F.);
#4183=ORIENTED_EDGE('',*,*,#3175,.F.);
#4184=ORIENTED_EDGE('',*,*,#3176,.F.);
#4185=ORIENTED_EDGE('',*,*,#3175,.T.);
#4186=ORIENTED_EDGE('',*,*,#3177,.F.);
#4187=ORIENTED_EDGE('',*,*,#3178,.F.);
#4188=ORIENTED_EDGE('',*,*,#3179,.F.);
#4189=ORIENTED_EDGE('',*,*,#3178,.T.);
#4190=ORIENTED_EDGE('',*,*,#3180,.F.);
#4191=ORIENTED_EDGE('',*,*,#3181,.F.);
#4192=ORIENTED_EDGE('',*,*,#3182,.F.);
#4193=ORIENTED_EDGE('',*,*,#3181,.T.);
#4194=ORIENTED_EDGE('',*,*,#3183,.F.);
#4195=ORIENTED_EDGE('',*,*,#3184,.F.);
#4196=ORIENTED_EDGE('',*,*,#3185,.F.);
#4197=ORIENTED_EDGE('',*,*,#3184,.T.);
#4198=ORIENTED_EDGE('',*,*,#3186,.F.);
#4199=ORIENTED_EDGE('',*,*,#3187,.F.);
#4200=ORIENTED_EDGE('',*,*,#3188,.F.);
#4201=ORIENTED_EDGE('',*,*,#3187,.T.);
#4202=ORIENTED_EDGE('',*,*,#3189,.F.);
#4203=ORIENTED_EDGE('',*,*,#3190,.F.);
#4204=ORIENTED_EDGE('',*,*,#3191,.F.);
#4205=ORIENTED_EDGE('',*,*,#3190,.T.);
#4206=ORIENTED_EDGE('',*,*,#3192,.F.);
#4207=ORIENTED_EDGE('',*,*,#3193,.F.);
#4208=ORIENTED_EDGE('',*,*,#3194,.F.);
#4209=ORIENTED_EDGE('',*,*,#3193,.T.);
#4210=ORIENTED_EDGE('',*,*,#3195,.F.);
#4211=ORIENTED_EDGE('',*,*,#3161,.F.);
#4212=ORIENTED_EDGE('',*,*,#3195,.T.);
#4213=ORIENTED_EDGE('',*,*,#3192,.T.);
#4214=ORIENTED_EDGE('',*,*,#3189,.T.);
#4215=ORIENTED_EDGE('',*,*,#3186,.T.);
#4216=ORIENTED_EDGE('',*,*,#3183,.T.);
#4217=ORIENTED_EDGE('',*,*,#3180,.T.);
#4218=ORIENTED_EDGE('',*,*,#3177,.T.);
#4219=ORIENTED_EDGE('',*,*,#3174,.T.);
#4220=ORIENTED_EDGE('',*,*,#3171,.T.);
#4221=ORIENTED_EDGE('',*,*,#3168,.T.);
#4222=ORIENTED_EDGE('',*,*,#3165,.T.);
#4223=ORIENTED_EDGE('',*,*,#3162,.T.);
#4224=ORIENTED_EDGE('',*,*,#3196,.F.);
#4225=ORIENTED_EDGE('',*,*,#3197,.T.);
#4226=ORIENTED_EDGE('',*,*,#3198,.F.);
#4227=ORIENTED_EDGE('',*,*,#3199,.F.);
#4228=ORIENTED_EDGE('',*,*,#3200,.F.);
#4229=ORIENTED_EDGE('',*,*,#3199,.T.);
#4230=ORIENTED_EDGE('',*,*,#3201,.F.);
#4231=ORIENTED_EDGE('',*,*,#3202,.F.);
#4232=ORIENTED_EDGE('',*,*,#3203,.F.);
#4233=ORIENTED_EDGE('',*,*,#3202,.T.);
#4234=ORIENTED_EDGE('',*,*,#3204,.F.);
#4235=ORIENTED_EDGE('',*,*,#3205,.F.);
#4236=ORIENTED_EDGE('',*,*,#3206,.F.);
#4237=ORIENTED_EDGE('',*,*,#3205,.T.);
#4238=ORIENTED_EDGE('',*,*,#3207,.F.);
#4239=ORIENTED_EDGE('',*,*,#3208,.F.);
#4240=ORIENTED_EDGE('',*,*,#3209,.F.);
#4241=ORIENTED_EDGE('',*,*,#3208,.T.);
#4242=ORIENTED_EDGE('',*,*,#3210,.F.);
#4243=ORIENTED_EDGE('',*,*,#3211,.F.);
#4244=ORIENTED_EDGE('',*,*,#3212,.F.);
#4245=ORIENTED_EDGE('',*,*,#3211,.T.);
#4246=ORIENTED_EDGE('',*,*,#3213,.F.);
#4247=ORIENTED_EDGE('',*,*,#3214,.F.);
#4248=ORIENTED_EDGE('',*,*,#3215,.F.);
#4249=ORIENTED_EDGE('',*,*,#3214,.T.);
#4250=ORIENTED_EDGE('',*,*,#3216,.F.);
#4251=ORIENTED_EDGE('',*,*,#3217,.F.);
#4252=ORIENTED_EDGE('',*,*,#3218,.F.);
#4253=ORIENTED_EDGE('',*,*,#3217,.T.);
#4254=ORIENTED_EDGE('',*,*,#3219,.F.);
#4255=ORIENTED_EDGE('',*,*,#3220,.F.);
#4256=ORIENTED_EDGE('',*,*,#3221,.F.);
#4257=ORIENTED_EDGE('',*,*,#3220,.T.);
#4258=ORIENTED_EDGE('',*,*,#3222,.F.);
#4259=ORIENTED_EDGE('',*,*,#3223,.F.);
#4260=ORIENTED_EDGE('',*,*,#3224,.F.);
#4261=ORIENTED_EDGE('',*,*,#3223,.T.);
#4262=ORIENTED_EDGE('',*,*,#3225,.F.);
#4263=ORIENTED_EDGE('',*,*,#3226,.F.);
#4264=ORIENTED_EDGE('',*,*,#3227,.F.);
#4265=ORIENTED_EDGE('',*,*,#3226,.T.);
#4266=ORIENTED_EDGE('',*,*,#3228,.F.);
#4267=ORIENTED_EDGE('',*,*,#3229,.F.);
#4268=ORIENTED_EDGE('',*,*,#3230,.F.);
#4269=ORIENTED_EDGE('',*,*,#3229,.T.);
#4270=ORIENTED_EDGE('',*,*,#3231,.F.);
#4271=ORIENTED_EDGE('',*,*,#3197,.F.);
#4272=ORIENTED_EDGE('',*,*,#3231,.T.);
#4273=ORIENTED_EDGE('',*,*,#3228,.T.);
#4274=ORIENTED_EDGE('',*,*,#3225,.T.);
#4275=ORIENTED_EDGE('',*,*,#3222,.T.);
#4276=ORIENTED_EDGE('',*,*,#3219,.T.);
#4277=ORIENTED_EDGE('',*,*,#3216,.T.);
#4278=ORIENTED_EDGE('',*,*,#3213,.T.);
#4279=ORIENTED_EDGE('',*,*,#3210,.T.);
#4280=ORIENTED_EDGE('',*,*,#3207,.T.);
#4281=ORIENTED_EDGE('',*,*,#3204,.T.);
#4282=ORIENTED_EDGE('',*,*,#3201,.T.);
#4283=ORIENTED_EDGE('',*,*,#3198,.T.);
#4284=ORIENTED_EDGE('',*,*,#3232,.F.);
#4285=ORIENTED_EDGE('',*,*,#3233,.T.);
#4286=ORIENTED_EDGE('',*,*,#3234,.F.);
#4287=ORIENTED_EDGE('',*,*,#3235,.F.);
#4288=ORIENTED_EDGE('',*,*,#3236,.F.);
#4289=ORIENTED_EDGE('',*,*,#3235,.T.);
#4290=ORIENTED_EDGE('',*,*,#3237,.F.);
#4291=ORIENTED_EDGE('',*,*,#3238,.F.);
#4292=ORIENTED_EDGE('',*,*,#3239,.F.);
#4293=ORIENTED_EDGE('',*,*,#3238,.T.);
#4294=ORIENTED_EDGE('',*,*,#3240,.F.);
#4295=ORIENTED_EDGE('',*,*,#3241,.F.);
#4296=ORIENTED_EDGE('',*,*,#3242,.F.);
#4297=ORIENTED_EDGE('',*,*,#3241,.T.);
#4298=ORIENTED_EDGE('',*,*,#3243,.F.);
#4299=ORIENTED_EDGE('',*,*,#3244,.F.);
#4300=ORIENTED_EDGE('',*,*,#3245,.F.);
#4301=ORIENTED_EDGE('',*,*,#3244,.T.);
#4302=ORIENTED_EDGE('',*,*,#3246,.F.);
#4303=ORIENTED_EDGE('',*,*,#3247,.F.);
#4304=ORIENTED_EDGE('',*,*,#3248,.F.);
#4305=ORIENTED_EDGE('',*,*,#3247,.T.);
#4306=ORIENTED_EDGE('',*,*,#3249,.F.);
#4307=ORIENTED_EDGE('',*,*,#3250,.F.);
#4308=ORIENTED_EDGE('',*,*,#3251,.F.);
#4309=ORIENTED_EDGE('',*,*,#3250,.T.);
#4310=ORIENTED_EDGE('',*,*,#3252,.F.);
#4311=ORIENTED_EDGE('',*,*,#3253,.F.);
#4312=ORIENTED_EDGE('',*,*,#3254,.F.);
#4313=ORIENTED_EDGE('',*,*,#3253,.T.);
#4314=ORIENTED_EDGE('',*,*,#3255,.F.);
#4315=ORIENTED_EDGE('',*,*,#3256,.F.);
#4316=ORIENTED_EDGE('',*,*,#3257,.F.);
#4317=ORIENTED_EDGE('',*,*,#3256,.T.);
#4318=ORIENTED_EDGE('',*,*,#3258,.F.);
#4319=ORIENTED_EDGE('',*,*,#3259,.F.);
#4320=ORIENTED_EDGE('',*,*,#3260,.F.);
#4321=ORIENTED_EDGE('',*,*,#3259,.T.);
#4322=ORIENTED_EDGE('',*,*,#3261,.F.);
#4323=ORIENTED_EDGE('',*,*,#3233,.F.);
#4324=ORIENTED_EDGE('',*,*,#3261,.T.);
#4325=ORIENTED_EDGE('',*,*,#3258,.T.);
#4326=ORIENTED_EDGE('',*,*,#3255,.T.);
#4327=ORIENTED_EDGE('',*,*,#3252,.T.);
#4328=ORIENTED_EDGE('',*,*,#3249,.T.);
#4329=ORIENTED_EDGE('',*,*,#3246,.T.);
#4330=ORIENTED_EDGE('',*,*,#3243,.T.);
#4331=ORIENTED_EDGE('',*,*,#3240,.T.);
#4332=ORIENTED_EDGE('',*,*,#3237,.T.);
#4333=ORIENTED_EDGE('',*,*,#3234,.T.);
#4334=ORIENTED_EDGE('',*,*,#3262,.F.);
#4335=ORIENTED_EDGE('',*,*,#3263,.T.);
#4336=ORIENTED_EDGE('',*,*,#3264,.F.);
#4337=ORIENTED_EDGE('',*,*,#3265,.F.);
#4338=ORIENTED_EDGE('',*,*,#3266,.F.);
#4339=ORIENTED_EDGE('',*,*,#3265,.T.);
#4340=ORIENTED_EDGE('',*,*,#3267,.F.);
#4341=ORIENTED_EDGE('',*,*,#3268,.F.);
#4342=ORIENTED_EDGE('',*,*,#3269,.F.);
#4343=ORIENTED_EDGE('',*,*,#3268,.T.);
#4344=ORIENTED_EDGE('',*,*,#3270,.F.);
#4345=ORIENTED_EDGE('',*,*,#3271,.F.);
#4346=ORIENTED_EDGE('',*,*,#3272,.F.);
#4347=ORIENTED_EDGE('',*,*,#3271,.T.);
#4348=ORIENTED_EDGE('',*,*,#3273,.F.);
#4349=ORIENTED_EDGE('',*,*,#3274,.F.);
#4350=ORIENTED_EDGE('',*,*,#3275,.F.);
#4351=ORIENTED_EDGE('',*,*,#3274,.T.);
#4352=ORIENTED_EDGE('',*,*,#3276,.F.);
#4353=ORIENTED_EDGE('',*,*,#3277,.F.);
#4354=ORIENTED_EDGE('',*,*,#3278,.F.);
#4355=ORIENTED_EDGE('',*,*,#3277,.T.);
#4356=ORIENTED_EDGE('',*,*,#3279,.F.);
#4357=ORIENTED_EDGE('',*,*,#3280,.F.);
#4358=ORIENTED_EDGE('',*,*,#3281,.F.);
#4359=ORIENTED_EDGE('',*,*,#3280,.T.);
#4360=ORIENTED_EDGE('',*,*,#3282,.F.);
#4361=ORIENTED_EDGE('',*,*,#3283,.F.);
#4362=ORIENTED_EDGE('',*,*,#3284,.F.);
#4363=ORIENTED_EDGE('',*,*,#3283,.T.);
#4364=ORIENTED_EDGE('',*,*,#3285,.F.);
#4365=ORIENTED_EDGE('',*,*,#3286,.F.);
#4366=ORIENTED_EDGE('',*,*,#3287,.F.);
#4367=ORIENTED_EDGE('',*,*,#3286,.T.);
#4368=ORIENTED_EDGE('',*,*,#3288,.F.);
#4369=ORIENTED_EDGE('',*,*,#3289,.F.);
#4370=ORIENTED_EDGE('',*,*,#3290,.F.);
#4371=ORIENTED_EDGE('',*,*,#3289,.T.);
#4372=ORIENTED_EDGE('',*,*,#3291,.F.);
#4373=ORIENTED_EDGE('',*,*,#3292,.F.);
#4374=ORIENTED_EDGE('',*,*,#3293,.F.);
#4375=ORIENTED_EDGE('',*,*,#3292,.T.);
#4376=ORIENTED_EDGE('',*,*,#3294,.F.);
#4377=ORIENTED_EDGE('',*,*,#3295,.F.);
#4378=ORIENTED_EDGE('',*,*,#3296,.F.);
#4379=ORIENTED_EDGE('',*,*,#3295,.T.);
#4380=ORIENTED_EDGE('',*,*,#3297,.F.);
#4381=ORIENTED_EDGE('',*,*,#3263,.F.);
#4382=ORIENTED_EDGE('',*,*,#3297,.T.);
#4383=ORIENTED_EDGE('',*,*,#3294,.T.);
#4384=ORIENTED_EDGE('',*,*,#3291,.T.);
#4385=ORIENTED_EDGE('',*,*,#3288,.T.);
#4386=ORIENTED_EDGE('',*,*,#3285,.T.);
#4387=ORIENTED_EDGE('',*,*,#3282,.T.);
#4388=ORIENTED_EDGE('',*,*,#3279,.T.);
#4389=ORIENTED_EDGE('',*,*,#3276,.T.);
#4390=ORIENTED_EDGE('',*,*,#3273,.T.);
#4391=ORIENTED_EDGE('',*,*,#3270,.T.);
#4392=ORIENTED_EDGE('',*,*,#3267,.T.);
#4393=ORIENTED_EDGE('',*,*,#3264,.T.);
#4394=ORIENTED_EDGE('',*,*,#3298,.F.);
#4395=ORIENTED_EDGE('',*,*,#3299,.T.);
#4396=ORIENTED_EDGE('',*,*,#3300,.F.);
#4397=ORIENTED_EDGE('',*,*,#3301,.F.);
#4398=ORIENTED_EDGE('',*,*,#3302,.F.);
#4399=ORIENTED_EDGE('',*,*,#3301,.T.);
#4400=ORIENTED_EDGE('',*,*,#3303,.F.);
#4401=ORIENTED_EDGE('',*,*,#3304,.F.);
#4402=ORIENTED_EDGE('',*,*,#3305,.F.);
#4403=ORIENTED_EDGE('',*,*,#3304,.T.);
#4404=ORIENTED_EDGE('',*,*,#3306,.F.);
#4405=ORIENTED_EDGE('',*,*,#3299,.F.);
#4406=ORIENTED_EDGE('',*,*,#3307,.F.);
#4407=ORIENTED_EDGE('',*,*,#3308,.T.);
#4408=ORIENTED_EDGE('',*,*,#3309,.F.);
#4409=ORIENTED_EDGE('',*,*,#3310,.F.);
#4410=ORIENTED_EDGE('',*,*,#3311,.F.);
#4411=ORIENTED_EDGE('',*,*,#3310,.T.);
#4412=ORIENTED_EDGE('',*,*,#3312,.F.);
#4413=ORIENTED_EDGE('',*,*,#3313,.F.);
#4414=ORIENTED_EDGE('',*,*,#3314,.F.);
#4415=ORIENTED_EDGE('',*,*,#3313,.T.);
#4416=ORIENTED_EDGE('',*,*,#3315,.F.);
#4417=ORIENTED_EDGE('',*,*,#3316,.F.);
#4418=ORIENTED_EDGE('',*,*,#3317,.F.);
#4419=ORIENTED_EDGE('',*,*,#3316,.T.);
#4420=ORIENTED_EDGE('',*,*,#3318,.F.);
#4421=ORIENTED_EDGE('',*,*,#3319,.F.);
#4422=ORIENTED_EDGE('',*,*,#3320,.F.);
#4423=ORIENTED_EDGE('',*,*,#3319,.T.);
#4424=ORIENTED_EDGE('',*,*,#3321,.F.);
#4425=ORIENTED_EDGE('',*,*,#3322,.F.);
#4426=ORIENTED_EDGE('',*,*,#3323,.F.);
#4427=ORIENTED_EDGE('',*,*,#3322,.T.);
#4428=ORIENTED_EDGE('',*,*,#3324,.F.);
#4429=ORIENTED_EDGE('',*,*,#3325,.F.);
#4430=ORIENTED_EDGE('',*,*,#3326,.F.);
#4431=ORIENTED_EDGE('',*,*,#3325,.T.);
#4432=ORIENTED_EDGE('',*,*,#3327,.F.);
#4433=ORIENTED_EDGE('',*,*,#3328,.F.);
#4434=ORIENTED_EDGE('',*,*,#3329,.F.);
#4435=ORIENTED_EDGE('',*,*,#3328,.T.);
#4436=ORIENTED_EDGE('',*,*,#3330,.F.);
#4437=ORIENTED_EDGE('',*,*,#3308,.F.);
#4438=ORIENTED_EDGE('',*,*,#3330,.T.);
#4439=ORIENTED_EDGE('',*,*,#3327,.T.);
#4440=ORIENTED_EDGE('',*,*,#3324,.T.);
#4441=ORIENTED_EDGE('',*,*,#3321,.T.);
#4442=ORIENTED_EDGE('',*,*,#3318,.T.);
#4443=ORIENTED_EDGE('',*,*,#3315,.T.);
#4444=ORIENTED_EDGE('',*,*,#3312,.T.);
#4445=ORIENTED_EDGE('',*,*,#3309,.T.);
#4446=ORIENTED_EDGE('',*,*,#3306,.T.);
#4447=ORIENTED_EDGE('',*,*,#3303,.T.);
#4448=ORIENTED_EDGE('',*,*,#3300,.T.);
#4449=ORIENTED_EDGE('',*,*,#3298,.T.);
#4450=ORIENTED_EDGE('',*,*,#3302,.T.);
#4451=ORIENTED_EDGE('',*,*,#3305,.T.);
#4452=ORIENTED_EDGE('',*,*,#3331,.F.);
#4453=ORIENTED_EDGE('',*,*,#3332,.T.);
#4454=ORIENTED_EDGE('',*,*,#3333,.F.);
#4455=ORIENTED_EDGE('',*,*,#3334,.F.);
#4456=ORIENTED_EDGE('',*,*,#3335,.F.);
#4457=ORIENTED_EDGE('',*,*,#3334,.T.);
#4458=ORIENTED_EDGE('',*,*,#3336,.F.);
#4459=ORIENTED_EDGE('',*,*,#3337,.F.);
#4460=ORIENTED_EDGE('',*,*,#3338,.F.);
#4461=ORIENTED_EDGE('',*,*,#3337,.T.);
#4462=ORIENTED_EDGE('',*,*,#3339,.F.);
#4463=ORIENTED_EDGE('',*,*,#3340,.F.);
#4464=ORIENTED_EDGE('',*,*,#3341,.F.);
#4465=ORIENTED_EDGE('',*,*,#3340,.T.);
#4466=ORIENTED_EDGE('',*,*,#3342,.F.);
#4467=ORIENTED_EDGE('',*,*,#3343,.F.);
#4468=ORIENTED_EDGE('',*,*,#3344,.F.);
#4469=ORIENTED_EDGE('',*,*,#3343,.T.);
#4470=ORIENTED_EDGE('',*,*,#3345,.F.);
#4471=ORIENTED_EDGE('',*,*,#3346,.F.);
#4472=ORIENTED_EDGE('',*,*,#3347,.F.);
#4473=ORIENTED_EDGE('',*,*,#3346,.T.);
#4474=ORIENTED_EDGE('',*,*,#3348,.F.);
#4475=ORIENTED_EDGE('',*,*,#3349,.F.);
#4476=ORIENTED_EDGE('',*,*,#3350,.F.);
#4477=ORIENTED_EDGE('',*,*,#3349,.T.);
#4478=ORIENTED_EDGE('',*,*,#3351,.F.);
#4479=ORIENTED_EDGE('',*,*,#3352,.F.);
#4480=ORIENTED_EDGE('',*,*,#3353,.F.);
#4481=ORIENTED_EDGE('',*,*,#3352,.T.);
#4482=ORIENTED_EDGE('',*,*,#3354,.F.);
#4483=ORIENTED_EDGE('',*,*,#3355,.F.);
#4484=ORIENTED_EDGE('',*,*,#3356,.F.);
#4485=ORIENTED_EDGE('',*,*,#3355,.T.);
#4486=ORIENTED_EDGE('',*,*,#3357,.F.);
#4487=ORIENTED_EDGE('',*,*,#3358,.F.);
#4488=ORIENTED_EDGE('',*,*,#3359,.F.);
#4489=ORIENTED_EDGE('',*,*,#3358,.T.);
#4490=ORIENTED_EDGE('',*,*,#3360,.F.);
#4491=ORIENTED_EDGE('',*,*,#3361,.F.);
#4492=ORIENTED_EDGE('',*,*,#3362,.F.);
#4493=ORIENTED_EDGE('',*,*,#3361,.T.);
#4494=ORIENTED_EDGE('',*,*,#3363,.F.);
#4495=ORIENTED_EDGE('',*,*,#3332,.F.);
#4496=ORIENTED_EDGE('',*,*,#3363,.T.);
#4497=ORIENTED_EDGE('',*,*,#3360,.T.);
#4498=ORIENTED_EDGE('',*,*,#3357,.T.);
#4499=ORIENTED_EDGE('',*,*,#3354,.T.);
#4500=ORIENTED_EDGE('',*,*,#3351,.T.);
#4501=ORIENTED_EDGE('',*,*,#3348,.T.);
#4502=ORIENTED_EDGE('',*,*,#3345,.T.);
#4503=ORIENTED_EDGE('',*,*,#3342,.T.);
#4504=ORIENTED_EDGE('',*,*,#3339,.T.);
#4505=ORIENTED_EDGE('',*,*,#3336,.T.);
#4506=ORIENTED_EDGE('',*,*,#3333,.T.);
#4507=ORIENTED_EDGE('',*,*,#3364,.F.);
#4508=ORIENTED_EDGE('',*,*,#3365,.T.);
#4509=ORIENTED_EDGE('',*,*,#3366,.F.);
#4510=ORIENTED_EDGE('',*,*,#3367,.F.);
#4511=ORIENTED_EDGE('',*,*,#3368,.F.);
#4512=ORIENTED_EDGE('',*,*,#3367,.T.);
#4513=ORIENTED_EDGE('',*,*,#3369,.F.);
#4514=ORIENTED_EDGE('',*,*,#3370,.F.);
#4515=ORIENTED_EDGE('',*,*,#3371,.F.);
#4516=ORIENTED_EDGE('',*,*,#3370,.T.);
#4517=ORIENTED_EDGE('',*,*,#3372,.F.);
#4518=ORIENTED_EDGE('',*,*,#3373,.F.);
#4519=ORIENTED_EDGE('',*,*,#3374,.F.);
#4520=ORIENTED_EDGE('',*,*,#3373,.T.);
#4521=ORIENTED_EDGE('',*,*,#3375,.F.);
#4522=ORIENTED_EDGE('',*,*,#3365,.F.);
#4523=ORIENTED_EDGE('',*,*,#3375,.T.);
#4524=ORIENTED_EDGE('',*,*,#3372,.T.);
#4525=ORIENTED_EDGE('',*,*,#3369,.T.);
#4526=ORIENTED_EDGE('',*,*,#3366,.T.);
#4527=ORIENTED_EDGE('',*,*,#3376,.F.);
#4528=ORIENTED_EDGE('',*,*,#3377,.T.);
#4529=ORIENTED_EDGE('',*,*,#3378,.F.);
#4530=ORIENTED_EDGE('',*,*,#3379,.F.);
#4531=ORIENTED_EDGE('',*,*,#3380,.F.);
#4532=ORIENTED_EDGE('',*,*,#3379,.T.);
#4533=ORIENTED_EDGE('',*,*,#3381,.F.);
#4534=ORIENTED_EDGE('',*,*,#3382,.F.);
#4535=ORIENTED_EDGE('',*,*,#3383,.F.);
#4536=ORIENTED_EDGE('',*,*,#3382,.T.);
#4537=ORIENTED_EDGE('',*,*,#3384,.F.);
#4538=ORIENTED_EDGE('',*,*,#3385,.F.);
#4539=ORIENTED_EDGE('',*,*,#3386,.F.);
#4540=ORIENTED_EDGE('',*,*,#3385,.T.);
#4541=ORIENTED_EDGE('',*,*,#3387,.F.);
#4542=ORIENTED_EDGE('',*,*,#3388,.F.);
#4543=ORIENTED_EDGE('',*,*,#3389,.F.);
#4544=ORIENTED_EDGE('',*,*,#3388,.T.);
#4545=ORIENTED_EDGE('',*,*,#3390,.F.);
#4546=ORIENTED_EDGE('',*,*,#3391,.F.);
#4547=ORIENTED_EDGE('',*,*,#3392,.F.);
#4548=ORIENTED_EDGE('',*,*,#3391,.T.);
#4549=ORIENTED_EDGE('',*,*,#3393,.F.);
#4550=ORIENTED_EDGE('',*,*,#3377,.F.);
#4551=ORIENTED_EDGE('',*,*,#3394,.F.);
#4552=ORIENTED_EDGE('',*,*,#3395,.T.);
#4553=ORIENTED_EDGE('',*,*,#3396,.F.);
#4554=ORIENTED_EDGE('',*,*,#3397,.F.);
#4555=ORIENTED_EDGE('',*,*,#3398,.F.);
#4556=ORIENTED_EDGE('',*,*,#3397,.T.);
#4557=ORIENTED_EDGE('',*,*,#3399,.F.);
#4558=ORIENTED_EDGE('',*,*,#3400,.F.);
#4559=ORIENTED_EDGE('',*,*,#3401,.F.);
#4560=ORIENTED_EDGE('',*,*,#3400,.T.);
#4561=ORIENTED_EDGE('',*,*,#3402,.F.);
#4562=ORIENTED_EDGE('',*,*,#3403,.F.);
#4563=ORIENTED_EDGE('',*,*,#3404,.F.);
#4564=ORIENTED_EDGE('',*,*,#3403,.T.);
#4565=ORIENTED_EDGE('',*,*,#3405,.F.);
#4566=ORIENTED_EDGE('',*,*,#3406,.F.);
#4567=ORIENTED_EDGE('',*,*,#3407,.F.);
#4568=ORIENTED_EDGE('',*,*,#3406,.T.);
#4569=ORIENTED_EDGE('',*,*,#3408,.F.);
#4570=ORIENTED_EDGE('',*,*,#3409,.F.);
#4571=ORIENTED_EDGE('',*,*,#3410,.F.);
#4572=ORIENTED_EDGE('',*,*,#3409,.T.);
#4573=ORIENTED_EDGE('',*,*,#3411,.F.);
#4574=ORIENTED_EDGE('',*,*,#3412,.F.);
#4575=ORIENTED_EDGE('',*,*,#3413,.F.);
#4576=ORIENTED_EDGE('',*,*,#3412,.T.);
#4577=ORIENTED_EDGE('',*,*,#3414,.F.);
#4578=ORIENTED_EDGE('',*,*,#3415,.F.);
#4579=ORIENTED_EDGE('',*,*,#3416,.F.);
#4580=ORIENTED_EDGE('',*,*,#3415,.T.);
#4581=ORIENTED_EDGE('',*,*,#3417,.F.);
#4582=ORIENTED_EDGE('',*,*,#3418,.F.);
#4583=ORIENTED_EDGE('',*,*,#3419,.F.);
#4584=ORIENTED_EDGE('',*,*,#3418,.T.);
#4585=ORIENTED_EDGE('',*,*,#3420,.F.);
#4586=ORIENTED_EDGE('',*,*,#3421,.F.);
#4587=ORIENTED_EDGE('',*,*,#3422,.F.);
#4588=ORIENTED_EDGE('',*,*,#3421,.T.);
#4589=ORIENTED_EDGE('',*,*,#3423,.F.);
#4590=ORIENTED_EDGE('',*,*,#3424,.F.);
#4591=ORIENTED_EDGE('',*,*,#3425,.F.);
#4592=ORIENTED_EDGE('',*,*,#3424,.T.);
#4593=ORIENTED_EDGE('',*,*,#3426,.F.);
#4594=ORIENTED_EDGE('',*,*,#3427,.F.);
#4595=ORIENTED_EDGE('',*,*,#3428,.F.);
#4596=ORIENTED_EDGE('',*,*,#3427,.T.);
#4597=ORIENTED_EDGE('',*,*,#3429,.F.);
#4598=ORIENTED_EDGE('',*,*,#3430,.F.);
#4599=ORIENTED_EDGE('',*,*,#3431,.F.);
#4600=ORIENTED_EDGE('',*,*,#3430,.T.);
#4601=ORIENTED_EDGE('',*,*,#3432,.F.);
#4602=ORIENTED_EDGE('',*,*,#3433,.F.);
#4603=ORIENTED_EDGE('',*,*,#3434,.F.);
#4604=ORIENTED_EDGE('',*,*,#3433,.T.);
#4605=ORIENTED_EDGE('',*,*,#3435,.F.);
#4606=ORIENTED_EDGE('',*,*,#3436,.F.);
#4607=ORIENTED_EDGE('',*,*,#3437,.F.);
#4608=ORIENTED_EDGE('',*,*,#3436,.T.);
#4609=ORIENTED_EDGE('',*,*,#3438,.F.);
#4610=ORIENTED_EDGE('',*,*,#3439,.F.);
#4611=ORIENTED_EDGE('',*,*,#3440,.F.);
#4612=ORIENTED_EDGE('',*,*,#3439,.T.);
#4613=ORIENTED_EDGE('',*,*,#3441,.F.);
#4614=ORIENTED_EDGE('',*,*,#3442,.F.);
#4615=ORIENTED_EDGE('',*,*,#3443,.F.);
#4616=ORIENTED_EDGE('',*,*,#3442,.T.);
#4617=ORIENTED_EDGE('',*,*,#3444,.F.);
#4618=ORIENTED_EDGE('',*,*,#3395,.F.);
#4619=ORIENTED_EDGE('',*,*,#3444,.T.);
#4620=ORIENTED_EDGE('',*,*,#3441,.T.);
#4621=ORIENTED_EDGE('',*,*,#3438,.T.);
#4622=ORIENTED_EDGE('',*,*,#3435,.T.);
#4623=ORIENTED_EDGE('',*,*,#3432,.T.);
#4624=ORIENTED_EDGE('',*,*,#3429,.T.);
#4625=ORIENTED_EDGE('',*,*,#3426,.T.);
#4626=ORIENTED_EDGE('',*,*,#3423,.T.);
#4627=ORIENTED_EDGE('',*,*,#3420,.T.);
#4628=ORIENTED_EDGE('',*,*,#3417,.T.);
#4629=ORIENTED_EDGE('',*,*,#3414,.T.);
#4630=ORIENTED_EDGE('',*,*,#3411,.T.);
#4631=ORIENTED_EDGE('',*,*,#3408,.T.);
#4632=ORIENTED_EDGE('',*,*,#3405,.T.);
#4633=ORIENTED_EDGE('',*,*,#3402,.T.);
#4634=ORIENTED_EDGE('',*,*,#3399,.T.);
#4635=ORIENTED_EDGE('',*,*,#3396,.T.);
#4636=ORIENTED_EDGE('',*,*,#3393,.T.);
#4637=ORIENTED_EDGE('',*,*,#3390,.T.);
#4638=ORIENTED_EDGE('',*,*,#3387,.T.);
#4639=ORIENTED_EDGE('',*,*,#3384,.T.);
#4640=ORIENTED_EDGE('',*,*,#3381,.T.);
#4641=ORIENTED_EDGE('',*,*,#3378,.T.);
#4642=ORIENTED_EDGE('',*,*,#3376,.T.);
#4643=ORIENTED_EDGE('',*,*,#3380,.T.);
#4644=ORIENTED_EDGE('',*,*,#3383,.T.);
#4645=ORIENTED_EDGE('',*,*,#3386,.T.);
#4646=ORIENTED_EDGE('',*,*,#3389,.T.);
#4647=ORIENTED_EDGE('',*,*,#3392,.T.);
#4648=ORIENTED_EDGE('',*,*,#3445,.F.);
#4649=ORIENTED_EDGE('',*,*,#3446,.T.);
#4650=ORIENTED_EDGE('',*,*,#3447,.F.);
#4651=ORIENTED_EDGE('',*,*,#3448,.F.);
#4652=ORIENTED_EDGE('',*,*,#3449,.F.);
#4653=ORIENTED_EDGE('',*,*,#3448,.T.);
#4654=ORIENTED_EDGE('',*,*,#3450,.F.);
#4655=ORIENTED_EDGE('',*,*,#3451,.F.);
#4656=ORIENTED_EDGE('',*,*,#3452,.F.);
#4657=ORIENTED_EDGE('',*,*,#3451,.T.);
#4658=ORIENTED_EDGE('',*,*,#3453,.F.);
#4659=ORIENTED_EDGE('',*,*,#3454,.F.);
#4660=ORIENTED_EDGE('',*,*,#3455,.F.);
#4661=ORIENTED_EDGE('',*,*,#3454,.T.);
#4662=ORIENTED_EDGE('',*,*,#3456,.F.);
#4663=ORIENTED_EDGE('',*,*,#3457,.F.);
#4664=ORIENTED_EDGE('',*,*,#3458,.F.);
#4665=ORIENTED_EDGE('',*,*,#3457,.T.);
#4666=ORIENTED_EDGE('',*,*,#3459,.F.);
#4667=ORIENTED_EDGE('',*,*,#3460,.F.);
#4668=ORIENTED_EDGE('',*,*,#3461,.F.);
#4669=ORIENTED_EDGE('',*,*,#3460,.T.);
#4670=ORIENTED_EDGE('',*,*,#3462,.F.);
#4671=ORIENTED_EDGE('',*,*,#3463,.F.);
#4672=ORIENTED_EDGE('',*,*,#3464,.F.);
#4673=ORIENTED_EDGE('',*,*,#3463,.T.);
#4674=ORIENTED_EDGE('',*,*,#3465,.F.);
#4675=ORIENTED_EDGE('',*,*,#3466,.F.);
#4676=ORIENTED_EDGE('',*,*,#3467,.F.);
#4677=ORIENTED_EDGE('',*,*,#3466,.T.);
#4678=ORIENTED_EDGE('',*,*,#3468,.F.);
#4679=ORIENTED_EDGE('',*,*,#3469,.F.);
#4680=ORIENTED_EDGE('',*,*,#3470,.F.);
#4681=ORIENTED_EDGE('',*,*,#3469,.T.);
#4682=ORIENTED_EDGE('',*,*,#3471,.F.);
#4683=ORIENTED_EDGE('',*,*,#3472,.F.);
#4684=ORIENTED_EDGE('',*,*,#3473,.F.);
#4685=ORIENTED_EDGE('',*,*,#3472,.T.);
#4686=ORIENTED_EDGE('',*,*,#3474,.F.);
#4687=ORIENTED_EDGE('',*,*,#3475,.F.);
#4688=ORIENTED_EDGE('',*,*,#3476,.F.);
#4689=ORIENTED_EDGE('',*,*,#3475,.T.);
#4690=ORIENTED_EDGE('',*,*,#3477,.F.);
#4691=ORIENTED_EDGE('',*,*,#3478,.F.);
#4692=ORIENTED_EDGE('',*,*,#3479,.F.);
#4693=ORIENTED_EDGE('',*,*,#3478,.T.);
#4694=ORIENTED_EDGE('',*,*,#3480,.F.);
#4695=ORIENTED_EDGE('',*,*,#3481,.F.);
#4696=ORIENTED_EDGE('',*,*,#3482,.F.);
#4697=ORIENTED_EDGE('',*,*,#3481,.T.);
#4698=ORIENTED_EDGE('',*,*,#3483,.F.);
#4699=ORIENTED_EDGE('',*,*,#3484,.F.);
#4700=ORIENTED_EDGE('',*,*,#3485,.F.);
#4701=ORIENTED_EDGE('',*,*,#3484,.T.);
#4702=ORIENTED_EDGE('',*,*,#3486,.F.);
#4703=ORIENTED_EDGE('',*,*,#3446,.F.);
#4704=ORIENTED_EDGE('',*,*,#3486,.T.);
#4705=ORIENTED_EDGE('',*,*,#3483,.T.);
#4706=ORIENTED_EDGE('',*,*,#3480,.T.);
#4707=ORIENTED_EDGE('',*,*,#3477,.T.);
#4708=ORIENTED_EDGE('',*,*,#3474,.T.);
#4709=ORIENTED_EDGE('',*,*,#3471,.T.);
#4710=ORIENTED_EDGE('',*,*,#3468,.T.);
#4711=ORIENTED_EDGE('',*,*,#3465,.T.);
#4712=ORIENTED_EDGE('',*,*,#3462,.T.);
#4713=ORIENTED_EDGE('',*,*,#3459,.T.);
#4714=ORIENTED_EDGE('',*,*,#3456,.T.);
#4715=ORIENTED_EDGE('',*,*,#3453,.T.);
#4716=ORIENTED_EDGE('',*,*,#3450,.T.);
#4717=ORIENTED_EDGE('',*,*,#3447,.T.);
#4718=ORIENTED_EDGE('',*,*,#3487,.F.);
#4719=ORIENTED_EDGE('',*,*,#3488,.T.);
#4720=ORIENTED_EDGE('',*,*,#3489,.F.);
#4721=ORIENTED_EDGE('',*,*,#3490,.F.);
#4722=ORIENTED_EDGE('',*,*,#3491,.F.);
#4723=ORIENTED_EDGE('',*,*,#3490,.T.);
#4724=ORIENTED_EDGE('',*,*,#3492,.F.);
#4725=ORIENTED_EDGE('',*,*,#3493,.F.);
#4726=ORIENTED_EDGE('',*,*,#3494,.F.);
#4727=ORIENTED_EDGE('',*,*,#3493,.T.);
#4728=ORIENTED_EDGE('',*,*,#3495,.F.);
#4729=ORIENTED_EDGE('',*,*,#3496,.F.);
#4730=ORIENTED_EDGE('',*,*,#3497,.F.);
#4731=ORIENTED_EDGE('',*,*,#3496,.T.);
#4732=ORIENTED_EDGE('',*,*,#3498,.F.);
#4733=ORIENTED_EDGE('',*,*,#3499,.F.);
#4734=ORIENTED_EDGE('',*,*,#3500,.F.);
#4735=ORIENTED_EDGE('',*,*,#3499,.T.);
#4736=ORIENTED_EDGE('',*,*,#3501,.F.);
#4737=ORIENTED_EDGE('',*,*,#3502,.F.);
#4738=ORIENTED_EDGE('',*,*,#3503,.F.);
#4739=ORIENTED_EDGE('',*,*,#3502,.T.);
#4740=ORIENTED_EDGE('',*,*,#3504,.F.);
#4741=ORIENTED_EDGE('',*,*,#3505,.F.);
#4742=ORIENTED_EDGE('',*,*,#3506,.F.);
#4743=ORIENTED_EDGE('',*,*,#3505,.T.);
#4744=ORIENTED_EDGE('',*,*,#3507,.F.);
#4745=ORIENTED_EDGE('',*,*,#3508,.F.);
#4746=ORIENTED_EDGE('',*,*,#3509,.F.);
#4747=ORIENTED_EDGE('',*,*,#3508,.T.);
#4748=ORIENTED_EDGE('',*,*,#3510,.F.);
#4749=ORIENTED_EDGE('',*,*,#3511,.F.);
#4750=ORIENTED_EDGE('',*,*,#3512,.F.);
#4751=ORIENTED_EDGE('',*,*,#3511,.T.);
#4752=ORIENTED_EDGE('',*,*,#3513,.F.);
#4753=ORIENTED_EDGE('',*,*,#3514,.F.);
#4754=ORIENTED_EDGE('',*,*,#3515,.F.);
#4755=ORIENTED_EDGE('',*,*,#3514,.T.);
#4756=ORIENTED_EDGE('',*,*,#3516,.F.);
#4757=ORIENTED_EDGE('',*,*,#3517,.F.);
#4758=ORIENTED_EDGE('',*,*,#3518,.F.);
#4759=ORIENTED_EDGE('',*,*,#3517,.T.);
#4760=ORIENTED_EDGE('',*,*,#3519,.F.);
#4761=ORIENTED_EDGE('',*,*,#3520,.F.);
#4762=ORIENTED_EDGE('',*,*,#3521,.F.);
#4763=ORIENTED_EDGE('',*,*,#3520,.T.);
#4764=ORIENTED_EDGE('',*,*,#3522,.F.);
#4765=ORIENTED_EDGE('',*,*,#3523,.F.);
#4766=ORIENTED_EDGE('',*,*,#3524,.F.);
#4767=ORIENTED_EDGE('',*,*,#3523,.T.);
#4768=ORIENTED_EDGE('',*,*,#3525,.F.);
#4769=ORIENTED_EDGE('',*,*,#3526,.F.);
#4770=ORIENTED_EDGE('',*,*,#3527,.F.);
#4771=ORIENTED_EDGE('',*,*,#3526,.T.);
#4772=ORIENTED_EDGE('',*,*,#3528,.F.);
#4773=ORIENTED_EDGE('',*,*,#3529,.F.);
#4774=ORIENTED_EDGE('',*,*,#3530,.F.);
#4775=ORIENTED_EDGE('',*,*,#3529,.T.);
#4776=ORIENTED_EDGE('',*,*,#3531,.F.);
#4777=ORIENTED_EDGE('',*,*,#3532,.F.);
#4778=ORIENTED_EDGE('',*,*,#3533,.F.);
#4779=ORIENTED_EDGE('',*,*,#3532,.T.);
#4780=ORIENTED_EDGE('',*,*,#3534,.F.);
#4781=ORIENTED_EDGE('',*,*,#3535,.F.);
#4782=ORIENTED_EDGE('',*,*,#3536,.F.);
#4783=ORIENTED_EDGE('',*,*,#3535,.T.);
#4784=ORIENTED_EDGE('',*,*,#3537,.F.);
#4785=ORIENTED_EDGE('',*,*,#3538,.F.);
#4786=ORIENTED_EDGE('',*,*,#3539,.F.);
#4787=ORIENTED_EDGE('',*,*,#3538,.T.);
#4788=ORIENTED_EDGE('',*,*,#3540,.F.);
#4789=ORIENTED_EDGE('',*,*,#3541,.F.);
#4790=ORIENTED_EDGE('',*,*,#3542,.F.);
#4791=ORIENTED_EDGE('',*,*,#3541,.T.);
#4792=ORIENTED_EDGE('',*,*,#3543,.F.);
#4793=ORIENTED_EDGE('',*,*,#3544,.F.);
#4794=ORIENTED_EDGE('',*,*,#3545,.F.);
#4795=ORIENTED_EDGE('',*,*,#3544,.T.);
#4796=ORIENTED_EDGE('',*,*,#3546,.F.);
#4797=ORIENTED_EDGE('',*,*,#3547,.F.);
#4798=ORIENTED_EDGE('',*,*,#3548,.F.);
#4799=ORIENTED_EDGE('',*,*,#3547,.T.);
#4800=ORIENTED_EDGE('',*,*,#3549,.F.);
#4801=ORIENTED_EDGE('',*,*,#3550,.F.);
#4802=ORIENTED_EDGE('',*,*,#3551,.F.);
#4803=ORIENTED_EDGE('',*,*,#3550,.T.);
#4804=ORIENTED_EDGE('',*,*,#3552,.F.);
#4805=ORIENTED_EDGE('',*,*,#3553,.F.);
#4806=ORIENTED_EDGE('',*,*,#3554,.F.);
#4807=ORIENTED_EDGE('',*,*,#3553,.T.);
#4808=ORIENTED_EDGE('',*,*,#3555,.F.);
#4809=ORIENTED_EDGE('',*,*,#3556,.F.);
#4810=ORIENTED_EDGE('',*,*,#3557,.F.);
#4811=ORIENTED_EDGE('',*,*,#3556,.T.);
#4812=ORIENTED_EDGE('',*,*,#3558,.F.);
#4813=ORIENTED_EDGE('',*,*,#3559,.F.);
#4814=ORIENTED_EDGE('',*,*,#3560,.F.);
#4815=ORIENTED_EDGE('',*,*,#3559,.T.);
#4816=ORIENTED_EDGE('',*,*,#3561,.F.);
#4817=ORIENTED_EDGE('',*,*,#3562,.F.);
#4818=ORIENTED_EDGE('',*,*,#3563,.F.);
#4819=ORIENTED_EDGE('',*,*,#3562,.T.);
#4820=ORIENTED_EDGE('',*,*,#3564,.F.);
#4821=ORIENTED_EDGE('',*,*,#3565,.F.);
#4822=ORIENTED_EDGE('',*,*,#3566,.F.);
#4823=ORIENTED_EDGE('',*,*,#3565,.T.);
#4824=ORIENTED_EDGE('',*,*,#3567,.F.);
#4825=ORIENTED_EDGE('',*,*,#3568,.F.);
#4826=ORIENTED_EDGE('',*,*,#3569,.F.);
#4827=ORIENTED_EDGE('',*,*,#3568,.T.);
#4828=ORIENTED_EDGE('',*,*,#3570,.F.);
#4829=ORIENTED_EDGE('',*,*,#3571,.F.);
#4830=ORIENTED_EDGE('',*,*,#3572,.F.);
#4831=ORIENTED_EDGE('',*,*,#3571,.T.);
#4832=ORIENTED_EDGE('',*,*,#3573,.F.);
#4833=ORIENTED_EDGE('',*,*,#3574,.F.);
#4834=ORIENTED_EDGE('',*,*,#3575,.F.);
#4835=ORIENTED_EDGE('',*,*,#3574,.T.);
#4836=ORIENTED_EDGE('',*,*,#3576,.F.);
#4837=ORIENTED_EDGE('',*,*,#3577,.F.);
#4838=ORIENTED_EDGE('',*,*,#3578,.F.);
#4839=ORIENTED_EDGE('',*,*,#3577,.T.);
#4840=ORIENTED_EDGE('',*,*,#3579,.F.);
#4841=ORIENTED_EDGE('',*,*,#3580,.F.);
#4842=ORIENTED_EDGE('',*,*,#3581,.F.);
#4843=ORIENTED_EDGE('',*,*,#3580,.T.);
#4844=ORIENTED_EDGE('',*,*,#3582,.F.);
#4845=ORIENTED_EDGE('',*,*,#3583,.F.);
#4846=ORIENTED_EDGE('',*,*,#3584,.F.);
#4847=ORIENTED_EDGE('',*,*,#3583,.T.);
#4848=ORIENTED_EDGE('',*,*,#3585,.F.);
#4849=ORIENTED_EDGE('',*,*,#3586,.F.);
#4850=ORIENTED_EDGE('',*,*,#3587,.F.);
#4851=ORIENTED_EDGE('',*,*,#3586,.T.);
#4852=ORIENTED_EDGE('',*,*,#3588,.F.);
#4853=ORIENTED_EDGE('',*,*,#3589,.F.);
#4854=ORIENTED_EDGE('',*,*,#3590,.F.);
#4855=ORIENTED_EDGE('',*,*,#3589,.T.);
#4856=ORIENTED_EDGE('',*,*,#3591,.F.);
#4857=ORIENTED_EDGE('',*,*,#3488,.F.);
#4858=ORIENTED_EDGE('',*,*,#3591,.T.);
#4859=ORIENTED_EDGE('',*,*,#3588,.T.);
#4860=ORIENTED_EDGE('',*,*,#3585,.T.);
#4861=ORIENTED_EDGE('',*,*,#3582,.T.);
#4862=ORIENTED_EDGE('',*,*,#3579,.T.);
#4863=ORIENTED_EDGE('',*,*,#3576,.T.);
#4864=ORIENTED_EDGE('',*,*,#3573,.T.);
#4865=ORIENTED_EDGE('',*,*,#3570,.T.);
#4866=ORIENTED_EDGE('',*,*,#3567,.T.);
#4867=ORIENTED_EDGE('',*,*,#3564,.T.);
#4868=ORIENTED_EDGE('',*,*,#3561,.T.);
#4869=ORIENTED_EDGE('',*,*,#3558,.T.);
#4870=ORIENTED_EDGE('',*,*,#3555,.T.);
#4871=ORIENTED_EDGE('',*,*,#3552,.T.);
#4872=ORIENTED_EDGE('',*,*,#3549,.T.);
#4873=ORIENTED_EDGE('',*,*,#3546,.T.);
#4874=ORIENTED_EDGE('',*,*,#3543,.T.);
#4875=ORIENTED_EDGE('',*,*,#3540,.T.);
#4876=ORIENTED_EDGE('',*,*,#3537,.T.);
#4877=ORIENTED_EDGE('',*,*,#3534,.T.);
#4878=ORIENTED_EDGE('',*,*,#3531,.T.);
#4879=ORIENTED_EDGE('',*,*,#3528,.T.);
#4880=ORIENTED_EDGE('',*,*,#3525,.T.);
#4881=ORIENTED_EDGE('',*,*,#3522,.T.);
#4882=ORIENTED_EDGE('',*,*,#3519,.T.);
#4883=ORIENTED_EDGE('',*,*,#3516,.T.);
#4884=ORIENTED_EDGE('',*,*,#3513,.T.);
#4885=ORIENTED_EDGE('',*,*,#3510,.T.);
#4886=ORIENTED_EDGE('',*,*,#3507,.T.);
#4887=ORIENTED_EDGE('',*,*,#3504,.T.);
#4888=ORIENTED_EDGE('',*,*,#3501,.T.);
#4889=ORIENTED_EDGE('',*,*,#3498,.T.);
#4890=ORIENTED_EDGE('',*,*,#3495,.T.);
#4891=ORIENTED_EDGE('',*,*,#3492,.T.);
#4892=ORIENTED_EDGE('',*,*,#3489,.T.);
#4893=ORIENTED_EDGE('',*,*,#3592,.F.);
#4894=ORIENTED_EDGE('',*,*,#3593,.T.);
#4895=ORIENTED_EDGE('',*,*,#3594,.F.);
#4896=ORIENTED_EDGE('',*,*,#3595,.F.);
#4897=ORIENTED_EDGE('',*,*,#3596,.F.);
#4898=ORIENTED_EDGE('',*,*,#3595,.T.);
#4899=ORIENTED_EDGE('',*,*,#3597,.F.);
#4900=ORIENTED_EDGE('',*,*,#3598,.F.);
#4901=ORIENTED_EDGE('',*,*,#3599,.F.);
#4902=ORIENTED_EDGE('',*,*,#3598,.T.);
#4903=ORIENTED_EDGE('',*,*,#3600,.F.);
#4904=ORIENTED_EDGE('',*,*,#3601,.F.);
#4905=ORIENTED_EDGE('',*,*,#3602,.F.);
#4906=ORIENTED_EDGE('',*,*,#3601,.T.);
#4907=ORIENTED_EDGE('',*,*,#3603,.F.);
#4908=ORIENTED_EDGE('',*,*,#3604,.F.);
#4909=ORIENTED_EDGE('',*,*,#3605,.F.);
#4910=ORIENTED_EDGE('',*,*,#3604,.T.);
#4911=ORIENTED_EDGE('',*,*,#3606,.F.);
#4912=ORIENTED_EDGE('',*,*,#3607,.F.);
#4913=ORIENTED_EDGE('',*,*,#3608,.F.);
#4914=ORIENTED_EDGE('',*,*,#3607,.T.);
#4915=ORIENTED_EDGE('',*,*,#3609,.F.);
#4916=ORIENTED_EDGE('',*,*,#3610,.F.);
#4917=ORIENTED_EDGE('',*,*,#3611,.F.);
#4918=ORIENTED_EDGE('',*,*,#3610,.T.);
#4919=ORIENTED_EDGE('',*,*,#3612,.F.);
#4920=ORIENTED_EDGE('',*,*,#3613,.F.);
#4921=ORIENTED_EDGE('',*,*,#3614,.F.);
#4922=ORIENTED_EDGE('',*,*,#3613,.T.);
#4923=ORIENTED_EDGE('',*,*,#3615,.F.);
#4924=ORIENTED_EDGE('',*,*,#3616,.F.);
#4925=ORIENTED_EDGE('',*,*,#3617,.F.);
#4926=ORIENTED_EDGE('',*,*,#3616,.T.);
#4927=ORIENTED_EDGE('',*,*,#3618,.F.);
#4928=ORIENTED_EDGE('',*,*,#3619,.F.);
#4929=ORIENTED_EDGE('',*,*,#3620,.F.);
#4930=ORIENTED_EDGE('',*,*,#3619,.T.);
#4931=ORIENTED_EDGE('',*,*,#3621,.F.);
#4932=ORIENTED_EDGE('',*,*,#3593,.F.);
#4933=ORIENTED_EDGE('',*,*,#3621,.T.);
#4934=ORIENTED_EDGE('',*,*,#3618,.T.);
#4935=ORIENTED_EDGE('',*,*,#3615,.T.);
#4936=ORIENTED_EDGE('',*,*,#3612,.T.);
#4937=ORIENTED_EDGE('',*,*,#3609,.T.);
#4938=ORIENTED_EDGE('',*,*,#3606,.T.);
#4939=ORIENTED_EDGE('',*,*,#3603,.T.);
#4940=ORIENTED_EDGE('',*,*,#3600,.T.);
#4941=ORIENTED_EDGE('',*,*,#3597,.T.);
#4942=ORIENTED_EDGE('',*,*,#3594,.T.);
#4943=ORIENTED_EDGE('',*,*,#3622,.F.);
#4944=ORIENTED_EDGE('',*,*,#3623,.T.);
#4945=ORIENTED_EDGE('',*,*,#3624,.F.);
#4946=ORIENTED_EDGE('',*,*,#3625,.F.);
#4947=ORIENTED_EDGE('',*,*,#3626,.F.);
#4948=ORIENTED_EDGE('',*,*,#3625,.T.);
#4949=ORIENTED_EDGE('',*,*,#3627,.F.);
#4950=ORIENTED_EDGE('',*,*,#3628,.F.);
#4951=ORIENTED_EDGE('',*,*,#3629,.F.);
#4952=ORIENTED_EDGE('',*,*,#3628,.T.);
#4953=ORIENTED_EDGE('',*,*,#3630,.F.);
#4954=ORIENTED_EDGE('',*,*,#3631,.F.);
#4955=ORIENTED_EDGE('',*,*,#3632,.F.);
#4956=ORIENTED_EDGE('',*,*,#3631,.T.);
#4957=ORIENTED_EDGE('',*,*,#3633,.F.);
#4958=ORIENTED_EDGE('',*,*,#3634,.F.);
#4959=ORIENTED_EDGE('',*,*,#3635,.F.);
#4960=ORIENTED_EDGE('',*,*,#3634,.T.);
#4961=ORIENTED_EDGE('',*,*,#3636,.F.);
#4962=ORIENTED_EDGE('',*,*,#3637,.F.);
#4963=ORIENTED_EDGE('',*,*,#3638,.F.);
#4964=ORIENTED_EDGE('',*,*,#3637,.T.);
#4965=ORIENTED_EDGE('',*,*,#3639,.F.);
#4966=ORIENTED_EDGE('',*,*,#3640,.F.);
#4967=ORIENTED_EDGE('',*,*,#3641,.F.);
#4968=ORIENTED_EDGE('',*,*,#3640,.T.);
#4969=ORIENTED_EDGE('',*,*,#3642,.F.);
#4970=ORIENTED_EDGE('',*,*,#3643,.F.);
#4971=ORIENTED_EDGE('',*,*,#3644,.F.);
#4972=ORIENTED_EDGE('',*,*,#3643,.T.);
#4973=ORIENTED_EDGE('',*,*,#3645,.F.);
#4974=ORIENTED_EDGE('',*,*,#3646,.F.);
#4975=ORIENTED_EDGE('',*,*,#3647,.F.);
#4976=ORIENTED_EDGE('',*,*,#3646,.T.);
#4977=ORIENTED_EDGE('',*,*,#3648,.F.);
#4978=ORIENTED_EDGE('',*,*,#3649,.F.);
#4979=ORIENTED_EDGE('',*,*,#3650,.F.);
#4980=ORIENTED_EDGE('',*,*,#3649,.T.);
#4981=ORIENTED_EDGE('',*,*,#3651,.F.);
#4982=ORIENTED_EDGE('',*,*,#3652,.F.);
#4983=ORIENTED_EDGE('',*,*,#3653,.F.);
#4984=ORIENTED_EDGE('',*,*,#3652,.T.);
#4985=ORIENTED_EDGE('',*,*,#3654,.F.);
#4986=ORIENTED_EDGE('',*,*,#3655,.F.);
#4987=ORIENTED_EDGE('',*,*,#3656,.F.);
#4988=ORIENTED_EDGE('',*,*,#3655,.T.);
#4989=ORIENTED_EDGE('',*,*,#3657,.F.);
#4990=ORIENTED_EDGE('',*,*,#3658,.F.);
#4991=ORIENTED_EDGE('',*,*,#3659,.F.);
#4992=ORIENTED_EDGE('',*,*,#3658,.T.);
#4993=ORIENTED_EDGE('',*,*,#3660,.F.);
#4994=ORIENTED_EDGE('',*,*,#3661,.F.);
#4995=ORIENTED_EDGE('',*,*,#3662,.F.);
#4996=ORIENTED_EDGE('',*,*,#3661,.T.);
#4997=ORIENTED_EDGE('',*,*,#3663,.F.);
#4998=ORIENTED_EDGE('',*,*,#3664,.F.);
#4999=ORIENTED_EDGE('',*,*,#3665,.F.);
#5000=ORIENTED_EDGE('',*,*,#3664,.T.);
#5001=ORIENTED_EDGE('',*,*,#3666,.F.);
#5002=ORIENTED_EDGE('',*,*,#3667,.F.);
#5003=ORIENTED_EDGE('',*,*,#3668,.F.);
#5004=ORIENTED_EDGE('',*,*,#3667,.T.);
#5005=ORIENTED_EDGE('',*,*,#3669,.F.);
#5006=ORIENTED_EDGE('',*,*,#3670,.F.);
#5007=ORIENTED_EDGE('',*,*,#3671,.F.);
#5008=ORIENTED_EDGE('',*,*,#3670,.T.);
#5009=ORIENTED_EDGE('',*,*,#3672,.F.);
#5010=ORIENTED_EDGE('',*,*,#3673,.F.);
#5011=ORIENTED_EDGE('',*,*,#3674,.F.);
#5012=ORIENTED_EDGE('',*,*,#3673,.T.);
#5013=ORIENTED_EDGE('',*,*,#3675,.F.);
#5014=ORIENTED_EDGE('',*,*,#3676,.F.);
#5015=ORIENTED_EDGE('',*,*,#3677,.F.);
#5016=ORIENTED_EDGE('',*,*,#3676,.T.);
#5017=ORIENTED_EDGE('',*,*,#3678,.F.);
#5018=ORIENTED_EDGE('',*,*,#3679,.F.);
#5019=ORIENTED_EDGE('',*,*,#3680,.F.);
#5020=ORIENTED_EDGE('',*,*,#3679,.T.);
#5021=ORIENTED_EDGE('',*,*,#3681,.F.);
#5022=ORIENTED_EDGE('',*,*,#3682,.F.);
#5023=ORIENTED_EDGE('',*,*,#3683,.F.);
#5024=ORIENTED_EDGE('',*,*,#3682,.T.);
#5025=ORIENTED_EDGE('',*,*,#3684,.F.);
#5026=ORIENTED_EDGE('',*,*,#3685,.F.);
#5027=ORIENTED_EDGE('',*,*,#3686,.F.);
#5028=ORIENTED_EDGE('',*,*,#3685,.T.);
#5029=ORIENTED_EDGE('',*,*,#3687,.F.);
#5030=ORIENTED_EDGE('',*,*,#3688,.F.);
#5031=ORIENTED_EDGE('',*,*,#3689,.F.);
#5032=ORIENTED_EDGE('',*,*,#3688,.T.);
#5033=ORIENTED_EDGE('',*,*,#3690,.F.);
#5034=ORIENTED_EDGE('',*,*,#3691,.F.);
#5035=ORIENTED_EDGE('',*,*,#3692,.F.);
#5036=ORIENTED_EDGE('',*,*,#3691,.T.);
#5037=ORIENTED_EDGE('',*,*,#3693,.F.);
#5038=ORIENTED_EDGE('',*,*,#3694,.F.);
#5039=ORIENTED_EDGE('',*,*,#3695,.F.);
#5040=ORIENTED_EDGE('',*,*,#3694,.T.);
#5041=ORIENTED_EDGE('',*,*,#3696,.F.);
#5042=ORIENTED_EDGE('',*,*,#3697,.F.);
#5043=ORIENTED_EDGE('',*,*,#3698,.F.);
#5044=ORIENTED_EDGE('',*,*,#3697,.T.);
#5045=ORIENTED_EDGE('',*,*,#3699,.F.);
#5046=ORIENTED_EDGE('',*,*,#3700,.F.);
#5047=ORIENTED_EDGE('',*,*,#3701,.F.);
#5048=ORIENTED_EDGE('',*,*,#3700,.T.);
#5049=ORIENTED_EDGE('',*,*,#3702,.F.);
#5050=ORIENTED_EDGE('',*,*,#3703,.F.);
#5051=ORIENTED_EDGE('',*,*,#3704,.F.);
#5052=ORIENTED_EDGE('',*,*,#3703,.T.);
#5053=ORIENTED_EDGE('',*,*,#3705,.F.);
#5054=ORIENTED_EDGE('',*,*,#3706,.F.);
#5055=ORIENTED_EDGE('',*,*,#3707,.F.);
#5056=ORIENTED_EDGE('',*,*,#3706,.T.);
#5057=ORIENTED_EDGE('',*,*,#3708,.F.);
#5058=ORIENTED_EDGE('',*,*,#3709,.F.);
#5059=ORIENTED_EDGE('',*,*,#3710,.F.);
#5060=ORIENTED_EDGE('',*,*,#3709,.T.);
#5061=ORIENTED_EDGE('',*,*,#3711,.F.);
#5062=ORIENTED_EDGE('',*,*,#3712,.F.);
#5063=ORIENTED_EDGE('',*,*,#3713,.F.);
#5064=ORIENTED_EDGE('',*,*,#3712,.T.);
#5065=ORIENTED_EDGE('',*,*,#3714,.F.);
#5066=ORIENTED_EDGE('',*,*,#3715,.F.);
#5067=ORIENTED_EDGE('',*,*,#3716,.F.);
#5068=ORIENTED_EDGE('',*,*,#3715,.T.);
#5069=ORIENTED_EDGE('',*,*,#3717,.F.);
#5070=ORIENTED_EDGE('',*,*,#3718,.F.);
#5071=ORIENTED_EDGE('',*,*,#3719,.F.);
#5072=ORIENTED_EDGE('',*,*,#3718,.T.);
#5073=ORIENTED_EDGE('',*,*,#3720,.F.);
#5074=ORIENTED_EDGE('',*,*,#3721,.F.);
#5075=ORIENTED_EDGE('',*,*,#3722,.F.);
#5076=ORIENTED_EDGE('',*,*,#3721,.T.);
#5077=ORIENTED_EDGE('',*,*,#3723,.F.);
#5078=ORIENTED_EDGE('',*,*,#3724,.F.);
#5079=ORIENTED_EDGE('',*,*,#3725,.F.);
#5080=ORIENTED_EDGE('',*,*,#3724,.T.);
#5081=ORIENTED_EDGE('',*,*,#3726,.F.);
#5082=ORIENTED_EDGE('',*,*,#3623,.F.);
#5083=ORIENTED_EDGE('',*,*,#3726,.T.);
#5084=ORIENTED_EDGE('',*,*,#3723,.T.);
#5085=ORIENTED_EDGE('',*,*,#3720,.T.);
#5086=ORIENTED_EDGE('',*,*,#3717,.T.);
#5087=ORIENTED_EDGE('',*,*,#3714,.T.);
#5088=ORIENTED_EDGE('',*,*,#3711,.T.);
#5089=ORIENTED_EDGE('',*,*,#3708,.T.);
#5090=ORIENTED_EDGE('',*,*,#3705,.T.);
#5091=ORIENTED_EDGE('',*,*,#3702,.T.);
#5092=ORIENTED_EDGE('',*,*,#3699,.T.);
#5093=ORIENTED_EDGE('',*,*,#3696,.T.);
#5094=ORIENTED_EDGE('',*,*,#3693,.T.);
#5095=ORIENTED_EDGE('',*,*,#3690,.T.);
#5096=ORIENTED_EDGE('',*,*,#3687,.T.);
#5097=ORIENTED_EDGE('',*,*,#3684,.T.);
#5098=ORIENTED_EDGE('',*,*,#3681,.T.);
#5099=ORIENTED_EDGE('',*,*,#3678,.T.);
#5100=ORIENTED_EDGE('',*,*,#3675,.T.);
#5101=ORIENTED_EDGE('',*,*,#3672,.T.);
#5102=ORIENTED_EDGE('',*,*,#3669,.T.);
#5103=ORIENTED_EDGE('',*,*,#3666,.T.);
#5104=ORIENTED_EDGE('',*,*,#3663,.T.);
#5105=ORIENTED_EDGE('',*,*,#3660,.T.);
#5106=ORIENTED_EDGE('',*,*,#3657,.T.);
#5107=ORIENTED_EDGE('',*,*,#3654,.T.);
#5108=ORIENTED_EDGE('',*,*,#3651,.T.);
#5109=ORIENTED_EDGE('',*,*,#3648,.T.);
#5110=ORIENTED_EDGE('',*,*,#3645,.T.);
#5111=ORIENTED_EDGE('',*,*,#3642,.T.);
#5112=ORIENTED_EDGE('',*,*,#3639,.T.);
#5113=ORIENTED_EDGE('',*,*,#3636,.T.);
#5114=ORIENTED_EDGE('',*,*,#3633,.T.);
#5115=ORIENTED_EDGE('',*,*,#3630,.T.);
#5116=ORIENTED_EDGE('',*,*,#3627,.T.);
#5117=ORIENTED_EDGE('',*,*,#3624,.T.);
#5118=ORIENTED_EDGE('',*,*,#3727,.F.);
#5119=ORIENTED_EDGE('',*,*,#3728,.T.);
#5120=ORIENTED_EDGE('',*,*,#3729,.F.);
#5121=ORIENTED_EDGE('',*,*,#3730,.F.);
#5122=ORIENTED_EDGE('',*,*,#3731,.F.);
#5123=ORIENTED_EDGE('',*,*,#3730,.T.);
#5124=ORIENTED_EDGE('',*,*,#3732,.F.);
#5125=ORIENTED_EDGE('',*,*,#3733,.F.);
#5126=ORIENTED_EDGE('',*,*,#3734,.F.);
#5127=ORIENTED_EDGE('',*,*,#3733,.T.);
#5128=ORIENTED_EDGE('',*,*,#3735,.F.);
#5129=ORIENTED_EDGE('',*,*,#3736,.F.);
#5130=ORIENTED_EDGE('',*,*,#3737,.F.);
#5131=ORIENTED_EDGE('',*,*,#3736,.T.);
#5132=ORIENTED_EDGE('',*,*,#3738,.F.);
#5133=ORIENTED_EDGE('',*,*,#3739,.F.);
#5134=ORIENTED_EDGE('',*,*,#3740,.F.);
#5135=ORIENTED_EDGE('',*,*,#3739,.T.);
#5136=ORIENTED_EDGE('',*,*,#3741,.F.);
#5137=ORIENTED_EDGE('',*,*,#3742,.F.);
#5138=ORIENTED_EDGE('',*,*,#3743,.F.);
#5139=ORIENTED_EDGE('',*,*,#3742,.T.);
#5140=ORIENTED_EDGE('',*,*,#3744,.F.);
#5141=ORIENTED_EDGE('',*,*,#3745,.F.);
#5142=ORIENTED_EDGE('',*,*,#3746,.F.);
#5143=ORIENTED_EDGE('',*,*,#3745,.T.);
#5144=ORIENTED_EDGE('',*,*,#3747,.F.);
#5145=ORIENTED_EDGE('',*,*,#3748,.F.);
#5146=ORIENTED_EDGE('',*,*,#3749,.F.);
#5147=ORIENTED_EDGE('',*,*,#3748,.T.);
#5148=ORIENTED_EDGE('',*,*,#3750,.F.);
#5149=ORIENTED_EDGE('',*,*,#3751,.F.);
#5150=ORIENTED_EDGE('',*,*,#3752,.F.);
#5151=ORIENTED_EDGE('',*,*,#3751,.T.);
#5152=ORIENTED_EDGE('',*,*,#3753,.F.);
#5153=ORIENTED_EDGE('',*,*,#3754,.F.);
#5154=ORIENTED_EDGE('',*,*,#3755,.F.);
#5155=ORIENTED_EDGE('',*,*,#3754,.T.);
#5156=ORIENTED_EDGE('',*,*,#3756,.F.);
#5157=ORIENTED_EDGE('',*,*,#3757,.F.);
#5158=ORIENTED_EDGE('',*,*,#3758,.F.);
#5159=ORIENTED_EDGE('',*,*,#3757,.T.);
#5160=ORIENTED_EDGE('',*,*,#3759,.F.);
#5161=ORIENTED_EDGE('',*,*,#3760,.F.);
#5162=ORIENTED_EDGE('',*,*,#3761,.F.);
#5163=ORIENTED_EDGE('',*,*,#3760,.T.);
#5164=ORIENTED_EDGE('',*,*,#3762,.F.);
#5165=ORIENTED_EDGE('',*,*,#3763,.F.);
#5166=ORIENTED_EDGE('',*,*,#3764,.F.);
#5167=ORIENTED_EDGE('',*,*,#3763,.T.);
#5168=ORIENTED_EDGE('',*,*,#3765,.F.);
#5169=ORIENTED_EDGE('',*,*,#3766,.F.);
#5170=ORIENTED_EDGE('',*,*,#3767,.F.);
#5171=ORIENTED_EDGE('',*,*,#3766,.T.);
#5172=ORIENTED_EDGE('',*,*,#3768,.F.);
#5173=ORIENTED_EDGE('',*,*,#3769,.F.);
#5174=ORIENTED_EDGE('',*,*,#3770,.F.);
#5175=ORIENTED_EDGE('',*,*,#3769,.T.);
#5176=ORIENTED_EDGE('',*,*,#3771,.F.);
#5177=ORIENTED_EDGE('',*,*,#3772,.F.);
#5178=ORIENTED_EDGE('',*,*,#3773,.F.);
#5179=ORIENTED_EDGE('',*,*,#3772,.T.);
#5180=ORIENTED_EDGE('',*,*,#3774,.F.);
#5181=ORIENTED_EDGE('',*,*,#3775,.F.);
#5182=ORIENTED_EDGE('',*,*,#3776,.F.);
#5183=ORIENTED_EDGE('',*,*,#3775,.T.);
#5184=ORIENTED_EDGE('',*,*,#3777,.F.);
#5185=ORIENTED_EDGE('',*,*,#3778,.F.);
#5186=ORIENTED_EDGE('',*,*,#3779,.F.);
#5187=ORIENTED_EDGE('',*,*,#3778,.T.);
#5188=ORIENTED_EDGE('',*,*,#3780,.F.);
#5189=ORIENTED_EDGE('',*,*,#3781,.F.);
#5190=ORIENTED_EDGE('',*,*,#3782,.F.);
#5191=ORIENTED_EDGE('',*,*,#3781,.T.);
#5192=ORIENTED_EDGE('',*,*,#3783,.F.);
#5193=ORIENTED_EDGE('',*,*,#3784,.F.);
#5194=ORIENTED_EDGE('',*,*,#3785,.F.);
#5195=ORIENTED_EDGE('',*,*,#3784,.T.);
#5196=ORIENTED_EDGE('',*,*,#3786,.F.);
#5197=ORIENTED_EDGE('',*,*,#3787,.F.);
#5198=ORIENTED_EDGE('',*,*,#3788,.F.);
#5199=ORIENTED_EDGE('',*,*,#3787,.T.);
#5200=ORIENTED_EDGE('',*,*,#3789,.F.);
#5201=ORIENTED_EDGE('',*,*,#3790,.F.);
#5202=ORIENTED_EDGE('',*,*,#3791,.F.);
#5203=ORIENTED_EDGE('',*,*,#3790,.T.);
#5204=ORIENTED_EDGE('',*,*,#3792,.F.);
#5205=ORIENTED_EDGE('',*,*,#3793,.F.);
#5206=ORIENTED_EDGE('',*,*,#3794,.F.);
#5207=ORIENTED_EDGE('',*,*,#3793,.T.);
#5208=ORIENTED_EDGE('',*,*,#3795,.F.);
#5209=ORIENTED_EDGE('',*,*,#3796,.F.);
#5210=ORIENTED_EDGE('',*,*,#3797,.F.);
#5211=ORIENTED_EDGE('',*,*,#3796,.T.);
#5212=ORIENTED_EDGE('',*,*,#3798,.F.);
#5213=ORIENTED_EDGE('',*,*,#3799,.F.);
#5214=ORIENTED_EDGE('',*,*,#3800,.F.);
#5215=ORIENTED_EDGE('',*,*,#3799,.T.);
#5216=ORIENTED_EDGE('',*,*,#3801,.F.);
#5217=ORIENTED_EDGE('',*,*,#3802,.F.);
#5218=ORIENTED_EDGE('',*,*,#3803,.F.);
#5219=ORIENTED_EDGE('',*,*,#3802,.T.);
#5220=ORIENTED_EDGE('',*,*,#3804,.F.);
#5221=ORIENTED_EDGE('',*,*,#3805,.F.);
#5222=ORIENTED_EDGE('',*,*,#3806,.F.);
#5223=ORIENTED_EDGE('',*,*,#3805,.T.);
#5224=ORIENTED_EDGE('',*,*,#3807,.F.);
#5225=ORIENTED_EDGE('',*,*,#3808,.F.);
#5226=ORIENTED_EDGE('',*,*,#3809,.F.);
#5227=ORIENTED_EDGE('',*,*,#3808,.T.);
#5228=ORIENTED_EDGE('',*,*,#3810,.F.);
#5229=ORIENTED_EDGE('',*,*,#3811,.F.);
#5230=ORIENTED_EDGE('',*,*,#3812,.F.);
#5231=ORIENTED_EDGE('',*,*,#3811,.T.);
#5232=ORIENTED_EDGE('',*,*,#3813,.F.);
#5233=ORIENTED_EDGE('',*,*,#3814,.F.);
#5234=ORIENTED_EDGE('',*,*,#3815,.F.);
#5235=ORIENTED_EDGE('',*,*,#3814,.T.);
#5236=ORIENTED_EDGE('',*,*,#3816,.F.);
#5237=ORIENTED_EDGE('',*,*,#3817,.F.);
#5238=ORIENTED_EDGE('',*,*,#3818,.F.);
#5239=ORIENTED_EDGE('',*,*,#3817,.T.);
#5240=ORIENTED_EDGE('',*,*,#3819,.F.);
#5241=ORIENTED_EDGE('',*,*,#3820,.F.);
#5242=ORIENTED_EDGE('',*,*,#3821,.F.);
#5243=ORIENTED_EDGE('',*,*,#3820,.T.);
#5244=ORIENTED_EDGE('',*,*,#3822,.F.);
#5245=ORIENTED_EDGE('',*,*,#3823,.F.);
#5246=ORIENTED_EDGE('',*,*,#3824,.F.);
#5247=ORIENTED_EDGE('',*,*,#3823,.T.);
#5248=ORIENTED_EDGE('',*,*,#3825,.F.);
#5249=ORIENTED_EDGE('',*,*,#3826,.F.);
#5250=ORIENTED_EDGE('',*,*,#3827,.F.);
#5251=ORIENTED_EDGE('',*,*,#3826,.T.);
#5252=ORIENTED_EDGE('',*,*,#3828,.F.);
#5253=ORIENTED_EDGE('',*,*,#3829,.F.);
#5254=ORIENTED_EDGE('',*,*,#3830,.F.);
#5255=ORIENTED_EDGE('',*,*,#3829,.T.);
#5256=ORIENTED_EDGE('',*,*,#3831,.F.);
#5257=ORIENTED_EDGE('',*,*,#3728,.F.);
#5258=ORIENTED_EDGE('',*,*,#3831,.T.);
#5259=ORIENTED_EDGE('',*,*,#3828,.T.);
#5260=ORIENTED_EDGE('',*,*,#3825,.T.);
#5261=ORIENTED_EDGE('',*,*,#3822,.T.);
#5262=ORIENTED_EDGE('',*,*,#3819,.T.);
#5263=ORIENTED_EDGE('',*,*,#3816,.T.);
#5264=ORIENTED_EDGE('',*,*,#3813,.T.);
#5265=ORIENTED_EDGE('',*,*,#3810,.T.);
#5266=ORIENTED_EDGE('',*,*,#3807,.T.);
#5267=ORIENTED_EDGE('',*,*,#3804,.T.);
#5268=ORIENTED_EDGE('',*,*,#3801,.T.);
#5269=ORIENTED_EDGE('',*,*,#3798,.T.);
#5270=ORIENTED_EDGE('',*,*,#3795,.T.);
#5271=ORIENTED_EDGE('',*,*,#3792,.T.);
#5272=ORIENTED_EDGE('',*,*,#3789,.T.);
#5273=ORIENTED_EDGE('',*,*,#3786,.T.);
#5274=ORIENTED_EDGE('',*,*,#3783,.T.);
#5275=ORIENTED_EDGE('',*,*,#3780,.T.);
#5276=ORIENTED_EDGE('',*,*,#3777,.T.);
#5277=ORIENTED_EDGE('',*,*,#3774,.T.);
#5278=ORIENTED_EDGE('',*,*,#3771,.T.);
#5279=ORIENTED_EDGE('',*,*,#3768,.T.);
#5280=ORIENTED_EDGE('',*,*,#3765,.T.);
#5281=ORIENTED_EDGE('',*,*,#3762,.T.);
#5282=ORIENTED_EDGE('',*,*,#3759,.T.);
#5283=ORIENTED_EDGE('',*,*,#3756,.T.);
#5284=ORIENTED_EDGE('',*,*,#3753,.T.);
#5285=ORIENTED_EDGE('',*,*,#3750,.T.);
#5286=ORIENTED_EDGE('',*,*,#3747,.T.);
#5287=ORIENTED_EDGE('',*,*,#3744,.T.);
#5288=ORIENTED_EDGE('',*,*,#3741,.T.);
#5289=ORIENTED_EDGE('',*,*,#3738,.T.);
#5290=ORIENTED_EDGE('',*,*,#3735,.T.);
#5291=ORIENTED_EDGE('',*,*,#3732,.T.);
#5292=ORIENTED_EDGE('',*,*,#3729,.T.);
#5293=ORIENTED_EDGE('',*,*,#3832,.F.);
#5294=ORIENTED_EDGE('',*,*,#3833,.T.);
#5295=ORIENTED_EDGE('',*,*,#3834,.F.);
#5296=ORIENTED_EDGE('',*,*,#3835,.F.);
#5297=ORIENTED_EDGE('',*,*,#3836,.F.);
#5298=ORIENTED_EDGE('',*,*,#3835,.T.);
#5299=ORIENTED_EDGE('',*,*,#3837,.F.);
#5300=ORIENTED_EDGE('',*,*,#3838,.F.);
#5301=ORIENTED_EDGE('',*,*,#3839,.F.);
#5302=ORIENTED_EDGE('',*,*,#3838,.T.);
#5303=ORIENTED_EDGE('',*,*,#3840,.F.);
#5304=ORIENTED_EDGE('',*,*,#3841,.F.);
#5305=ORIENTED_EDGE('',*,*,#3842,.F.);
#5306=ORIENTED_EDGE('',*,*,#3841,.T.);
#5307=ORIENTED_EDGE('',*,*,#3843,.F.);
#5308=ORIENTED_EDGE('',*,*,#3844,.F.);
#5309=ORIENTED_EDGE('',*,*,#3845,.F.);
#5310=ORIENTED_EDGE('',*,*,#3844,.T.);
#5311=ORIENTED_EDGE('',*,*,#3846,.F.);
#5312=ORIENTED_EDGE('',*,*,#3847,.F.);
#5313=ORIENTED_EDGE('',*,*,#3848,.F.);
#5314=ORIENTED_EDGE('',*,*,#3847,.T.);
#5315=ORIENTED_EDGE('',*,*,#3849,.F.);
#5316=ORIENTED_EDGE('',*,*,#3833,.F.);
#5317=ORIENTED_EDGE('',*,*,#3850,.F.);
#5318=ORIENTED_EDGE('',*,*,#3851,.T.);
#5319=ORIENTED_EDGE('',*,*,#3852,.F.);
#5320=ORIENTED_EDGE('',*,*,#3853,.F.);
#5321=ORIENTED_EDGE('',*,*,#3854,.F.);
#5322=ORIENTED_EDGE('',*,*,#3853,.T.);
#5323=ORIENTED_EDGE('',*,*,#3855,.F.);
#5324=ORIENTED_EDGE('',*,*,#3856,.F.);
#5325=ORIENTED_EDGE('',*,*,#3857,.F.);
#5326=ORIENTED_EDGE('',*,*,#3856,.T.);
#5327=ORIENTED_EDGE('',*,*,#3858,.F.);
#5328=ORIENTED_EDGE('',*,*,#3859,.F.);
#5329=ORIENTED_EDGE('',*,*,#3860,.F.);
#5330=ORIENTED_EDGE('',*,*,#3859,.T.);
#5331=ORIENTED_EDGE('',*,*,#3861,.F.);
#5332=ORIENTED_EDGE('',*,*,#3862,.F.);
#5333=ORIENTED_EDGE('',*,*,#3863,.F.);
#5334=ORIENTED_EDGE('',*,*,#3862,.T.);
#5335=ORIENTED_EDGE('',*,*,#3864,.F.);
#5336=ORIENTED_EDGE('',*,*,#3865,.F.);
#5337=ORIENTED_EDGE('',*,*,#3866,.F.);
#5338=ORIENTED_EDGE('',*,*,#3865,.T.);
#5339=ORIENTED_EDGE('',*,*,#3867,.F.);
#5340=ORIENTED_EDGE('',*,*,#3868,.F.);
#5341=ORIENTED_EDGE('',*,*,#3869,.F.);
#5342=ORIENTED_EDGE('',*,*,#3868,.T.);
#5343=ORIENTED_EDGE('',*,*,#3870,.F.);
#5344=ORIENTED_EDGE('',*,*,#3871,.F.);
#5345=ORIENTED_EDGE('',*,*,#3872,.F.);
#5346=ORIENTED_EDGE('',*,*,#3871,.T.);
#5347=ORIENTED_EDGE('',*,*,#3873,.F.);
#5348=ORIENTED_EDGE('',*,*,#3874,.F.);
#5349=ORIENTED_EDGE('',*,*,#3875,.F.);
#5350=ORIENTED_EDGE('',*,*,#3874,.T.);
#5351=ORIENTED_EDGE('',*,*,#3876,.F.);
#5352=ORIENTED_EDGE('',*,*,#3877,.F.);
#5353=ORIENTED_EDGE('',*,*,#3878,.F.);
#5354=ORIENTED_EDGE('',*,*,#3877,.T.);
#5355=ORIENTED_EDGE('',*,*,#3879,.F.);
#5356=ORIENTED_EDGE('',*,*,#3880,.F.);
#5357=ORIENTED_EDGE('',*,*,#3881,.F.);
#5358=ORIENTED_EDGE('',*,*,#3880,.T.);
#5359=ORIENTED_EDGE('',*,*,#3882,.F.);
#5360=ORIENTED_EDGE('',*,*,#3883,.F.);
#5361=ORIENTED_EDGE('',*,*,#3884,.F.);
#5362=ORIENTED_EDGE('',*,*,#3883,.T.);
#5363=ORIENTED_EDGE('',*,*,#3885,.F.);
#5364=ORIENTED_EDGE('',*,*,#3886,.F.);
#5365=ORIENTED_EDGE('',*,*,#3887,.F.);
#5366=ORIENTED_EDGE('',*,*,#3886,.T.);
#5367=ORIENTED_EDGE('',*,*,#3888,.F.);
#5368=ORIENTED_EDGE('',*,*,#3889,.F.);
#5369=ORIENTED_EDGE('',*,*,#3890,.F.);
#5370=ORIENTED_EDGE('',*,*,#3889,.T.);
#5371=ORIENTED_EDGE('',*,*,#3891,.F.);
#5372=ORIENTED_EDGE('',*,*,#3892,.F.);
#5373=ORIENTED_EDGE('',*,*,#3893,.F.);
#5374=ORIENTED_EDGE('',*,*,#3892,.T.);
#5375=ORIENTED_EDGE('',*,*,#3894,.F.);
#5376=ORIENTED_EDGE('',*,*,#3895,.F.);
#5377=ORIENTED_EDGE('',*,*,#3896,.F.);
#5378=ORIENTED_EDGE('',*,*,#3895,.T.);
#5379=ORIENTED_EDGE('',*,*,#3897,.F.);
#5380=ORIENTED_EDGE('',*,*,#3898,.F.);
#5381=ORIENTED_EDGE('',*,*,#3899,.F.);
#5382=ORIENTED_EDGE('',*,*,#3898,.T.);
#5383=ORIENTED_EDGE('',*,*,#3900,.F.);
#5384=ORIENTED_EDGE('',*,*,#3851,.F.);
#5385=ORIENTED_EDGE('',*,*,#3900,.T.);
#5386=ORIENTED_EDGE('',*,*,#3897,.T.);
#5387=ORIENTED_EDGE('',*,*,#3894,.T.);
#5388=ORIENTED_EDGE('',*,*,#3891,.T.);
#5389=ORIENTED_EDGE('',*,*,#3888,.T.);
#5390=ORIENTED_EDGE('',*,*,#3885,.T.);
#5391=ORIENTED_EDGE('',*,*,#3882,.T.);
#5392=ORIENTED_EDGE('',*,*,#3879,.T.);
#5393=ORIENTED_EDGE('',*,*,#3876,.T.);
#5394=ORIENTED_EDGE('',*,*,#3873,.T.);
#5395=ORIENTED_EDGE('',*,*,#3870,.T.);
#5396=ORIENTED_EDGE('',*,*,#3867,.T.);
#5397=ORIENTED_EDGE('',*,*,#3864,.T.);
#5398=ORIENTED_EDGE('',*,*,#3861,.T.);
#5399=ORIENTED_EDGE('',*,*,#3858,.T.);
#5400=ORIENTED_EDGE('',*,*,#3855,.T.);
#5401=ORIENTED_EDGE('',*,*,#3852,.T.);
#5402=ORIENTED_EDGE('',*,*,#3849,.T.);
#5403=ORIENTED_EDGE('',*,*,#3846,.T.);
#5404=ORIENTED_EDGE('',*,*,#3843,.T.);
#5405=ORIENTED_EDGE('',*,*,#3840,.T.);
#5406=ORIENTED_EDGE('',*,*,#3837,.T.);
#5407=ORIENTED_EDGE('',*,*,#3834,.T.);
#5408=ORIENTED_EDGE('',*,*,#3901,.F.);
#5409=ORIENTED_EDGE('',*,*,#3902,.F.);
#5410=ORIENTED_EDGE('',*,*,#3903,.F.);
#5411=ORIENTED_EDGE('',*,*,#3904,.F.);
#5412=ORIENTED_EDGE('',*,*,#3905,.F.);
#5413=ORIENTED_EDGE('',*,*,#3906,.F.);
#5414=ORIENTED_EDGE('',*,*,#3907,.F.);
#5415=ORIENTED_EDGE('',*,*,#3908,.F.);
#5416=ORIENTED_EDGE('',*,*,#3136,.T.);
#5417=ORIENTED_EDGE('',*,*,#3140,.T.);
#5418=ORIENTED_EDGE('',*,*,#3143,.T.);
#5419=ORIENTED_EDGE('',*,*,#3146,.T.);
#5420=ORIENTED_EDGE('',*,*,#3149,.T.);
#5421=ORIENTED_EDGE('',*,*,#3152,.T.);
#5422=ORIENTED_EDGE('',*,*,#3155,.T.);
#5423=ORIENTED_EDGE('',*,*,#3158,.T.);
#5424=ORIENTED_EDGE('',*,*,#3196,.T.);
#5425=ORIENTED_EDGE('',*,*,#3200,.T.);
#5426=ORIENTED_EDGE('',*,*,#3203,.T.);
#5427=ORIENTED_EDGE('',*,*,#3206,.T.);
#5428=ORIENTED_EDGE('',*,*,#3209,.T.);
#5429=ORIENTED_EDGE('',*,*,#3212,.T.);
#5430=ORIENTED_EDGE('',*,*,#3215,.T.);
#5431=ORIENTED_EDGE('',*,*,#3218,.T.);
#5432=ORIENTED_EDGE('',*,*,#3221,.T.);
#5433=ORIENTED_EDGE('',*,*,#3224,.T.);
#5434=ORIENTED_EDGE('',*,*,#3227,.T.);
#5435=ORIENTED_EDGE('',*,*,#3230,.T.);
#5436=ORIENTED_EDGE('',*,*,#3262,.T.);
#5437=ORIENTED_EDGE('',*,*,#3266,.T.);
#5438=ORIENTED_EDGE('',*,*,#3269,.T.);
#5439=ORIENTED_EDGE('',*,*,#3272,.T.);
#5440=ORIENTED_EDGE('',*,*,#3275,.T.);
#5441=ORIENTED_EDGE('',*,*,#3278,.T.);
#5442=ORIENTED_EDGE('',*,*,#3281,.T.);
#5443=ORIENTED_EDGE('',*,*,#3284,.T.);
#5444=ORIENTED_EDGE('',*,*,#3287,.T.);
#5445=ORIENTED_EDGE('',*,*,#3290,.T.);
#5446=ORIENTED_EDGE('',*,*,#3293,.T.);
#5447=ORIENTED_EDGE('',*,*,#3296,.T.);
#5448=ORIENTED_EDGE('',*,*,#3331,.T.);
#5449=ORIENTED_EDGE('',*,*,#3335,.T.);
#5450=ORIENTED_EDGE('',*,*,#3338,.T.);
#5451=ORIENTED_EDGE('',*,*,#3341,.T.);
#5452=ORIENTED_EDGE('',*,*,#3344,.T.);
#5453=ORIENTED_EDGE('',*,*,#3347,.T.);
#5454=ORIENTED_EDGE('',*,*,#3350,.T.);
#5455=ORIENTED_EDGE('',*,*,#3353,.T.);
#5456=ORIENTED_EDGE('',*,*,#3356,.T.);
#5457=ORIENTED_EDGE('',*,*,#3359,.T.);
#5458=ORIENTED_EDGE('',*,*,#3362,.T.);
#5459=ORIENTED_EDGE('',*,*,#3394,.T.);
#5460=ORIENTED_EDGE('',*,*,#3398,.T.);
#5461=ORIENTED_EDGE('',*,*,#3401,.T.);
#5462=ORIENTED_EDGE('',*,*,#3404,.T.);
#5463=ORIENTED_EDGE('',*,*,#3407,.T.);
#5464=ORIENTED_EDGE('',*,*,#3410,.T.);
#5465=ORIENTED_EDGE('',*,*,#3413,.T.);
#5466=ORIENTED_EDGE('',*,*,#3416,.T.);
#5467=ORIENTED_EDGE('',*,*,#3419,.T.);
#5468=ORIENTED_EDGE('',*,*,#3422,.T.);
#5469=ORIENTED_EDGE('',*,*,#3425,.T.);
#5470=ORIENTED_EDGE('',*,*,#3428,.T.);
#5471=ORIENTED_EDGE('',*,*,#3431,.T.);
#5472=ORIENTED_EDGE('',*,*,#3434,.T.);
#5473=ORIENTED_EDGE('',*,*,#3437,.T.);
#5474=ORIENTED_EDGE('',*,*,#3440,.T.);
#5475=ORIENTED_EDGE('',*,*,#3443,.T.);
#5476=ORIENTED_EDGE('',*,*,#3445,.T.);
#5477=ORIENTED_EDGE('',*,*,#3449,.T.);
#5478=ORIENTED_EDGE('',*,*,#3452,.T.);
#5479=ORIENTED_EDGE('',*,*,#3455,.T.);
#5480=ORIENTED_EDGE('',*,*,#3458,.T.);
#5481=ORIENTED_EDGE('',*,*,#3461,.T.);
#5482=ORIENTED_EDGE('',*,*,#3464,.T.);
#5483=ORIENTED_EDGE('',*,*,#3467,.T.);
#5484=ORIENTED_EDGE('',*,*,#3470,.T.);
#5485=ORIENTED_EDGE('',*,*,#3473,.T.);
#5486=ORIENTED_EDGE('',*,*,#3476,.T.);
#5487=ORIENTED_EDGE('',*,*,#3479,.T.);
#5488=ORIENTED_EDGE('',*,*,#3482,.T.);
#5489=ORIENTED_EDGE('',*,*,#3485,.T.);
#5490=ORIENTED_EDGE('',*,*,#3487,.T.);
#5491=ORIENTED_EDGE('',*,*,#3491,.T.);
#5492=ORIENTED_EDGE('',*,*,#3494,.T.);
#5493=ORIENTED_EDGE('',*,*,#3497,.T.);
#5494=ORIENTED_EDGE('',*,*,#3500,.T.);
#5495=ORIENTED_EDGE('',*,*,#3503,.T.);
#5496=ORIENTED_EDGE('',*,*,#3506,.T.);
#5497=ORIENTED_EDGE('',*,*,#3509,.T.);
#5498=ORIENTED_EDGE('',*,*,#3512,.T.);
#5499=ORIENTED_EDGE('',*,*,#3515,.T.);
#5500=ORIENTED_EDGE('',*,*,#3518,.T.);
#5501=ORIENTED_EDGE('',*,*,#3521,.T.);
#5502=ORIENTED_EDGE('',*,*,#3524,.T.);
#5503=ORIENTED_EDGE('',*,*,#3527,.T.);
#5504=ORIENTED_EDGE('',*,*,#3530,.T.);
#5505=ORIENTED_EDGE('',*,*,#3533,.T.);
#5506=ORIENTED_EDGE('',*,*,#3536,.T.);
#5507=ORIENTED_EDGE('',*,*,#3539,.T.);
#5508=ORIENTED_EDGE('',*,*,#3542,.T.);
#5509=ORIENTED_EDGE('',*,*,#3545,.T.);
#5510=ORIENTED_EDGE('',*,*,#3548,.T.);
#5511=ORIENTED_EDGE('',*,*,#3551,.T.);
#5512=ORIENTED_EDGE('',*,*,#3554,.T.);
#5513=ORIENTED_EDGE('',*,*,#3557,.T.);
#5514=ORIENTED_EDGE('',*,*,#3560,.T.);
#5515=ORIENTED_EDGE('',*,*,#3563,.T.);
#5516=ORIENTED_EDGE('',*,*,#3566,.T.);
#5517=ORIENTED_EDGE('',*,*,#3569,.T.);
#5518=ORIENTED_EDGE('',*,*,#3572,.T.);
#5519=ORIENTED_EDGE('',*,*,#3575,.T.);
#5520=ORIENTED_EDGE('',*,*,#3578,.T.);
#5521=ORIENTED_EDGE('',*,*,#3581,.T.);
#5522=ORIENTED_EDGE('',*,*,#3584,.T.);
#5523=ORIENTED_EDGE('',*,*,#3587,.T.);
#5524=ORIENTED_EDGE('',*,*,#3590,.T.);
#5525=ORIENTED_EDGE('',*,*,#3592,.T.);
#5526=ORIENTED_EDGE('',*,*,#3596,.T.);
#5527=ORIENTED_EDGE('',*,*,#3599,.T.);
#5528=ORIENTED_EDGE('',*,*,#3602,.T.);
#5529=ORIENTED_EDGE('',*,*,#3605,.T.);
#5530=ORIENTED_EDGE('',*,*,#3608,.T.);
#5531=ORIENTED_EDGE('',*,*,#3611,.T.);
#5532=ORIENTED_EDGE('',*,*,#3614,.T.);
#5533=ORIENTED_EDGE('',*,*,#3617,.T.);
#5534=ORIENTED_EDGE('',*,*,#3620,.T.);
#5535=ORIENTED_EDGE('',*,*,#3622,.T.);
#5536=ORIENTED_EDGE('',*,*,#3626,.T.);
#5537=ORIENTED_EDGE('',*,*,#3629,.T.);
#5538=ORIENTED_EDGE('',*,*,#3632,.T.);
#5539=ORIENTED_EDGE('',*,*,#3635,.T.);
#5540=ORIENTED_EDGE('',*,*,#3638,.T.);
#5541=ORIENTED_EDGE('',*,*,#3641,.T.);
#5542=ORIENTED_EDGE('',*,*,#3644,.T.);
#5543=ORIENTED_EDGE('',*,*,#3647,.T.);
#5544=ORIENTED_EDGE('',*,*,#3650,.T.);
#5545=ORIENTED_EDGE('',*,*,#3653,.T.);
#5546=ORIENTED_EDGE('',*,*,#3656,.T.);
#5547=ORIENTED_EDGE('',*,*,#3659,.T.);
#5548=ORIENTED_EDGE('',*,*,#3662,.T.);
#5549=ORIENTED_EDGE('',*,*,#3665,.T.);
#5550=ORIENTED_EDGE('',*,*,#3668,.T.);
#5551=ORIENTED_EDGE('',*,*,#3671,.T.);
#5552=ORIENTED_EDGE('',*,*,#3674,.T.);
#5553=ORIENTED_EDGE('',*,*,#3677,.T.);
#5554=ORIENTED_EDGE('',*,*,#3680,.T.);
#5555=ORIENTED_EDGE('',*,*,#3683,.T.);
#5556=ORIENTED_EDGE('',*,*,#3686,.T.);
#5557=ORIENTED_EDGE('',*,*,#3689,.T.);
#5558=ORIENTED_EDGE('',*,*,#3692,.T.);
#5559=ORIENTED_EDGE('',*,*,#3695,.T.);
#5560=ORIENTED_EDGE('',*,*,#3698,.T.);
#5561=ORIENTED_EDGE('',*,*,#3701,.T.);
#5562=ORIENTED_EDGE('',*,*,#3704,.T.);
#5563=ORIENTED_EDGE('',*,*,#3707,.T.);
#5564=ORIENTED_EDGE('',*,*,#3710,.T.);
#5565=ORIENTED_EDGE('',*,*,#3713,.T.);
#5566=ORIENTED_EDGE('',*,*,#3716,.T.);
#5567=ORIENTED_EDGE('',*,*,#3719,.T.);
#5568=ORIENTED_EDGE('',*,*,#3722,.T.);
#5569=ORIENTED_EDGE('',*,*,#3725,.T.);
#5570=ORIENTED_EDGE('',*,*,#3727,.T.);
#5571=ORIENTED_EDGE('',*,*,#3731,.T.);
#5572=ORIENTED_EDGE('',*,*,#3734,.T.);
#5573=ORIENTED_EDGE('',*,*,#3737,.T.);
#5574=ORIENTED_EDGE('',*,*,#3740,.T.);
#5575=ORIENTED_EDGE('',*,*,#3743,.T.);
#5576=ORIENTED_EDGE('',*,*,#3746,.T.);
#5577=ORIENTED_EDGE('',*,*,#3749,.T.);
#5578=ORIENTED_EDGE('',*,*,#3752,.T.);
#5579=ORIENTED_EDGE('',*,*,#3755,.T.);
#5580=ORIENTED_EDGE('',*,*,#3758,.T.);
#5581=ORIENTED_EDGE('',*,*,#3761,.T.);
#5582=ORIENTED_EDGE('',*,*,#3764,.T.);
#5583=ORIENTED_EDGE('',*,*,#3767,.T.);
#5584=ORIENTED_EDGE('',*,*,#3770,.T.);
#5585=ORIENTED_EDGE('',*,*,#3773,.T.);
#5586=ORIENTED_EDGE('',*,*,#3776,.T.);
#5587=ORIENTED_EDGE('',*,*,#3779,.T.);
#5588=ORIENTED_EDGE('',*,*,#3782,.T.);
#5589=ORIENTED_EDGE('',*,*,#3785,.T.);
#5590=ORIENTED_EDGE('',*,*,#3788,.T.);
#5591=ORIENTED_EDGE('',*,*,#3791,.T.);
#5592=ORIENTED_EDGE('',*,*,#3794,.T.);
#5593=ORIENTED_EDGE('',*,*,#3797,.T.);
#5594=ORIENTED_EDGE('',*,*,#3800,.T.);
#5595=ORIENTED_EDGE('',*,*,#3803,.T.);
#5596=ORIENTED_EDGE('',*,*,#3806,.T.);
#5597=ORIENTED_EDGE('',*,*,#3809,.T.);
#5598=ORIENTED_EDGE('',*,*,#3812,.T.);
#5599=ORIENTED_EDGE('',*,*,#3815,.T.);
#5600=ORIENTED_EDGE('',*,*,#3818,.T.);
#5601=ORIENTED_EDGE('',*,*,#3821,.T.);
#5602=ORIENTED_EDGE('',*,*,#3824,.T.);
#5603=ORIENTED_EDGE('',*,*,#3827,.T.);
#5604=ORIENTED_EDGE('',*,*,#3830,.T.);
#5605=ORIENTED_EDGE('',*,*,#3850,.T.);
#5606=ORIENTED_EDGE('',*,*,#3854,.T.);
#5607=ORIENTED_EDGE('',*,*,#3857,.T.);
#5608=ORIENTED_EDGE('',*,*,#3860,.T.);
#5609=ORIENTED_EDGE('',*,*,#3863,.T.);
#5610=ORIENTED_EDGE('',*,*,#3866,.T.);
#5611=ORIENTED_EDGE('',*,*,#3869,.T.);
#5612=ORIENTED_EDGE('',*,*,#3872,.T.);
#5613=ORIENTED_EDGE('',*,*,#3875,.T.);
#5614=ORIENTED_EDGE('',*,*,#3878,.T.);
#5615=ORIENTED_EDGE('',*,*,#3881,.T.);
#5616=ORIENTED_EDGE('',*,*,#3884,.T.);
#5617=ORIENTED_EDGE('',*,*,#3887,.T.);
#5618=ORIENTED_EDGE('',*,*,#3890,.T.);
#5619=ORIENTED_EDGE('',*,*,#3893,.T.);
#5620=ORIENTED_EDGE('',*,*,#3896,.T.);
#5621=ORIENTED_EDGE('',*,*,#3899,.T.);
#5622=ORIENTED_EDGE('',*,*,#3364,.T.);
#5623=ORIENTED_EDGE('',*,*,#3368,.T.);
#5624=ORIENTED_EDGE('',*,*,#3371,.T.);
#5625=ORIENTED_EDGE('',*,*,#3374,.T.);
#5626=ORIENTED_EDGE('',*,*,#3307,.T.);
#5627=ORIENTED_EDGE('',*,*,#3311,.T.);
#5628=ORIENTED_EDGE('',*,*,#3314,.T.);
#5629=ORIENTED_EDGE('',*,*,#3317,.T.);
#5630=ORIENTED_EDGE('',*,*,#3320,.T.);
#5631=ORIENTED_EDGE('',*,*,#3323,.T.);
#5632=ORIENTED_EDGE('',*,*,#3326,.T.);
#5633=ORIENTED_EDGE('',*,*,#3329,.T.);
#5634=ORIENTED_EDGE('',*,*,#3232,.T.);
#5635=ORIENTED_EDGE('',*,*,#3236,.T.);
#5636=ORIENTED_EDGE('',*,*,#3239,.T.);
#5637=ORIENTED_EDGE('',*,*,#3242,.T.);
#5638=ORIENTED_EDGE('',*,*,#3245,.T.);
#5639=ORIENTED_EDGE('',*,*,#3248,.T.);
#5640=ORIENTED_EDGE('',*,*,#3251,.T.);
#5641=ORIENTED_EDGE('',*,*,#3254,.T.);
#5642=ORIENTED_EDGE('',*,*,#3257,.T.);
#5643=ORIENTED_EDGE('',*,*,#3260,.T.);
#5644=ORIENTED_EDGE('',*,*,#3160,.T.);
#5645=ORIENTED_EDGE('',*,*,#3164,.T.);
#5646=ORIENTED_EDGE('',*,*,#3167,.T.);
#5647=ORIENTED_EDGE('',*,*,#3170,.T.);
#5648=ORIENTED_EDGE('',*,*,#3173,.T.);
#5649=ORIENTED_EDGE('',*,*,#3176,.T.);
#5650=ORIENTED_EDGE('',*,*,#3179,.T.);
#5651=ORIENTED_EDGE('',*,*,#3182,.T.);
#5652=ORIENTED_EDGE('',*,*,#3185,.T.);
#5653=ORIENTED_EDGE('',*,*,#3188,.T.);
#5654=ORIENTED_EDGE('',*,*,#3191,.T.);
#5655=ORIENTED_EDGE('',*,*,#3194,.T.);
#5656=ORIENTED_EDGE('',*,*,#3040,.T.);
#5657=ORIENTED_EDGE('',*,*,#3044,.T.);
#5658=ORIENTED_EDGE('',*,*,#3047,.T.);
#5659=ORIENTED_EDGE('',*,*,#3050,.T.);
#5660=ORIENTED_EDGE('',*,*,#3053,.T.);
#5661=ORIENTED_EDGE('',*,*,#3056,.T.);
#5662=ORIENTED_EDGE('',*,*,#3059,.T.);
#5663=ORIENTED_EDGE('',*,*,#3062,.T.);
#5664=ORIENTED_EDGE('',*,*,#3065,.T.);
#5665=ORIENTED_EDGE('',*,*,#3068,.T.);
#5666=ORIENTED_EDGE('',*,*,#3071,.T.);
#5667=ORIENTED_EDGE('',*,*,#3074,.T.);
#5668=ORIENTED_EDGE('',*,*,#3077,.T.);
#5669=ORIENTED_EDGE('',*,*,#3080,.T.);
#5670=ORIENTED_EDGE('',*,*,#3083,.T.);
#5671=ORIENTED_EDGE('',*,*,#3086,.T.);
#5672=ORIENTED_EDGE('',*,*,#3089,.T.);
#5673=ORIENTED_EDGE('',*,*,#3092,.T.);
#5674=ORIENTED_EDGE('',*,*,#3095,.T.);
#5675=ORIENTED_EDGE('',*,*,#3098,.T.);
#5676=ORIENTED_EDGE('',*,*,#3101,.T.);
#5677=ORIENTED_EDGE('',*,*,#3104,.T.);
#5678=ORIENTED_EDGE('',*,*,#3107,.T.);
#5679=ORIENTED_EDGE('',*,*,#3110,.T.);
#5680=ORIENTED_EDGE('',*,*,#3113,.T.);
#5681=ORIENTED_EDGE('',*,*,#3116,.T.);
#5682=ORIENTED_EDGE('',*,*,#3119,.T.);
#5683=ORIENTED_EDGE('',*,*,#3122,.T.);
#5684=ORIENTED_EDGE('',*,*,#3125,.T.);
#5685=ORIENTED_EDGE('',*,*,#3909,.T.);
#5686=ORIENTED_EDGE('',*,*,#3910,.T.);
#5687=ORIENTED_EDGE('',*,*,#3911,.T.);
#5688=ORIENTED_EDGE('',*,*,#3901,.T.);
#5689=ORIENTED_EDGE('',*,*,#3912,.T.);
#5690=ORIENTED_EDGE('',*,*,#3913,.T.);
#5691=ORIENTED_EDGE('',*,*,#3909,.F.);
#5692=ORIENTED_EDGE('',*,*,#3908,.T.);
#5693=ORIENTED_EDGE('',*,*,#3914,.T.);
#5694=ORIENTED_EDGE('',*,*,#3915,.T.);
#5695=ORIENTED_EDGE('',*,*,#3916,.T.);
#5696=ORIENTED_EDGE('',*,*,#3902,.T.);
#5697=ORIENTED_EDGE('',*,*,#3911,.F.);
#5698=ORIENTED_EDGE('',*,*,#3917,.T.);
#5699=ORIENTED_EDGE('',*,*,#3918,.T.);
#5700=ORIENTED_EDGE('',*,*,#3919,.T.);
#5701=ORIENTED_EDGE('',*,*,#3920,.T.);
#5702=ORIENTED_EDGE('',*,*,#3921,.T.);
#5703=ORIENTED_EDGE('',*,*,#3912,.F.);
#5704=ORIENTED_EDGE('',*,*,#3907,.T.);
#5705=ORIENTED_EDGE('',*,*,#3922,.T.);
#5706=ORIENTED_EDGE('',*,*,#3903,.T.);
#5707=ORIENTED_EDGE('',*,*,#3916,.F.);
#5708=ORIENTED_EDGE('',*,*,#3923,.T.);
#5709=ORIENTED_EDGE('',*,*,#3924,.T.);
#5710=ORIENTED_EDGE('',*,*,#3925,.T.);
#5711=ORIENTED_EDGE('',*,*,#3920,.F.);
#5712=ORIENTED_EDGE('',*,*,#3906,.T.);
#5713=ORIENTED_EDGE('',*,*,#3926,.T.);
#5714=ORIENTED_EDGE('',*,*,#3927,.T.);
#5715=ORIENTED_EDGE('',*,*,#3928,.T.);
#5716=ORIENTED_EDGE('',*,*,#3904,.T.);
#5717=ORIENTED_EDGE('',*,*,#3922,.F.);
#5718=ORIENTED_EDGE('',*,*,#3929,.T.);
#5719=ORIENTED_EDGE('',*,*,#3930,.T.);
#5720=ORIENTED_EDGE('',*,*,#3931,.T.);
#5721=ORIENTED_EDGE('',*,*,#3928,.F.);
#5722=ORIENTED_EDGE('',*,*,#3932,.T.);
#5723=ORIENTED_EDGE('',*,*,#3924,.F.);
#5724=ORIENTED_EDGE('',*,*,#3905,.T.);
#5725=ORIENTED_EDGE('',*,*,#3914,.F.);
#5726=ORIENTED_EDGE('',*,*,#3933,.T.);
#5727=ORIENTED_EDGE('',*,*,#3918,.F.);
#5728=ORIENTED_EDGE('',*,*,#3934,.T.);
#5729=ORIENTED_EDGE('',*,*,#3926,.F.);
#5730=ORIENTED_EDGE('',*,*,#3935,.T.);
#5731=ORIENTED_EDGE('',*,*,#3930,.F.);
#5732=ORIENTED_EDGE('',*,*,#3936,.T.);
#5733=ORIENTED_EDGE('',*,*,#3832,.T.);
#5734=ORIENTED_EDGE('',*,*,#3836,.T.);
#5735=ORIENTED_EDGE('',*,*,#3839,.T.);
#5736=ORIENTED_EDGE('',*,*,#3842,.T.);
#5737=ORIENTED_EDGE('',*,*,#3845,.T.);
#5738=ORIENTED_EDGE('',*,*,#3848,.T.);
#5739=ORIENTED_EDGE('',*,*,#3937,.F.);
#5740=ORIENTED_EDGE('',*,*,#3938,.T.);
#5741=ORIENTED_EDGE('',*,*,#3939,.F.);
#5742=ORIENTED_EDGE('',*,*,#3940,.F.);
#5743=ORIENTED_EDGE('',*,*,#3941,.F.);
#5744=ORIENTED_EDGE('',*,*,#3940,.T.);
#5745=ORIENTED_EDGE('',*,*,#3942,.F.);
#5746=ORIENTED_EDGE('',*,*,#3943,.F.);
#5747=ORIENTED_EDGE('',*,*,#3944,.F.);
#5748=ORIENTED_EDGE('',*,*,#3943,.T.);
#5749=ORIENTED_EDGE('',*,*,#3945,.F.);
#5750=ORIENTED_EDGE('',*,*,#3946,.F.);
#5751=ORIENTED_EDGE('',*,*,#3947,.F.);
#5752=ORIENTED_EDGE('',*,*,#3946,.T.);
#5753=ORIENTED_EDGE('',*,*,#3948,.F.);
#5754=ORIENTED_EDGE('',*,*,#3938,.F.);
#5755=ORIENTED_EDGE('',*,*,#3948,.T.);
#5756=ORIENTED_EDGE('',*,*,#3945,.T.);
#5757=ORIENTED_EDGE('',*,*,#3942,.T.);
#5758=ORIENTED_EDGE('',*,*,#3939,.T.);
#5759=ORIENTED_EDGE('',*,*,#3927,.F.);
#5760=ORIENTED_EDGE('',*,*,#3935,.F.);
#5761=ORIENTED_EDGE('',*,*,#3949,.F.);
#5762=ORIENTED_EDGE('',*,*,#3915,.F.);
#5763=ORIENTED_EDGE('',*,*,#3933,.F.);
#5764=ORIENTED_EDGE('',*,*,#3950,.F.);
#5765=ORIENTED_EDGE('',*,*,#3931,.F.);
#5766=ORIENTED_EDGE('',*,*,#3936,.F.);
#5767=ORIENTED_EDGE('',*,*,#3951,.F.);
#5768=ORIENTED_EDGE('',*,*,#3919,.F.);
#5769=ORIENTED_EDGE('',*,*,#3934,.F.);
#5770=ORIENTED_EDGE('',*,*,#3952,.F.);
#5771=ORIENTED_EDGE('',*,*,#3950,.T.);
#5772=ORIENTED_EDGE('',*,*,#3953,.T.);
#5773=ORIENTED_EDGE('',*,*,#3954,.F.);
#5774=ORIENTED_EDGE('',*,*,#3953,.F.);
#5775=ORIENTED_EDGE('',*,*,#3952,.T.);
#5776=ORIENTED_EDGE('',*,*,#3955,.T.);
#5777=ORIENTED_EDGE('',*,*,#3956,.F.);
#5778=ORIENTED_EDGE('',*,*,#3955,.F.);
#5779=ORIENTED_EDGE('',*,*,#3949,.T.);
#5780=ORIENTED_EDGE('',*,*,#3957,.T.);
#5781=ORIENTED_EDGE('',*,*,#3958,.F.);
#5782=ORIENTED_EDGE('',*,*,#3957,.F.);
#5783=ORIENTED_EDGE('',*,*,#3951,.T.);
#5784=ORIENTED_EDGE('',*,*,#3959,.T.);
#5785=ORIENTED_EDGE('',*,*,#3960,.F.);
#5786=ORIENTED_EDGE('',*,*,#3959,.F.);
#5787=ORIENTED_EDGE('',*,*,#3929,.F.);
#5788=ORIENTED_EDGE('',*,*,#3923,.F.);
#5789=ORIENTED_EDGE('',*,*,#3917,.F.);
#5790=ORIENTED_EDGE('',*,*,#3910,.F.);
#5791=ORIENTED_EDGE('',*,*,#3913,.F.);
#5792=ORIENTED_EDGE('',*,*,#3921,.F.);
#5793=ORIENTED_EDGE('',*,*,#3925,.F.);
#5794=ORIENTED_EDGE('',*,*,#3932,.F.);
#5795=ORIENTED_EDGE('',*,*,#3937,.T.);
#5796=ORIENTED_EDGE('',*,*,#3941,.T.);
#5797=ORIENTED_EDGE('',*,*,#3944,.T.);
#5798=ORIENTED_EDGE('',*,*,#3947,.T.);
#5799=ORIENTED_EDGE('',*,*,#3954,.T.);
#5800=ORIENTED_EDGE('',*,*,#3956,.T.);
#5801=ORIENTED_EDGE('',*,*,#3958,.T.);
#5802=ORIENTED_EDGE('',*,*,#3960,.T.);
#5803=PLANE('',#6324);
#5804=PLANE('',#6325);
#5805=PLANE('',#6326);
#5806=PLANE('',#6327);
#5807=PLANE('',#6328);
#5808=PLANE('',#6329);
#5809=PLANE('',#6330);
#5810=PLANE('',#6331);
#5811=PLANE('',#6332);
#5812=PLANE('',#6333);
#5813=PLANE('',#6334);
#5814=PLANE('',#6335);
#5815=PLANE('',#6336);
#5816=PLANE('',#6337);
#5817=PLANE('',#6338);
#5818=PLANE('',#6339);
#5819=PLANE('',#6340);
#5820=PLANE('',#6341);
#5821=PLANE('',#6342);
#5822=PLANE('',#6343);
#5823=PLANE('',#6344);
#5824=PLANE('',#6345);
#5825=PLANE('',#6346);
#5826=PLANE('',#6347);
#5827=PLANE('',#6348);
#5828=PLANE('',#6349);
#5829=PLANE('',#6350);
#5830=PLANE('',#6351);
#5831=PLANE('',#6352);
#5832=PLANE('',#6353);
#5833=PLANE('',#6354);
#5834=PLANE('',#6355);
#5835=PLANE('',#6356);
#5836=PLANE('',#6357);
#5837=PLANE('',#6358);
#5838=PLANE('',#6359);
#5839=PLANE('',#6360);
#5840=PLANE('',#6361);
#5841=PLANE('',#6362);
#5842=PLANE('',#6363);
#5843=PLANE('',#6364);
#5844=PLANE('',#6365);
#5845=PLANE('',#6366);
#5846=PLANE('',#6367);
#5847=PLANE('',#6368);
#5848=PLANE('',#6369);
#5849=PLANE('',#6370);
#5850=PLANE('',#6371);
#5851=PLANE('',#6372);
#5852=PLANE('',#6373);
#5853=PLANE('',#6374);
#5854=PLANE('',#6375);
#5855=PLANE('',#6376);
#5856=PLANE('',#6377);
#5857=PLANE('',#6378);
#5858=PLANE('',#6379);
#5859=PLANE('',#6380);
#5860=PLANE('',#6381);
#5861=PLANE('',#6382);
#5862=PLANE('',#6383);
#5863=PLANE('',#6384);
#5864=PLANE('',#6385);
#5865=PLANE('',#6386);
#5866=PLANE('',#6387);
#5867=PLANE('',#6388);
#5868=PLANE('',#6389);
#5869=PLANE('',#6390);
#5870=PLANE('',#6391);
#5871=PLANE('',#6392);
#5872=PLANE('',#6393);
#5873=PLANE('',#6394);
#5874=PLANE('',#6395);
#5875=PLANE('',#6396);
#5876=PLANE('',#6397);
#5877=PLANE('',#6398);
#5878=PLANE('',#6399);
#5879=PLANE('',#6400);
#5880=PLANE('',#6401);
#5881=PLANE('',#6402);
#5882=PLANE('',#6403);
#5883=PLANE('',#6404);
#5884=PLANE('',#6405);
#5885=PLANE('',#6406);
#5886=PLANE('',#6407);
#5887=PLANE('',#6408);
#5888=PLANE('',#6409);
#5889=PLANE('',#6410);
#5890=PLANE('',#6411);
#5891=PLANE('',#6412);
#5892=PLANE('',#6413);
#5893=PLANE('',#6414);
#5894=PLANE('',#6415);
#5895=PLANE('',#6416);
#5896=PLANE('',#6417);
#5897=PLANE('',#6418);
#5898=PLANE('',#6419);
#5899=PLANE('',#6420);
#5900=PLANE('',#6421);
#5901=PLANE('',#6422);
#5902=PLANE('',#6423);
#5903=PLANE('',#6424);
#5904=PLANE('',#6425);
#5905=PLANE('',#6426);
#5906=PLANE('',#6427);
#5907=PLANE('',#6428);
#5908=PLANE('',#6429);
#5909=PLANE('',#6430);
#5910=PLANE('',#6431);
#5911=PLANE('',#6432);
#5912=PLANE('',#6433);
#5913=PLANE('',#6434);
#5914=PLANE('',#6435);
#5915=PLANE('',#6436);
#5916=PLANE('',#6437);
#5917=PLANE('',#6438);
#5918=PLANE('',#6439);
#5919=PLANE('',#6440);
#5920=PLANE('',#6441);
#5921=PLANE('',#6442);
#5922=PLANE('',#6443);
#5923=PLANE('',#6444);
#5924=PLANE('',#6445);
#5925=PLANE('',#6446);
#5926=PLANE('',#6447);
#5927=PLANE('',#6448);
#5928=PLANE('',#6449);
#5929=PLANE('',#6450);
#5930=PLANE('',#6451);
#5931=PLANE('',#6452);
#5932=PLANE('',#6453);
#5933=PLANE('',#6454);
#5934=PLANE('',#6455);
#5935=PLANE('',#6456);
#5936=PLANE('',#6457);
#5937=PLANE('',#6458);
#5938=PLANE('',#6459);
#5939=PLANE('',#6460);
#5940=PLANE('',#6461);
#5941=PLANE('',#6462);
#5942=PLANE('',#6463);
#5943=PLANE('',#6464);
#5944=PLANE('',#6465);
#5945=PLANE('',#6466);
#5946=PLANE('',#6467);
#5947=PLANE('',#6468);
#5948=PLANE('',#6469);
#5949=PLANE('',#6470);
#5950=PLANE('',#6471);
#5951=PLANE('',#6472);
#5952=PLANE('',#6473);
#5953=PLANE('',#6474);
#5954=PLANE('',#6475);
#5955=PLANE('',#6476);
#5956=PLANE('',#6477);
#5957=PLANE('',#6478);
#5958=PLANE('',#6479);
#5959=PLANE('',#6480);
#5960=PLANE('',#6481);
#5961=PLANE('',#6482);
#5962=PLANE('',#6483);
#5963=PLANE('',#6484);
#5964=PLANE('',#6485);
#5965=PLANE('',#6518);
#5966=PLANE('',#6519);
#5967=PLANE('',#6520);
#5968=PLANE('',#6521);
#5969=PLANE('',#6522);
#5970=PLANE('',#6523);
#5971=PLANE('',#6524);
#5972=PLANE('',#6526);
#5973=PLANE('',#6528);
#5974=PLANE('',#6530);
#5975=PLANE('',#6540);
#5976=ADVANCED_FACE('',(#535),#5803,.T.);
#5977=ADVANCED_FACE('',(#536),#5804,.T.);
#5978=ADVANCED_FACE('',(#537),#390,.T.);
#5979=ADVANCED_FACE('',(#538),#391,.T.);
#5980=ADVANCED_FACE('',(#539),#392,.T.);
#5981=ADVANCED_FACE('',(#540),#393,.T.);
#5982=ADVANCED_FACE('',(#541),#5805,.T.);
#5983=ADVANCED_FACE('',(#542),#394,.T.);
#5984=ADVANCED_FACE('',(#543),#395,.T.);
#5985=ADVANCED_FACE('',(#544),#396,.T.);
#5986=ADVANCED_FACE('',(#545),#397,.T.);
#5987=ADVANCED_FACE('',(#546),#5806,.T.);
#5988=ADVANCED_FACE('',(#547),#5807,.T.);
#5989=ADVANCED_FACE('',(#548),#5808,.T.);
#5990=ADVANCED_FACE('',(#549),#398,.T.);
#5991=ADVANCED_FACE('',(#550),#399,.T.);
#5992=ADVANCED_FACE('',(#551),#400,.T.);
#5993=ADVANCED_FACE('',(#552),#401,.T.);
#5994=ADVANCED_FACE('',(#553),#402,.T.);
#5995=ADVANCED_FACE('',(#554),#403,.T.);
#5996=ADVANCED_FACE('',(#555),#5809,.T.);
#5997=ADVANCED_FACE('',(#556),#404,.T.);
#5998=ADVANCED_FACE('',(#557),#405,.T.);
#5999=ADVANCED_FACE('',(#558),#406,.T.);
#6000=ADVANCED_FACE('',(#559),#407,.T.);
#6001=ADVANCED_FACE('',(#560),#408,.T.);
#6002=ADVANCED_FACE('',(#561),#409,.T.);
#6003=ADVANCED_FACE('',(#562),#410,.T.);
#6004=ADVANCED_FACE('',(#563),#5810,.T.);
#6005=ADVANCED_FACE('',(#564),#5811,.T.);
#6006=ADVANCED_FACE('',(#565),#411,.T.);
#6007=ADVANCED_FACE('',(#566),#412,.T.);
#6008=ADVANCED_FACE('',(#567),#5812,.T.);
#6009=ADVANCED_FACE('',(#568),#5813,.T.);
#6010=ADVANCED_FACE('',(#569),#5814,.T.);
#6011=ADVANCED_FACE('',(#570),#5815,.T.);
#6012=ADVANCED_FACE('',(#571),#5816,.T.);
#6013=ADVANCED_FACE('',(#572),#5817,.T.);
#6014=ADVANCED_FACE('',(#573),#5818,.T.);
#6015=ADVANCED_FACE('',(#574),#5819,.T.);
#6016=ADVANCED_FACE('',(#575),#5820,.T.);
#6017=ADVANCED_FACE('',(#576,#63),#5821,.T.);
#6018=ADVANCED_FACE('',(#577),#5822,.T.);
#6019=ADVANCED_FACE('',(#578),#5823,.T.);
#6020=ADVANCED_FACE('',(#579),#5824,.T.);
#6021=ADVANCED_FACE('',(#580),#5825,.T.);
#6022=ADVANCED_FACE('',(#581),#5826,.T.);
#6023=ADVANCED_FACE('',(#582),#5827,.T.);
#6024=ADVANCED_FACE('',(#583),#5828,.T.);
#6025=ADVANCED_FACE('',(#584),#5829,.T.);
#6026=ADVANCED_FACE('',(#585),#5830,.T.);
#6027=ADVANCED_FACE('',(#586),#5831,.T.);
#6028=ADVANCED_FACE('',(#587),#5832,.T.);
#6029=ADVANCED_FACE('',(#588),#5833,.T.);
#6030=ADVANCED_FACE('',(#589),#5834,.T.);
#6031=ADVANCED_FACE('',(#590),#5835,.T.);
#6032=ADVANCED_FACE('',(#591),#5836,.T.);
#6033=ADVANCED_FACE('',(#592),#5837,.T.);
#6034=ADVANCED_FACE('',(#593),#5838,.T.);
#6035=ADVANCED_FACE('',(#594),#5839,.T.);
#6036=ADVANCED_FACE('',(#595),#5840,.T.);
#6037=ADVANCED_FACE('',(#596),#5841,.T.);
#6038=ADVANCED_FACE('',(#597),#5842,.T.);
#6039=ADVANCED_FACE('',(#598),#5843,.T.);
#6040=ADVANCED_FACE('',(#599),#5844,.T.);
#6041=ADVANCED_FACE('',(#600),#5845,.T.);
#6042=ADVANCED_FACE('',(#601),#5846,.T.);
#6043=ADVANCED_FACE('',(#602),#5847,.T.);
#6044=ADVANCED_FACE('',(#603),#5848,.T.);
#6045=ADVANCED_FACE('',(#604),#5849,.T.);
#6046=ADVANCED_FACE('',(#605),#5850,.T.);
#6047=ADVANCED_FACE('',(#606),#5851,.T.);
#6048=ADVANCED_FACE('',(#607),#413,.T.);
#6049=ADVANCED_FACE('',(#608),#414,.T.);
#6050=ADVANCED_FACE('',(#609),#415,.T.);
#6051=ADVANCED_FACE('',(#610),#5852,.T.);
#6052=ADVANCED_FACE('',(#611),#5853,.T.);
#6053=ADVANCED_FACE('',(#612),#416,.T.);
#6054=ADVANCED_FACE('',(#613),#5854,.T.);
#6055=ADVANCED_FACE('',(#614),#5855,.T.);
#6056=ADVANCED_FACE('',(#615),#5856,.T.);
#6057=ADVANCED_FACE('',(#616),#5857,.T.);
#6058=ADVANCED_FACE('',(#617),#5858,.T.);
#6059=ADVANCED_FACE('',(#618),#5859,.T.);
#6060=ADVANCED_FACE('',(#619),#5860,.T.);
#6061=ADVANCED_FACE('',(#620),#5861,.T.);
#6062=ADVANCED_FACE('',(#621),#5862,.T.);
#6063=ADVANCED_FACE('',(#622),#5863,.T.);
#6064=ADVANCED_FACE('',(#623),#5864,.T.);
#6065=ADVANCED_FACE('',(#624),#5865,.T.);
#6066=ADVANCED_FACE('',(#625),#5866,.T.);
#6067=ADVANCED_FACE('',(#626),#5867,.T.);
#6068=ADVANCED_FACE('',(#627),#5868,.T.);
#6069=ADVANCED_FACE('',(#628),#417,.T.);
#6070=ADVANCED_FACE('',(#629),#418,.T.);
#6071=ADVANCED_FACE('',(#630),#5869,.T.);
#6072=ADVANCED_FACE('',(#631),#5870,.T.);
#6073=ADVANCED_FACE('',(#632),#5871,.T.);
#6074=ADVANCED_FACE('',(#633),#5872,.T.);
#6075=ADVANCED_FACE('',(#634),#5873,.T.);
#6076=ADVANCED_FACE('',(#635),#5874,.T.);
#6077=ADVANCED_FACE('',(#636),#5875,.T.);
#6078=ADVANCED_FACE('',(#637),#5876,.T.);
#6079=ADVANCED_FACE('',(#638),#5877,.T.);
#6080=ADVANCED_FACE('',(#639,#64),#5878,.T.);
#6081=ADVANCED_FACE('',(#640),#5879,.T.);
#6082=ADVANCED_FACE('',(#641),#5880,.T.);
#6083=ADVANCED_FACE('',(#642),#5881,.T.);
#6084=ADVANCED_FACE('',(#643),#5882,.T.);
#6085=ADVANCED_FACE('',(#644),#5883,.T.);
#6086=ADVANCED_FACE('',(#645),#5884,.T.);
#6087=ADVANCED_FACE('',(#646),#5885,.T.);
#6088=ADVANCED_FACE('',(#647),#5886,.T.);
#6089=ADVANCED_FACE('',(#648),#5887,.T.);
#6090=ADVANCED_FACE('',(#649),#5888,.T.);
#6091=ADVANCED_FACE('',(#650),#5889,.T.);
#6092=ADVANCED_FACE('',(#651),#5890,.T.);
#6093=ADVANCED_FACE('',(#652),#5891,.T.);
#6094=ADVANCED_FACE('',(#653),#5892,.T.);
#6095=ADVANCED_FACE('',(#654),#5893,.T.);
#6096=ADVANCED_FACE('',(#655),#5894,.T.);
#6097=ADVANCED_FACE('',(#656),#5895,.T.);
#6098=ADVANCED_FACE('',(#657),#5896,.T.);
#6099=ADVANCED_FACE('',(#658),#5897,.T.);
#6100=ADVANCED_FACE('',(#659),#419,.T.);
#6101=ADVANCED_FACE('',(#660),#420,.T.);
#6102=ADVANCED_FACE('',(#661),#5898,.T.);
#6103=ADVANCED_FACE('',(#662),#421,.T.);
#6104=ADVANCED_FACE('',(#663),#422,.T.);
#6105=ADVANCED_FACE('',(#664),#5899,.T.);
#6106=ADVANCED_FACE('',(#665),#423,.T.);
#6107=ADVANCED_FACE('',(#666),#424,.T.);
#6108=ADVANCED_FACE('',(#667),#425,.T.);
#6109=ADVANCED_FACE('',(#668),#426,.T.);
#6110=ADVANCED_FACE('',(#669),#427,.T.);
#6111=ADVANCED_FACE('',(#670),#428,.T.);
#6112=ADVANCED_FACE('',(#671),#429,.T.);
#6113=ADVANCED_FACE('',(#672),#430,.T.);
#6114=ADVANCED_FACE('',(#673),#5900,.T.);
#6115=ADVANCED_FACE('',(#674),#5901,.T.);
#6116=ADVANCED_FACE('',(#675),#5902,.T.);
#6117=ADVANCED_FACE('',(#676),#431,.T.);
#6118=ADVANCED_FACE('',(#677),#432,.T.);
#6119=ADVANCED_FACE('',(#678),#5903,.T.);
#6120=ADVANCED_FACE('',(#679),#5904,.T.);
#6121=ADVANCED_FACE('',(#680),#5905,.T.);
#6122=ADVANCED_FACE('',(#681,#65),#5906,.T.);
#6123=ADVANCED_FACE('',(#682),#5907,.T.);
#6124=ADVANCED_FACE('',(#683),#5908,.T.);
#6125=ADVANCED_FACE('',(#684),#5909,.T.);
#6126=ADVANCED_FACE('',(#685),#5910,.T.);
#6127=ADVANCED_FACE('',(#686),#5911,.T.);
#6128=ADVANCED_FACE('',(#687),#5912,.T.);
#6129=ADVANCED_FACE('',(#688),#5913,.T.);
#6130=ADVANCED_FACE('',(#689),#5914,.T.);
#6131=ADVANCED_FACE('',(#690),#5915,.T.);
#6132=ADVANCED_FACE('',(#691),#5916,.T.);
#6133=ADVANCED_FACE('',(#692),#5917,.T.);
#6134=ADVANCED_FACE('',(#693),#433,.T.);
#6135=ADVANCED_FACE('',(#694),#5918,.T.);
#6136=ADVANCED_FACE('',(#695),#5919,.T.);
#6137=ADVANCED_FACE('',(#696),#5920,.T.);
#6138=ADVANCED_FACE('',(#697),#5921,.T.);
#6139=ADVANCED_FACE('',(#698),#5922,.T.);
#6140=ADVANCED_FACE('',(#699),#5923,.T.);
#6141=ADVANCED_FACE('',(#700),#434,.T.);
#6142=ADVANCED_FACE('',(#701),#435,.T.);
#6143=ADVANCED_FACE('',(#702),#436,.T.);
#6144=ADVANCED_FACE('',(#703),#437,.T.);
#6145=ADVANCED_FACE('',(#704),#438,.T.);
#6146=ADVANCED_FACE('',(#705),#439,.T.);
#6147=ADVANCED_FACE('',(#706),#440,.T.);
#6148=ADVANCED_FACE('',(#707),#441,.T.);
#6149=ADVANCED_FACE('',(#708),#442,.T.);
#6150=ADVANCED_FACE('',(#709),#443,.T.);
#6151=ADVANCED_FACE('',(#710),#444,.T.);
#6152=ADVANCED_FACE('',(#711),#445,.T.);
#6153=ADVANCED_FACE('',(#712),#446,.T.);
#6154=ADVANCED_FACE('',(#713),#447,.T.);
#6155=ADVANCED_FACE('',(#714),#5924,.T.);
#6156=ADVANCED_FACE('',(#715),#5925,.T.);
#6157=ADVANCED_FACE('',(#716),#5926,.T.);
#6158=ADVANCED_FACE('',(#717),#448,.T.);
#6159=ADVANCED_FACE('',(#718),#449,.T.);
#6160=ADVANCED_FACE('',(#719),#450,.T.);
#6161=ADVANCED_FACE('',(#720),#451,.T.);
#6162=ADVANCED_FACE('',(#721),#452,.T.);
#6163=ADVANCED_FACE('',(#722),#453,.T.);
#6164=ADVANCED_FACE('',(#723),#454,.T.);
#6165=ADVANCED_FACE('',(#724),#455,.T.);
#6166=ADVANCED_FACE('',(#725),#456,.T.);
#6167=ADVANCED_FACE('',(#726),#457,.T.);
#6168=ADVANCED_FACE('',(#727),#458,.T.);
#6169=ADVANCED_FACE('',(#728),#459,.T.);
#6170=ADVANCED_FACE('',(#729),#460,.T.);
#6171=ADVANCED_FACE('',(#730),#461,.T.);
#6172=ADVANCED_FACE('',(#731),#462,.T.);
#6173=ADVANCED_FACE('',(#732),#5927,.T.);
#6174=ADVANCED_FACE('',(#733),#5928,.T.);
#6175=ADVANCED_FACE('',(#734),#5929,.T.);
#6176=ADVANCED_FACE('',(#735),#5930,.T.);
#6177=ADVANCED_FACE('',(#736),#5931,.T.);
#6178=ADVANCED_FACE('',(#737),#5932,.T.);
#6179=ADVANCED_FACE('',(#738),#5933,.T.);
#6180=ADVANCED_FACE('',(#739),#5934,.T.);
#6181=ADVANCED_FACE('',(#740),#5935,.T.);
#6182=ADVANCED_FACE('',(#741),#5936,.T.);
#6183=ADVANCED_FACE('',(#742),#5937,.T.);
#6184=ADVANCED_FACE('',(#743),#5938,.T.);
#6185=ADVANCED_FACE('',(#744),#5939,.T.);
#6186=ADVANCED_FACE('',(#745),#5940,.T.);
#6187=ADVANCED_FACE('',(#746),#5941,.T.);
#6188=ADVANCED_FACE('',(#747),#463,.T.);
#6189=ADVANCED_FACE('',(#748),#464,.T.);
#6190=ADVANCED_FACE('',(#749),#465,.T.);
#6191=ADVANCED_FACE('',(#750),#466,.T.);
#6192=ADVANCED_FACE('',(#751),#467,.T.);
#6193=ADVANCED_FACE('',(#752),#468,.T.);
#6194=ADVANCED_FACE('',(#753),#469,.T.);
#6195=ADVANCED_FACE('',(#754),#470,.T.);
#6196=ADVANCED_FACE('',(#755),#471,.T.);
#6197=ADVANCED_FACE('',(#756),#472,.T.);
#6198=ADVANCED_FACE('',(#757),#473,.T.);
#6199=ADVANCED_FACE('',(#758),#474,.T.);
#6200=ADVANCED_FACE('',(#759),#475,.T.);
#6201=ADVANCED_FACE('',(#760),#476,.T.);
#6202=ADVANCED_FACE('',(#761),#5942,.T.);
#6203=ADVANCED_FACE('',(#762),#5943,.T.);
#6204=ADVANCED_FACE('',(#763),#5944,.T.);
#6205=ADVANCED_FACE('',(#764),#477,.T.);
#6206=ADVANCED_FACE('',(#765),#478,.T.);
#6207=ADVANCED_FACE('',(#766),#479,.T.);
#6208=ADVANCED_FACE('',(#767),#480,.T.);
#6209=ADVANCED_FACE('',(#768),#481,.T.);
#6210=ADVANCED_FACE('',(#769),#482,.T.);
#6211=ADVANCED_FACE('',(#770),#483,.T.);
#6212=ADVANCED_FACE('',(#771),#484,.T.);
#6213=ADVANCED_FACE('',(#772),#485,.T.);
#6214=ADVANCED_FACE('',(#773),#486,.T.);
#6215=ADVANCED_FACE('',(#774),#487,.T.);
#6216=ADVANCED_FACE('',(#775),#488,.T.);
#6217=ADVANCED_FACE('',(#776),#489,.T.);
#6218=ADVANCED_FACE('',(#777),#490,.T.);
#6219=ADVANCED_FACE('',(#778),#491,.T.);
#6220=ADVANCED_FACE('',(#779),#5945,.T.);
#6221=ADVANCED_FACE('',(#780),#5946,.T.);
#6222=ADVANCED_FACE('',(#781),#5947,.T.);
#6223=ADVANCED_FACE('',(#782),#5948,.T.);
#6224=ADVANCED_FACE('',(#783),#492,.T.);
#6225=ADVANCED_FACE('',(#784),#493,.T.);
#6226=ADVANCED_FACE('',(#785),#494,.T.);
#6227=ADVANCED_FACE('',(#786),#495,.T.);
#6228=ADVANCED_FACE('',(#787),#496,.T.);
#6229=ADVANCED_FACE('',(#788),#497,.T.);
#6230=ADVANCED_FACE('',(#789),#498,.T.);
#6231=ADVANCED_FACE('',(#790),#499,.T.);
#6232=ADVANCED_FACE('',(#791),#500,.T.);
#6233=ADVANCED_FACE('',(#792),#501,.T.);
#6234=ADVANCED_FACE('',(#793),#502,.T.);
#6235=ADVANCED_FACE('',(#794),#503,.T.);
#6236=ADVANCED_FACE('',(#795),#504,.T.);
#6237=ADVANCED_FACE('',(#796),#505,.T.);
#6238=ADVANCED_FACE('',(#797),#5949,.T.);
#6239=ADVANCED_FACE('',(#798),#5950,.T.);
#6240=ADVANCED_FACE('',(#799),#5951,.T.);
#6241=ADVANCED_FACE('',(#800),#506,.T.);
#6242=ADVANCED_FACE('',(#801),#507,.T.);
#6243=ADVANCED_FACE('',(#802),#508,.T.);
#6244=ADVANCED_FACE('',(#803),#509,.T.);
#6245=ADVANCED_FACE('',(#804),#510,.T.);
#6246=ADVANCED_FACE('',(#805),#511,.T.);
#6247=ADVANCED_FACE('',(#806),#512,.T.);
#6248=ADVANCED_FACE('',(#807),#513,.T.);
#6249=ADVANCED_FACE('',(#808),#514,.T.);
#6250=ADVANCED_FACE('',(#809),#515,.T.);
#6251=ADVANCED_FACE('',(#810),#516,.T.);
#6252=ADVANCED_FACE('',(#811),#517,.T.);
#6253=ADVANCED_FACE('',(#812),#518,.T.);
#6254=ADVANCED_FACE('',(#813),#519,.T.);
#6255=ADVANCED_FACE('',(#814),#520,.T.);
#6256=ADVANCED_FACE('',(#815),#5952,.T.);
#6257=ADVANCED_FACE('',(#816),#5953,.T.);
#6258=ADVANCED_FACE('',(#817),#5954,.T.);
#6259=ADVANCED_FACE('',(#818),#521,.T.);
#6260=ADVANCED_FACE('',(#819),#522,.T.);
#6261=ADVANCED_FACE('',(#820),#5955,.T.);
#6262=ADVANCED_FACE('',(#821),#523,.T.);
#6263=ADVANCED_FACE('',(#822),#524,.T.);
#6264=ADVANCED_FACE('',(#823),#5956,.T.);
#6265=ADVANCED_FACE('',(#824),#525,.T.);
#6266=ADVANCED_FACE('',(#825),#526,.T.);
#6267=ADVANCED_FACE('',(#826),#527,.T.);
#6268=ADVANCED_FACE('',(#827),#528,.T.);
#6269=ADVANCED_FACE('',(#828),#529,.T.);
#6270=ADVANCED_FACE('',(#829),#530,.T.);
#6271=ADVANCED_FACE('',(#830),#531,.T.);
#6272=ADVANCED_FACE('',(#831),#532,.T.);
#6273=ADVANCED_FACE('',(#832),#5957,.T.);
#6274=ADVANCED_FACE('',(#833),#5958,.T.);
#6275=ADVANCED_FACE('',(#834),#5959,.T.);
#6276=ADVANCED_FACE('',(#835),#533,.T.);
#6277=ADVANCED_FACE('',(#836),#534,.T.);
#6278=ADVANCED_FACE('',(#837),#5960,.T.);
#6279=ADVANCED_FACE('',(#838),#5961,.T.);
#6280=ADVANCED_FACE('',(#839),#5962,.T.);
#6281=ADVANCED_FACE('',(#840,#66),#5963,.T.);
#6282=ADVANCED_FACE('',(#841,#67,#68,#69,#70,#71,#72,#73,#74,#75,#76,#77,
#78,#79,#80,#81,#82),#5964,.T.);
#6283=ADVANCED_FACE('',(#842),#19,.T.);
#6284=ADVANCED_FACE('',(#843,#83),#15,.T.);
#6285=ADVANCED_FACE('',(#844,#84),#16,.T.);
#6286=ADVANCED_FACE('',(#845),#20,.T.);
#6287=ADVANCED_FACE('',(#846),#21,.T.);
#6288=ADVANCED_FACE('',(#847,#85),#17,.T.);
#6289=ADVANCED_FACE('',(#848,#86),#18,.T.);
#6290=ADVANCED_FACE('',(#849),#22,.T.);
#6291=ADVANCED_FACE('',(#850),#23,.F.);
#6292=ADVANCED_FACE('',(#851),#24,.F.);
#6293=ADVANCED_FACE('',(#852),#25,.F.);
#6294=ADVANCED_FACE('',(#853),#26,.F.);
#6295=ADVANCED_FACE('',(#854),#5965,.T.);
#6296=ADVANCED_FACE('',(#855),#5966,.T.);
#6297=ADVANCED_FACE('',(#856),#5967,.T.);
#6298=ADVANCED_FACE('',(#857),#5968,.T.);
#6299=ADVANCED_FACE('',(#858),#5969,.T.);
#6300=ADVANCED_FACE('',(#859),#5970,.T.);
#6301=ADVANCED_FACE('',(#860,#87),#5971,.T.);
#6302=ADVANCED_FACE('',(#861,#88),#5972,.T.);
#6303=ADVANCED_FACE('',(#862,#89),#5973,.T.);
#6304=ADVANCED_FACE('',(#863,#90),#5974,.T.);
#6305=ADVANCED_FACE('',(#864),#27,.F.);
#6306=ADVANCED_FACE('',(#865),#28,.F.);
#6307=ADVANCED_FACE('',(#866),#29,.F.);
#6308=ADVANCED_FACE('',(#867),#30,.F.);
#6309=ADVANCED_FACE('',(#868,#91,#92,#93,#94,#95),#5975,.F.);
#6310=CLOSED_SHELL('',(#5976,#5977,#5978,#5979,#5980,#5981,#5982,#5983,
#5984,#5985,#5986,#5987,#5988,#5989,#5990,#5991,#5992,#5993,#5994,#5995,
#5996,#5997,#5998,#5999,#6000,#6001,#6002,#6003,#6004,#6005,#6006,#6007,
#6008,#6009,#6010,#6011,#6012,#6013,#6014,#6015,#6016,#6017,#6018,#6019,
#6020,#6021,#6022,#6023,#6024,#6025,#6026,#6027,#6028,#6029,#6030,#6031,
#6032,#6033,#6034,#6035,#6036,#6037,#6038,#6039,#6040,#6041,#6042,#6043,
#6044,#6045,#6046,#6047,#6048,#6049,#6050,#6051,#6052,#6053,#6054,#6055,
#6056,#6057,#6058,#6059,#6060,#6061,#6062,#6063,#6064,#6065,#6066,#6067,
#6068,#6069,#6070,#6071,#6072,#6073,#6074,#6075,#6076,#6077,#6078,#6079,
#6080,#6081,#6082,#6083,#6084,#6085,#6086,#6087,#6088,#6089,#6090,#6091,
#6092,#6093,#6094,#6095,#6096,#6097,#6098,#6099,#6100,#6101,#6102,#6103,
#6104,#6105,#6106,#6107,#6108,#6109,#6110,#6111,#6112,#6113,#6114,#6115,
#6116,#6117,#6118,#6119,#6120,#6121,#6122,#6123,#6124,#6125,#6126,#6127,
#6128,#6129,#6130,#6131,#6132,#6133,#6134,#6135,#6136,#6137,#6138,#6139,
#6140,#6141,#6142,#6143,#6144,#6145,#6146,#6147,#6148,#6149,#6150,#6151,
#6152,#6153,#6154,#6155,#6156,#6157,#6158,#6159,#6160,#6161,#6162,#6163,
#6164,#6165,#6166,#6167,#6168,#6169,#6170,#6171,#6172,#6173,#6174,#6175,
#6176,#6177,#6178,#6179,#6180,#6181,#6182,#6183,#6184,#6185,#6186,#6187,
#6188,#6189,#6190,#6191,#6192,#6193,#6194,#6195,#6196,#6197,#6198,#6199,
#6200,#6201,#6202,#6203,#6204,#6205,#6206,#6207,#6208,#6209,#6210,#6211,
#6212,#6213,#6214,#6215,#6216,#6217,#6218,#6219,#6220,#6221,#6222,#6223,
#6224,#6225,#6226,#6227,#6228,#6229,#6230,#6231,#6232,#6233,#6234,#6235,
#6236,#6237,#6238,#6239,#6240,#6241,#6242,#6243,#6244,#6245,#6246,#6247,
#6248,#6249,#6250,#6251,#6252,#6253,#6254,#6255,#6256,#6257,#6258,#6259,
#6260,#6261,#6262,#6263,#6264,#6265,#6266,#6267,#6268,#6269,#6270,#6271,
#6272,#6273,#6274,#6275,#6276,#6277,#6278,#6279,#6280,#6281,#6282,#6283,
#6284,#6285,#6286,#6287,#6288,#6289,#6290,#6291,#6292,#6293,#6294,#6295,
#6296,#6297,#6298,#6299,#6300,#6301,#6302,#6303,#6304,#6305,#6306,#6307,
#6308,#6309));
#6311=DERIVED_UNIT_ELEMENT(#6313,1.);
#6312=DERIVED_UNIT_ELEMENT(#12052,-3.);
#6313=(
MASS_UNIT()
NAMED_UNIT(*)
SI_UNIT(.KILO.,.GRAM.)
);
#6314=DERIVED_UNIT((#6311,#6312));
#6315=MEASURE_REPRESENTATION_ITEM('density measure',
POSITIVE_RATIO_MEASURE(952.),#6314);
#6316=PROPERTY_DEFINITION_REPRESENTATION(#6321,#6318);
#6317=PROPERTY_DEFINITION_REPRESENTATION(#6322,#6319);
#6318=REPRESENTATION('material name',(#6320),#12049);
#6319=REPRESENTATION('density',(#6315),#12049);
#6320=DESCRIPTIVE_REPRESENTATION_ITEM('Plastic, Opaque White',
'Plastic, Opaque White');
#6321=PROPERTY_DEFINITION('material property','material name',#12059);
#6322=PROPERTY_DEFINITION('material property','density of part',#12059);
#6323=AXIS2_PLACEMENT_3D('',#7572,#6541,#6542);
#6324=AXIS2_PLACEMENT_3D('',#7573,#6543,#6544);
#6325=AXIS2_PLACEMENT_3D('',#7582,#6549,#6550);
#6326=AXIS2_PLACEMENT_3D('',#7680,#6558,#6559);
#6327=AXIS2_PLACEMENT_3D('',#7778,#6567,#6568);
#6328=AXIS2_PLACEMENT_3D('',#7784,#6572,#6573);
#6329=AXIS2_PLACEMENT_3D('',#7790,#6577,#6578);
#6330=AXIS2_PLACEMENT_3D('',#7934,#6588,#6589);
#6331=AXIS2_PLACEMENT_3D('',#8101,#6600,#6601);
#6332=AXIS2_PLACEMENT_3D('',#8104,#6604,#6605);
#6333=AXIS2_PLACEMENT_3D('',#8154,#6609,#6610);
#6334=AXIS2_PLACEMENT_3D('',#8157,#6613,#6614);
#6335=AXIS2_PLACEMENT_3D('',#8166,#6619,#6620);
#6336=AXIS2_PLACEMENT_3D('',#8172,#6624,#6625);
#6337=AXIS2_PLACEMENT_3D('',#8178,#6629,#6630);
#6338=AXIS2_PLACEMENT_3D('',#8184,#6634,#6635);
#6339=AXIS2_PLACEMENT_3D('',#8190,#6639,#6640);
#6340=AXIS2_PLACEMENT_3D('',#8196,#6644,#6645);
#6341=AXIS2_PLACEMENT_3D('',#8202,#6649,#6650);
#6342=AXIS2_PLACEMENT_3D('',#8205,#6653,#6654);
#6343=AXIS2_PLACEMENT_3D('',#8206,#6655,#6656);
#6344=AXIS2_PLACEMENT_3D('',#8207,#6657,#6658);
#6345=AXIS2_PLACEMENT_3D('',#8216,#6663,#6664);
#6346=AXIS2_PLACEMENT_3D('',#8222,#6668,#6669);
#6347=AXIS2_PLACEMENT_3D('',#8228,#6673,#6674);
#6348=AXIS2_PLACEMENT_3D('',#8234,#6678,#6679);
#6349=AXIS2_PLACEMENT_3D('',#8240,#6683,#6684);
#6350=AXIS2_PLACEMENT_3D('',#8246,#6688,#6689);
#6351=AXIS2_PLACEMENT_3D('',#8252,#6693,#6694);
#6352=AXIS2_PLACEMENT_3D('',#8258,#6698,#6699);
#6353=AXIS2_PLACEMENT_3D('',#8264,#6703,#6704);
#6354=AXIS2_PLACEMENT_3D('',#8270,#6708,#6709);
#6355=AXIS2_PLACEMENT_3D('',#8276,#6713,#6714);
#6356=AXIS2_PLACEMENT_3D('',#8279,#6717,#6718);
#6357=AXIS2_PLACEMENT_3D('',#8280,#6719,#6720);
#6358=AXIS2_PLACEMENT_3D('',#8289,#6725,#6726);
#6359=AXIS2_PLACEMENT_3D('',#8295,#6730,#6731);
#6360=AXIS2_PLACEMENT_3D('',#8301,#6735,#6736);
#6361=AXIS2_PLACEMENT_3D('',#8307,#6740,#6741);
#6362=AXIS2_PLACEMENT_3D('',#8313,#6745,#6746);
#6363=AXIS2_PLACEMENT_3D('',#8319,#6750,#6751);
#6364=AXIS2_PLACEMENT_3D('',#8325,#6755,#6756);
#6365=AXIS2_PLACEMENT_3D('',#8331,#6760,#6761);
#6366=AXIS2_PLACEMENT_3D('',#8337,#6765,#6766);
#6367=AXIS2_PLACEMENT_3D('',#8343,#6770,#6771);
#6368=AXIS2_PLACEMENT_3D('',#8349,#6775,#6776);
#6369=AXIS2_PLACEMENT_3D('',#8352,#6779,#6780);
#6370=AXIS2_PLACEMENT_3D('',#8353,#6781,#6782);
#6371=AXIS2_PLACEMENT_3D('',#8362,#6787,#6788);
#6372=AXIS2_PLACEMENT_3D('',#8368,#6792,#6793);
#6373=AXIS2_PLACEMENT_3D('',#8443,#6800,#6801);
#6374=AXIS2_PLACEMENT_3D('',#8449,#6805,#6806);
#6375=AXIS2_PLACEMENT_3D('',#8478,#6811,#6812);
#6376=AXIS2_PLACEMENT_3D('',#8481,#6815,#6816);
#6377=AXIS2_PLACEMENT_3D('',#8482,#6817,#6818);
#6378=AXIS2_PLACEMENT_3D('',#8491,#6823,#6824);
#6379=AXIS2_PLACEMENT_3D('',#8497,#6828,#6829);
#6380=AXIS2_PLACEMENT_3D('',#8503,#6833,#6834);
#6381=AXIS2_PLACEMENT_3D('',#8509,#6838,#6839);
#6382=AXIS2_PLACEMENT_3D('',#8515,#6843,#6844);
#6383=AXIS2_PLACEMENT_3D('',#8521,#6848,#6849);
#6384=AXIS2_PLACEMENT_3D('',#8527,#6853,#6854);
#6385=AXIS2_PLACEMENT_3D('',#8533,#6858,#6859);
#6386=AXIS2_PLACEMENT_3D('',#8539,#6863,#6864);
#6387=AXIS2_PLACEMENT_3D('',#8545,#6868,#6869);
#6388=AXIS2_PLACEMENT_3D('',#8551,#6873,#6874);
#6389=AXIS2_PLACEMENT_3D('',#8554,#6877,#6878);
#6390=AXIS2_PLACEMENT_3D('',#8604,#6882,#6883);
#6391=AXIS2_PLACEMENT_3D('',#8607,#6886,#6887);
#6392=AXIS2_PLACEMENT_3D('',#8616,#6892,#6893);
#6393=AXIS2_PLACEMENT_3D('',#8622,#6897,#6898);
#6394=AXIS2_PLACEMENT_3D('',#8628,#6902,#6903);
#6395=AXIS2_PLACEMENT_3D('',#8634,#6907,#6908);
#6396=AXIS2_PLACEMENT_3D('',#8640,#6912,#6913);
#6397=AXIS2_PLACEMENT_3D('',#8646,#6917,#6918);
#6398=AXIS2_PLACEMENT_3D('',#8652,#6922,#6923);
#6399=AXIS2_PLACEMENT_3D('',#8655,#6926,#6927);
#6400=AXIS2_PLACEMENT_3D('',#8656,#6928,#6929);
#6401=AXIS2_PLACEMENT_3D('',#8657,#6930,#6931);
#6402=AXIS2_PLACEMENT_3D('',#8666,#6936,#6937);
#6403=AXIS2_PLACEMENT_3D('',#8672,#6941,#6942);
#6404=AXIS2_PLACEMENT_3D('',#8678,#6946,#6947);
#6405=AXIS2_PLACEMENT_3D('',#8684,#6951,#6952);
#6406=AXIS2_PLACEMENT_3D('',#8690,#6956,#6957);
#6407=AXIS2_PLACEMENT_3D('',#8696,#6961,#6962);
#6408=AXIS2_PLACEMENT_3D('',#8702,#6966,#6967);
#6409=AXIS2_PLACEMENT_3D('',#8708,#6971,#6972);
#6410=AXIS2_PLACEMENT_3D('',#8714,#6976,#6977);
#6411=AXIS2_PLACEMENT_3D('',#8720,#6981,#6982);
#6412=AXIS2_PLACEMENT_3D('',#8723,#6985,#6986);
#6413=AXIS2_PLACEMENT_3D('',#8724,#6987,#6988);
#6414=AXIS2_PLACEMENT_3D('',#8733,#6993,#6994);
#6415=AXIS2_PLACEMENT_3D('',#8739,#6998,#6999);
#6416=AXIS2_PLACEMENT_3D('',#8745,#7003,#7004);
#6417=AXIS2_PLACEMENT_3D('',#8748,#7007,#7008);
#6418=AXIS2_PLACEMENT_3D('',#8749,#7009,#7010);
#6419=AXIS2_PLACEMENT_3D('',#8804,#7017,#7018);
#6420=AXIS2_PLACEMENT_3D('',#8853,#7023,#7024);
#6421=AXIS2_PLACEMENT_3D('',#9046,#7037,#7038);
#6422=AXIS2_PLACEMENT_3D('',#9052,#7042,#7043);
#6423=AXIS2_PLACEMENT_3D('',#9058,#7047,#7048);
#6424=AXIS2_PLACEMENT_3D('',#9110,#7054,#7055);
#6425=AXIS2_PLACEMENT_3D('',#9116,#7059,#7060);
#6426=AXIS2_PLACEMENT_3D('',#9122,#7064,#7065);
#6427=AXIS2_PLACEMENT_3D('',#9125,#7068,#7069);
#6428=AXIS2_PLACEMENT_3D('',#9126,#7070,#7071);
#6429=AXIS2_PLACEMENT_3D('',#9127,#7072,#7073);
#6430=AXIS2_PLACEMENT_3D('',#9136,#7078,#7079);
#6431=AXIS2_PLACEMENT_3D('',#9142,#7083,#7084);
#6432=AXIS2_PLACEMENT_3D('',#9148,#7088,#7089);
#6433=AXIS2_PLACEMENT_3D('',#9154,#7093,#7094);
#6434=AXIS2_PLACEMENT_3D('',#9160,#7098,#7099);
#6435=AXIS2_PLACEMENT_3D('',#9166,#7103,#7104);
#6436=AXIS2_PLACEMENT_3D('',#9172,#7108,#7109);
#6437=AXIS2_PLACEMENT_3D('',#9178,#7113,#7114);
#6438=AXIS2_PLACEMENT_3D('',#9184,#7118,#7119);
#6439=AXIS2_PLACEMENT_3D('',#9213,#7124,#7125);
#6440=AXIS2_PLACEMENT_3D('',#9219,#7129,#7130);
#6441=AXIS2_PLACEMENT_3D('',#9225,#7134,#7135);
#6442=AXIS2_PLACEMENT_3D('',#9228,#7138,#7139);
#6443=AXIS2_PLACEMENT_3D('',#9229,#7140,#7141);
#6444=AXIS2_PLACEMENT_3D('',#9238,#7146,#7147);
#6445=AXIS2_PLACEMENT_3D('',#9566,#7165,#7166);
#6446=AXIS2_PLACEMENT_3D('',#9572,#7170,#7171);
#6447=AXIS2_PLACEMENT_3D('',#9578,#7175,#7176);
#6448=AXIS2_PLACEMENT_3D('',#9929,#7195,#7196);
#6449=AXIS2_PLACEMENT_3D('',#9932,#7199,#7200);
#6450=AXIS2_PLACEMENT_3D('',#9933,#7201,#7202);
#6451=AXIS2_PLACEMENT_3D('',#9942,#7207,#7208);
#6452=AXIS2_PLACEMENT_3D('',#9948,#7212,#7213);
#6453=AXIS2_PLACEMENT_3D('',#9954,#7217,#7218);
#6454=AXIS2_PLACEMENT_3D('',#9960,#7222,#7223);
#6455=AXIS2_PLACEMENT_3D('',#9966,#7227,#7228);
#6456=AXIS2_PLACEMENT_3D('',#9972,#7232,#7233);
#6457=AXIS2_PLACEMENT_3D('',#9978,#7237,#7238);
#6458=AXIS2_PLACEMENT_3D('',#9984,#7242,#7243);
#6459=AXIS2_PLACEMENT_3D('',#9990,#7247,#7248);
#6460=AXIS2_PLACEMENT_3D('',#9993,#7251,#7252);
#6461=AXIS2_PLACEMENT_3D('',#9994,#7253,#7254);
#6462=AXIS2_PLACEMENT_3D('',#10003,#7259,#7260);
#6463=AXIS2_PLACEMENT_3D('',#10331,#7278,#7279);
#6464=AXIS2_PLACEMENT_3D('',#10337,#7283,#7284);
#6465=AXIS2_PLACEMENT_3D('',#10343,#7288,#7289);
#6466=AXIS2_PLACEMENT_3D('',#10694,#7308,#7309);
#6467=AXIS2_PLACEMENT_3D('',#10697,#7312,#7313);
#6468=AXIS2_PLACEMENT_3D('',#10698,#7314,#7315);
#6469=AXIS2_PLACEMENT_3D('',#10707,#7320,#7321);
#6470=AXIS2_PLACEMENT_3D('',#11035,#7339,#7340);
#6471=AXIS2_PLACEMENT_3D('',#11041,#7344,#7345);
#6472=AXIS2_PLACEMENT_3D('',#11047,#7349,#7350);
#6473=AXIS2_PLACEMENT_3D('',#11398,#7369,#7370);
#6474=AXIS2_PLACEMENT_3D('',#11401,#7373,#7374);
#6475=AXIS2_PLACEMENT_3D('',#11402,#7375,#7376);
#6476=AXIS2_PLACEMENT_3D('',#11457,#7383,#7384);
#6477=AXIS2_PLACEMENT_3D('',#11506,#7389,#7390);
#6478=AXIS2_PLACEMENT_3D('',#11699,#7403,#7404);
#6479=AXIS2_PLACEMENT_3D('',#11705,#7408,#7409);
#6480=AXIS2_PLACEMENT_3D('',#11711,#7413,#7414);
#6481=AXIS2_PLACEMENT_3D('',#11763,#7420,#7421);
#6482=AXIS2_PLACEMENT_3D('',#11769,#7425,#7426);
#6483=AXIS2_PLACEMENT_3D('',#11775,#7430,#7431);
#6484=AXIS2_PLACEMENT_3D('',#11778,#7434,#7435);
#6485=AXIS2_PLACEMENT_3D('',#11779,#7436,#7437);
#6486=AXIS2_PLACEMENT_3D('',#11784,#7439,#7440);
#6487=AXIS2_PLACEMENT_3D('',#11788,#7442,#7443);
#6488=AXIS2_PLACEMENT_3D('',#11792,#7445,#7446);
#6489=AXIS2_PLACEMENT_3D('',#11795,#7448,#7449);
#6490=AXIS2_PLACEMENT_3D('',#11796,#7450,#7451);
#6491=AXIS2_PLACEMENT_3D('',#11798,#7452,#7453);
#6492=AXIS2_PLACEMENT_3D('',#11801,#7455,#7456);
#6493=AXIS2_PLACEMENT_3D('',#11812,#7457,#7458);
#6494=AXIS2_PLACEMENT_3D('',#11813,#7459,#7460);
#6495=AXIS2_PLACEMENT_3D('',#11844,#7461,#7462);
#6496=AXIS2_PLACEMENT_3D('',#11855,#7463,#7464);
#6497=AXIS2_PLACEMENT_3D('',#11856,#7465,#7466);
#6498=AXIS2_PLACEMENT_3D('',#11887,#7467,#7468);
#6499=AXIS2_PLACEMENT_3D('',#11888,#7469,#7470);
#6500=AXIS2_PLACEMENT_3D('',#11890,#7471,#7472);
#6501=AXIS2_PLACEMENT_3D('',#11892,#7474,#7475);
#6502=AXIS2_PLACEMENT_3D('',#11894,#7476,#7477);
#6503=AXIS2_PLACEMENT_3D('',#11906,#7479,#7480);
#6504=AXIS2_PLACEMENT_3D('',#11907,#7481,#7482);
#6505=AXIS2_PLACEMENT_3D('',#11938,#7483,#7484);
#6506=AXIS2_PLACEMENT_3D('',#11949,#7485,#7486);
#6507=AXIS2_PLACEMENT_3D('',#11950,#7487,#7488);
#6508=AXIS2_PLACEMENT_3D('',#11981,#7489,#7490);
#6509=AXIS2_PLACEMENT_3D('',#11982,#7491,#7492);
#6510=AXIS2_PLACEMENT_3D('',#11984,#7494,#7495);
#6511=AXIS2_PLACEMENT_3D('',#11985,#7496,#7497);
#6512=AXIS2_PLACEMENT_3D('',#11986,#7498,#7499);
#6513=AXIS2_PLACEMENT_3D('',#11987,#7500,#7501);
#6514=AXIS2_PLACEMENT_3D('',#11988,#7502,#7503);
#6515=AXIS2_PLACEMENT_3D('',#11989,#7504,#7505);
#6516=AXIS2_PLACEMENT_3D('',#11990,#7506,#7507);
#6517=AXIS2_PLACEMENT_3D('',#11991,#7508,#7509);
#6518=AXIS2_PLACEMENT_3D('',#11992,#7510,#7511);
#6519=AXIS2_PLACEMENT_3D('',#11993,#7512,#7513);
#6520=AXIS2_PLACEMENT_3D('',#12002,#7518,#7519);
#6521=AXIS2_PLACEMENT_3D('',#12008,#7523,#7524);
#6522=AXIS2_PLACEMENT_3D('',#12014,#7528,#7529);
#6523=AXIS2_PLACEMENT_3D('',#12017,#7532,#7533);
#6524=AXIS2_PLACEMENT_3D('',#12018,#7534,#7535);
#6525=AXIS2_PLACEMENT_3D('',#12020,#7536,#7537);
#6526=AXIS2_PLACEMENT_3D('',#12021,#7538,#7539);
#6527=AXIS2_PLACEMENT_3D('',#12023,#7540,#7541);
#6528=AXIS2_PLACEMENT_3D('',#12024,#7542,#7543);
#6529=AXIS2_PLACEMENT_3D('',#12026,#7544,#7545);
#6530=AXIS2_PLACEMENT_3D('',#12027,#7546,#7547);
#6531=AXIS2_PLACEMENT_3D('',#12029,#7548,#7549);
#6532=AXIS2_PLACEMENT_3D('',#12030,#7550,#7551);
#6533=AXIS2_PLACEMENT_3D('',#12033,#7553,#7554);
#6534=AXIS2_PLACEMENT_3D('',#12034,#7555,#7556);
#6535=AXIS2_PLACEMENT_3D('',#12037,#7558,#7559);
#6536=AXIS2_PLACEMENT_3D('',#12038,#7560,#7561);
#6537=AXIS2_PLACEMENT_3D('',#12041,#7563,#7564);
#6538=AXIS2_PLACEMENT_3D('',#12042,#7565,#7566);
#6539=AXIS2_PLACEMENT_3D('',#12045,#7568,#7569);
#6540=AXIS2_PLACEMENT_3D('',#12046,#7570,#7571);
#6541=DIRECTION('axis',(0.,0.,1.));
#6542=DIRECTION('refdir',(1.,0.,0.));
#6543=DIRECTION('center_axis',(0.,-1.,0.));
#6544=DIRECTION('ref_axis',(1.,0.,0.));
#6545=DIRECTION('',(-1.,0.,0.));
#6546=DIRECTION('',(0.,0.,1.));
#6547=DIRECTION('',(1.,0.,0.));
#6548=DIRECTION('',(0.,0.,1.));
#6549=DIRECTION('center_axis',(-0.946741471831883,0.321994697958834,0.));
#6550=DIRECTION('ref_axis',(-0.321994697958834,-0.946741471831883,0.));
#6551=DIRECTION('',(0.321994697958834,0.946741471831883,0.));
#6552=DIRECTION('',(-0.321994697958834,-0.946741471831883,0.));
#6553=DIRECTION('',(0.,0.,1.));
#6554=DIRECTION('',(0.,0.,1.));
#6555=DIRECTION('',(0.,0.,1.));
#6556=DIRECTION('',(0.,0.,1.));
#6557=DIRECTION('',(0.,0.,1.));
#6558=DIRECTION('center_axis',(0.946732328807417,-0.322021579386979,0.));
#6559=DIRECTION('ref_axis',(0.322021579386979,0.946732328807417,0.));
#6560=DIRECTION('',(-0.322021579386979,-0.946732328807417,0.));
#6561=DIRECTION('',(0.322021579386979,0.946732328807417,0.));
#6562=DIRECTION('',(0.,0.,1.));
#6563=DIRECTION('',(0.,0.,1.));
#6564=DIRECTION('',(0.,0.,1.));
#6565=DIRECTION('',(0.,0.,1.));
#6566=DIRECTION('',(0.,0.,1.));
#6567=DIRECTION('center_axis',(-0.946727028647929,0.322037161252337,0.));
#6568=DIRECTION('ref_axis',(-0.322037161252337,-0.946727028647929,0.));
#6569=DIRECTION('',(0.322037161252337,0.946727028647929,0.));
#6570=DIRECTION('',(-0.322037161252337,-0.946727028647929,0.));
#6571=DIRECTION('',(0.,0.,1.));
#6572=DIRECTION('center_axis',(0.,1.,0.));
#6573=DIRECTION('ref_axis',(-1.,0.,0.));
#6574=DIRECTION('',(1.,0.,0.));
#6575=DIRECTION('',(-1.,0.,0.));
#6576=DIRECTION('',(0.,0.,1.));
#6577=DIRECTION('center_axis',(0.946712687816774,-0.3220793174464,0.));
#6578=DIRECTION('ref_axis',(0.3220793174464,0.946712687816774,0.));
#6579=DIRECTION('',(-0.3220793174464,-0.946712687816774,0.));
#6580=DIRECTION('',(0.3220793174464,0.946712687816774,0.));
#6581=DIRECTION('',(0.,0.,1.));
#6582=DIRECTION('',(0.,0.,1.));
#6583=DIRECTION('',(0.,0.,1.));
#6584=DIRECTION('',(0.,0.,1.));
#6585=DIRECTION('',(0.,0.,1.));
#6586=DIRECTION('',(0.,0.,1.));
#6587=DIRECTION('',(0.,0.,1.));
#6588=DIRECTION('center_axis',(-0.946732496320561,0.322021086903697,0.));
#6589=DIRECTION('ref_axis',(-0.322021086903697,-0.946732496320561,0.));
#6590=DIRECTION('',(0.322021086903697,0.946732496320561,0.));
#6591=DIRECTION('',(-0.322021086903697,-0.946732496320561,0.));
#6592=DIRECTION('',(0.,0.,1.));
#6593=DIRECTION('',(0.,0.,1.));
#6594=DIRECTION('',(0.,0.,1.));
#6595=DIRECTION('',(0.,0.,1.));
#6596=DIRECTION('',(0.,0.,1.));
#6597=DIRECTION('',(0.,0.,1.));
#6598=DIRECTION('',(0.,0.,1.));
#6599=DIRECTION('',(0.,0.,1.));
#6600=DIRECTION('center_axis',(0.946752345484222,-0.321962725047673,0.));
#6601=DIRECTION('ref_axis',(0.321962725047673,0.946752345484222,0.));
#6602=DIRECTION('',(-0.321962725047673,-0.946752345484222,0.));
#6603=DIRECTION('',(0.321962725047673,0.946752345484222,0.));
#6604=DIRECTION('center_axis',(0.,0.,1.));
#6605=DIRECTION('ref_axis',(-1.,0.,0.));
#6606=DIRECTION('',(0.,0.,1.));
#6607=DIRECTION('',(0.,0.,1.));
#6608=DIRECTION('',(0.,0.,1.));
#6609=DIRECTION('center_axis',(0.,1.,0.));
#6610=DIRECTION('ref_axis',(-1.,0.,0.));
#6611=DIRECTION('',(1.,0.,0.));
#6612=DIRECTION('',(-1.,0.,0.));
#6613=DIRECTION('center_axis',(0.981853311104244,-0.189641966541251,0.));
#6614=DIRECTION('ref_axis',(0.189641966541251,0.981853311104244,0.));
#6615=DIRECTION('',(-0.189641966541251,-0.981853311104244,0.));
#6616=DIRECTION('',(0.,0.,1.));
#6617=DIRECTION('',(0.189641966541251,0.981853311104244,0.));
#6618=DIRECTION('',(0.,0.,1.));
#6619=DIRECTION('center_axis',(0.,-1.,0.));
#6620=DIRECTION('ref_axis',(1.,0.,0.));
#6621=DIRECTION('',(-1.,0.,0.));
#6622=DIRECTION('',(1.,0.,0.));
#6623=DIRECTION('',(0.,0.,1.));
#6624=DIRECTION('center_axis',(-0.967218000050566,0.253947515006907,0.));
#6625=DIRECTION('ref_axis',(-0.253947515006907,-0.967218000050566,0.));
#6626=DIRECTION('',(0.253947515006907,0.967218000050566,0.));
#6627=DIRECTION('',(-0.253947515006907,-0.967218000050566,0.));
#6628=DIRECTION('',(0.,0.,1.));
#6629=DIRECTION('center_axis',(0.,-1.,0.));
#6630=DIRECTION('ref_axis',(1.,0.,0.));
#6631=DIRECTION('',(-1.,0.,0.));
#6632=DIRECTION('',(1.,0.,0.));
#6633=DIRECTION('',(0.,0.,1.));
#6634=DIRECTION('center_axis',(0.920729950266706,-0.390200408356871,0.));
#6635=DIRECTION('ref_axis',(0.390200408356871,0.920729950266706,0.));
#6636=DIRECTION('',(-0.390200408356871,-0.920729950266706,0.));
#6637=DIRECTION('',(0.390200408356871,0.920729950266706,0.));
#6638=DIRECTION('',(0.,0.,1.));
#6639=DIRECTION('center_axis',(0.,-1.,0.));
#6640=DIRECTION('ref_axis',(1.,0.,0.));
#6641=DIRECTION('',(-1.,0.,0.));
#6642=DIRECTION('',(1.,0.,0.));
#6643=DIRECTION('',(0.,0.,1.));
#6644=DIRECTION('center_axis',(-0.904753130314723,0.425936348749093,0.));
#6645=DIRECTION('ref_axis',(-0.425936348749093,-0.904753130314723,0.));
#6646=DIRECTION('',(0.425936348749093,0.904753130314723,0.));
#6647=DIRECTION('',(-0.425936348749093,-0.904753130314723,0.));
#6648=DIRECTION('',(0.,0.,1.));
#6649=DIRECTION('center_axis',(0.,1.,0.));
#6650=DIRECTION('ref_axis',(-1.,0.,0.));
#6651=DIRECTION('',(1.,0.,0.));
#6652=DIRECTION('',(-1.,0.,0.));
#6653=DIRECTION('center_axis',(0.,0.,1.));
#6654=DIRECTION('ref_axis',(-1.,0.,0.));
#6655=DIRECTION('center_axis',(0.,0.,1.));
#6656=DIRECTION('ref_axis',(1.,0.,0.));
#6657=DIRECTION('center_axis',(0.946735409060397,-0.322012523407463,0.));
#6658=DIRECTION('ref_axis',(0.322012523407463,0.946735409060397,0.));
#6659=DIRECTION('',(-0.322012523407463,-0.946735409060397,0.));
#6660=DIRECTION('',(0.,0.,1.));
#6661=DIRECTION('',(0.322012523407463,0.946735409060397,0.));
#6662=DIRECTION('',(0.,0.,1.));
#6663=DIRECTION('center_axis',(0.,-1.,0.));
#6664=DIRECTION('ref_axis',(1.,0.,0.));
#6665=DIRECTION('',(-1.,0.,0.));
#6666=DIRECTION('',(1.,0.,0.));
#6667=DIRECTION('',(0.,0.,1.));
#6668=DIRECTION('center_axis',(-0.94673155155888,0.322023864461805,0.));
#6669=DIRECTION('ref_axis',(-0.322023864461805,-0.94673155155888,0.));
#6670=DIRECTION('',(0.322023864461805,0.94673155155888,0.));
#6671=DIRECTION('',(-0.322023864461805,-0.94673155155888,0.));
#6672=DIRECTION('',(0.,0.,1.));
#6673=DIRECTION('center_axis',(0.,-1.,0.));
#6674=DIRECTION('ref_axis',(1.,0.,0.));
#6675=DIRECTION('',(-1.,0.,0.));
#6676=DIRECTION('',(1.,0.,0.));
#6677=DIRECTION('',(0.,0.,1.));
#6678=DIRECTION('center_axis',(0.946731887275703,-0.322022877472059,0.));
#6679=DIRECTION('ref_axis',(0.322022877472059,0.946731887275704,0.));
#6680=DIRECTION('',(-0.322022877472059,-0.946731887275703,0.));
#6681=DIRECTION('',(0.322022877472059,0.946731887275703,0.));
#6682=DIRECTION('',(0.,0.,1.));
#6683=DIRECTION('center_axis',(0.,-1.,0.));
#6684=DIRECTION('ref_axis',(1.,0.,0.));
#6685=DIRECTION('',(-1.,0.,0.));
#6686=DIRECTION('',(1.,0.,0.));
#6687=DIRECTION('',(0.,0.,1.));
#6688=DIRECTION('center_axis',(-0.946735409060397,0.322012523407463,0.));
#6689=DIRECTION('ref_axis',(-0.322012523407463,-0.946735409060397,0.));
#6690=DIRECTION('',(0.322012523407463,0.946735409060397,0.));
#6691=DIRECTION('',(-0.322012523407463,-0.946735409060397,0.));
#6692=DIRECTION('',(0.,0.,1.));
#6693=DIRECTION('center_axis',(0.,1.,0.));
#6694=DIRECTION('ref_axis',(-1.,0.,0.));
#6695=DIRECTION('',(1.,0.,0.));
#6696=DIRECTION('',(-1.,0.,0.));
#6697=DIRECTION('',(0.,0.,1.));
#6698=DIRECTION('center_axis',(0.946740090083293,-0.321998760601775,0.));
#6699=DIRECTION('ref_axis',(0.321998760601775,0.946740090083293,0.));
#6700=DIRECTION('',(-0.321998760601775,-0.946740090083293,0.));
#6701=DIRECTION('',(0.321998760601775,0.946740090083293,0.));
#6702=DIRECTION('',(0.,0.,1.));
#6703=DIRECTION('center_axis',(0.,1.,0.));
#6704=DIRECTION('ref_axis',(-1.,0.,0.));
#6705=DIRECTION('',(1.,0.,0.));
#6706=DIRECTION('',(-1.,0.,0.));
#6707=DIRECTION('',(0.,0.,1.));
#6708=DIRECTION('center_axis',(-0.946740484985766,0.321997599508004,0.));
#6709=DIRECTION('ref_axis',(-0.321997599508004,-0.946740484985766,0.));
#6710=DIRECTION('',(0.321997599508004,0.946740484985766,0.));
#6711=DIRECTION('',(-0.321997599508004,-0.946740484985766,0.));
#6712=DIRECTION('',(0.,0.,1.));
#6713=DIRECTION('center_axis',(0.,1.,0.));
#6714=DIRECTION('ref_axis',(-1.,0.,0.));
#6715=DIRECTION('',(1.,0.,0.));
#6716=DIRECTION('',(-1.,0.,0.));
#6717=DIRECTION('center_axis',(0.,0.,1.));
#6718=DIRECTION('ref_axis',(1.,0.,0.));
#6719=DIRECTION('center_axis',(0.,1.,0.));
#6720=DIRECTION('ref_axis',(-1.,0.,0.));
#6721=DIRECTION('',(1.,0.,0.));
#6722=DIRECTION('',(0.,0.,1.));
#6723=DIRECTION('',(-1.,0.,0.));
#6724=DIRECTION('',(0.,0.,1.));
#6725=DIRECTION('center_axis',(0.946736059816286,-0.322010610141241,0.));
#6726=DIRECTION('ref_axis',(0.322010610141241,0.946736059816286,0.));
#6727=DIRECTION('',(-0.322010610141241,-0.946736059816286,0.));
#6728=DIRECTION('',(0.322010610141241,0.946736059816286,0.));
#6729=DIRECTION('',(0.,0.,1.));
#6730=DIRECTION('center_axis',(0.,-1.,0.));
#6731=DIRECTION('ref_axis',(1.,0.,0.));
#6732=DIRECTION('',(-1.,0.,0.));
#6733=DIRECTION('',(1.,0.,0.));
#6734=DIRECTION('',(0.,0.,1.));
#6735=DIRECTION('center_axis',(0.94674441228133,-0.321986052204252,0.));
#6736=DIRECTION('ref_axis',(0.321986052204252,0.94674441228133,0.));
#6737=DIRECTION('',(-0.321986052204252,-0.94674441228133,0.));
#6738=DIRECTION('',(0.321986052204252,0.94674441228133,0.));
#6739=DIRECTION('',(0.,0.,1.));
#6740=DIRECTION('center_axis',(0.,1.,0.));
#6741=DIRECTION('ref_axis',(-1.,0.,0.));
#6742=DIRECTION('',(1.,0.,0.));
#6743=DIRECTION('',(-1.,0.,0.));
#6744=DIRECTION('',(0.,0.,1.));
#6745=DIRECTION('center_axis',(0.946731730917525,-0.322023337157272,0.));
#6746=DIRECTION('ref_axis',(0.322023337157272,0.946731730917525,0.));
#6747=DIRECTION('',(-0.322023337157272,-0.946731730917525,0.));
#6748=DIRECTION('',(0.322023337157272,0.946731730917525,0.));
#6749=DIRECTION('',(0.,0.,1.));
#6750=DIRECTION('center_axis',(0.,-1.,0.));
#6751=DIRECTION('ref_axis',(1.,0.,0.));
#6752=DIRECTION('',(-1.,0.,0.));
#6753=DIRECTION('',(1.,0.,0.));
#6754=DIRECTION('',(0.,0.,1.));
#6755=DIRECTION('center_axis',(0.946730350700226,-0.322027394895259,0.));
#6756=DIRECTION('ref_axis',(0.322027394895259,0.946730350700226,0.));
#6757=DIRECTION('',(-0.322027394895259,-0.946730350700226,0.));
#6758=DIRECTION('',(0.322027394895259,0.946730350700226,0.));
#6759=DIRECTION('',(0.,0.,1.));
#6760=DIRECTION('center_axis',(0.,1.,0.));
#6761=DIRECTION('ref_axis',(-1.,0.,0.));
#6762=DIRECTION('',(1.,0.,0.));
#6763=DIRECTION('',(-1.,0.,0.));
#6764=DIRECTION('',(0.,0.,1.));
#6765=DIRECTION('center_axis',(0.946736059816286,-0.322010610141241,0.));
#6766=DIRECTION('ref_axis',(0.322010610141241,0.946736059816286,0.));
#6767=DIRECTION('',(-0.322010610141241,-0.946736059816286,0.));
#6768=DIRECTION('',(0.322010610141241,0.946736059816286,0.));
#6769=DIRECTION('',(0.,0.,1.));
#6770=DIRECTION('center_axis',(0.,-1.,0.));
#6771=DIRECTION('ref_axis',(1.,0.,0.));
#6772=DIRECTION('',(-1.,0.,0.));
#6773=DIRECTION('',(1.,0.,0.));
#6774=DIRECTION('',(0.,0.,1.));
#6775=DIRECTION('center_axis',(-0.946735409060397,0.322012523407463,0.));
#6776=DIRECTION('ref_axis',(-0.322012523407463,-0.946735409060397,0.));
#6777=DIRECTION('',(0.322012523407463,0.946735409060397,0.));
#6778=DIRECTION('',(-0.322012523407463,-0.946735409060397,0.));
#6779=DIRECTION('center_axis',(0.,0.,1.));
#6780=DIRECTION('ref_axis',(1.,0.,0.));
#6781=DIRECTION('center_axis',(0.946735409060397,-0.322012523407463,0.));
#6782=DIRECTION('ref_axis',(0.322012523407463,0.946735409060397,0.));
#6783=DIRECTION('',(-0.322012523407463,-0.946735409060397,0.));
#6784=DIRECTION('',(0.,0.,1.));
#6785=DIRECTION('',(0.322012523407463,0.946735409060397,0.));
#6786=DIRECTION('',(0.,0.,1.));
#6787=DIRECTION('center_axis',(0.,-1.,0.));
#6788=DIRECTION('ref_axis',(1.,0.,0.));
#6789=DIRECTION('',(-1.,0.,0.));
#6790=DIRECTION('',(1.,0.,0.));
#6791=DIRECTION('',(0.,0.,1.));
#6792=DIRECTION('center_axis',(-0.946736124012884,0.322010421398222,0.));
#6793=DIRECTION('ref_axis',(-0.322010421398222,-0.946736124012884,0.));
#6794=DIRECTION('',(0.322010421398222,0.946736124012884,0.));
#6795=DIRECTION('',(-0.322010421398222,-0.946736124012884,0.));
#6796=DIRECTION('',(0.,0.,1.));
#6797=DIRECTION('',(0.,0.,1.));
#6798=DIRECTION('',(0.,0.,1.));
#6799=DIRECTION('',(0.,0.,1.));
#6800=DIRECTION('center_axis',(0.,-1.,0.));
#6801=DIRECTION('ref_axis',(1.,0.,0.));
#6802=DIRECTION('',(-1.,0.,0.));
#6803=DIRECTION('',(1.,0.,0.));
#6804=DIRECTION('',(0.,0.,1.));
#6805=DIRECTION('center_axis',(-0.946729541434319,0.32202977405135,0.));
#6806=DIRECTION('ref_axis',(-0.32202977405135,-0.946729541434319,0.));
#6807=DIRECTION('',(0.32202977405135,0.946729541434319,0.));
#6808=DIRECTION('',(-0.32202977405135,-0.946729541434319,0.));
#6809=DIRECTION('',(0.,0.,1.));
#6810=DIRECTION('',(0.,0.,1.));
#6811=DIRECTION('center_axis',(0.,1.,0.));
#6812=DIRECTION('ref_axis',(-1.,0.,0.));
#6813=DIRECTION('',(1.,0.,0.));
#6814=DIRECTION('',(-1.,0.,0.));
#6815=DIRECTION('center_axis',(0.,0.,1.));
#6816=DIRECTION('ref_axis',(-1.,0.,0.));
#6817=DIRECTION('center_axis',(0.,1.,0.));
#6818=DIRECTION('ref_axis',(-1.,0.,0.));
#6819=DIRECTION('',(1.,0.,0.));
#6820=DIRECTION('',(0.,0.,1.));
#6821=DIRECTION('',(-1.,0.,0.));
#6822=DIRECTION('',(0.,0.,1.));
#6823=DIRECTION('center_axis',(0.946736059816286,-0.322010610141241,0.));
#6824=DIRECTION('ref_axis',(0.322010610141241,0.946736059816286,0.));
#6825=DIRECTION('',(-0.322010610141241,-0.946736059816286,0.));
#6826=DIRECTION('',(0.322010610141241,0.946736059816286,0.));
#6827=DIRECTION('',(0.,0.,1.));
#6828=DIRECTION('center_axis',(0.,-1.,0.));
#6829=DIRECTION('ref_axis',(1.,0.,0.));
#6830=DIRECTION('',(-1.,0.,0.));
#6831=DIRECTION('',(1.,0.,0.));
#6832=DIRECTION('',(0.,0.,1.));
#6833=DIRECTION('center_axis',(0.94674441228133,-0.321986052204252,0.));
#6834=DIRECTION('ref_axis',(0.321986052204252,0.94674441228133,0.));
#6835=DIRECTION('',(-0.321986052204252,-0.94674441228133,0.));
#6836=DIRECTION('',(0.321986052204252,0.94674441228133,0.));
#6837=DIRECTION('',(0.,0.,1.));
#6838=DIRECTION('center_axis',(0.,1.,0.));
#6839=DIRECTION('ref_axis',(-1.,0.,0.));
#6840=DIRECTION('',(1.,0.,0.));
#6841=DIRECTION('',(-1.,0.,0.));
#6842=DIRECTION('',(0.,0.,1.));
#6843=DIRECTION('center_axis',(0.946731730917525,-0.322023337157272,0.));
#6844=DIRECTION('ref_axis',(0.322023337157272,0.946731730917525,0.));
#6845=DIRECTION('',(-0.322023337157272,-0.946731730917525,0.));
#6846=DIRECTION('',(0.322023337157272,0.946731730917525,0.));
#6847=DIRECTION('',(0.,0.,1.));
#6848=DIRECTION('center_axis',(0.,-1.,0.));
#6849=DIRECTION('ref_axis',(1.,0.,0.));
#6850=DIRECTION('',(-1.,0.,0.));
#6851=DIRECTION('',(1.,0.,0.));
#6852=DIRECTION('',(0.,0.,1.));
#6853=DIRECTION('center_axis',(0.946729623667714,-0.32202953229477,0.));
#6854=DIRECTION('ref_axis',(0.32202953229477,0.946729623667714,0.));
#6855=DIRECTION('',(-0.32202953229477,-0.946729623667714,0.));
#6856=DIRECTION('',(0.32202953229477,0.946729623667714,0.));
#6857=DIRECTION('',(0.,0.,1.));
#6858=DIRECTION('center_axis',(0.,1.,0.));
#6859=DIRECTION('ref_axis',(-1.,0.,0.));
#6860=DIRECTION('',(1.,0.,0.));
#6861=DIRECTION('',(-1.,0.,0.));
#6862=DIRECTION('',(0.,0.,1.));
#6863=DIRECTION('center_axis',(0.946736059816286,-0.322010610141241,0.));
#6864=DIRECTION('ref_axis',(0.322010610141241,0.946736059816286,0.));
#6865=DIRECTION('',(-0.322010610141241,-0.946736059816286,0.));
#6866=DIRECTION('',(0.322010610141241,0.946736059816286,0.));
#6867=DIRECTION('',(0.,0.,1.));
#6868=DIRECTION('center_axis',(0.,-1.,0.));
#6869=DIRECTION('ref_axis',(1.,0.,0.));
#6870=DIRECTION('',(-1.,0.,0.));
#6871=DIRECTION('',(1.,0.,0.));
#6872=DIRECTION('',(0.,0.,1.));
#6873=DIRECTION('center_axis',(-0.946735271434455,0.322012928035394,0.));
#6874=DIRECTION('ref_axis',(-0.322012928035394,-0.946735271434455,0.));
#6875=DIRECTION('',(0.322012928035394,0.946735271434455,0.));
#6876=DIRECTION('',(-0.322012928035394,-0.946735271434455,0.));
#6877=DIRECTION('center_axis',(0.,0.,1.));
#6878=DIRECTION('ref_axis',(1.,0.,0.));
#6879=DIRECTION('',(0.,0.,1.));
#6880=DIRECTION('',(0.,0.,1.));
#6881=DIRECTION('',(0.,0.,1.));
#6882=DIRECTION('center_axis',(0.,1.,0.));
#6883=DIRECTION('ref_axis',(-1.,0.,0.));
#6884=DIRECTION('',(1.,0.,0.));
#6885=DIRECTION('',(-1.,0.,0.));
#6886=DIRECTION('center_axis',(0.981853354692302,-0.18964174086807,0.));
#6887=DIRECTION('ref_axis',(0.18964174086807,0.981853354692302,0.));
#6888=DIRECTION('',(-0.18964174086807,-0.981853354692302,0.));
#6889=DIRECTION('',(0.,0.,1.));
#6890=DIRECTION('',(0.18964174086807,0.981853354692302,0.));
#6891=DIRECTION('',(0.,0.,1.));
#6892=DIRECTION('center_axis',(0.,-1.,0.));
#6893=DIRECTION('ref_axis',(1.,0.,0.));
#6894=DIRECTION('',(-1.,0.,0.));
#6895=DIRECTION('',(1.,0.,0.));
#6896=DIRECTION('',(0.,0.,1.));
#6897=DIRECTION('center_axis',(-0.967217676697873,0.25394874656743,0.));
#6898=DIRECTION('ref_axis',(-0.25394874656743,-0.967217676697873,0.));
#6899=DIRECTION('',(0.25394874656743,0.967217676697873,0.));
#6900=DIRECTION('',(-0.25394874656743,-0.967217676697873,0.));
#6901=DIRECTION('',(0.,0.,1.));
#6902=DIRECTION('center_axis',(0.,-1.,0.));
#6903=DIRECTION('ref_axis',(1.,0.,0.));
#6904=DIRECTION('',(-1.,0.,0.));
#6905=DIRECTION('',(1.,0.,0.));
#6906=DIRECTION('',(0.,0.,1.));
#6907=DIRECTION('center_axis',(0.920729950266706,-0.390200408356871,0.));
#6908=DIRECTION('ref_axis',(0.390200408356871,0.920729950266706,0.));
#6909=DIRECTION('',(-0.390200408356871,-0.920729950266706,0.));
#6910=DIRECTION('',(0.390200408356871,0.920729950266706,0.));
#6911=DIRECTION('',(0.,0.,1.));
#6912=DIRECTION('center_axis',(0.,-1.,0.));
#6913=DIRECTION('ref_axis',(1.,0.,0.));
#6914=DIRECTION('',(-1.,0.,0.));
#6915=DIRECTION('',(1.,0.,0.));
#6916=DIRECTION('',(0.,0.,1.));
#6917=DIRECTION('center_axis',(-0.904753130314723,0.425936348749093,0.));
#6918=DIRECTION('ref_axis',(-0.425936348749093,-0.904753130314723,0.));
#6919=DIRECTION('',(0.425936348749093,0.904753130314723,0.));
#6920=DIRECTION('',(-0.425936348749093,-0.904753130314723,0.));
#6921=DIRECTION('',(0.,0.,1.));
#6922=DIRECTION('center_axis',(0.,1.,0.));
#6923=DIRECTION('ref_axis',(-1.,0.,0.));
#6924=DIRECTION('',(1.,0.,0.));
#6925=DIRECTION('',(-1.,0.,0.));
#6926=DIRECTION('center_axis',(0.,0.,1.));
#6927=DIRECTION('ref_axis',(-1.,0.,0.));
#6928=DIRECTION('center_axis',(0.,0.,1.));
#6929=DIRECTION('ref_axis',(1.,0.,0.));
#6930=DIRECTION('center_axis',(0.834180821420435,-0.551491030910139,0.));
#6931=DIRECTION('ref_axis',(0.551491030910139,0.834180821420435,0.));
#6932=DIRECTION('',(-0.551491030910139,-0.834180821420435,0.));
#6933=DIRECTION('',(0.,0.,1.));
#6934=DIRECTION('',(0.551491030910139,0.834180821420435,0.));
#6935=DIRECTION('',(0.,0.,1.));
#6936=DIRECTION('center_axis',(0.998820169904503,-0.0485620035824253,0.));
#6937=DIRECTION('ref_axis',(0.0485620035824253,0.998820169904503,0.));
#6938=DIRECTION('',(-0.0485620035824253,-0.998820169904503,0.));
#6939=DIRECTION('',(0.0485620035824253,0.998820169904503,0.));
#6940=DIRECTION('',(0.,0.,1.));
#6941=DIRECTION('center_axis',(0.,-1.,0.));
#6942=DIRECTION('ref_axis',(1.,0.,0.));
#6943=DIRECTION('',(-1.,0.,0.));
#6944=DIRECTION('',(1.,0.,0.));
#6945=DIRECTION('',(0.,0.,1.));
#6946=DIRECTION('center_axis',(-0.989397293817362,0.145234276212195,0.));
#6947=DIRECTION('ref_axis',(-0.145234276212195,-0.989397293817362,0.));
#6948=DIRECTION('',(0.145234276212195,0.989397293817362,0.));
#6949=DIRECTION('',(-0.145234276212195,-0.989397293817362,0.));
#6950=DIRECTION('',(0.,0.,1.));
#6951=DIRECTION('center_axis',(0.946732507304974,-0.322021054609847,0.));
#6952=DIRECTION('ref_axis',(0.322021054609847,0.946732507304974,0.));
#6953=DIRECTION('',(-0.322021054609847,-0.946732507304974,0.));
#6954=DIRECTION('',(0.322021054609847,0.946732507304974,0.));
#6955=DIRECTION('',(0.,0.,1.));
#6956=DIRECTION('center_axis',(0.,-1.,0.));
#6957=DIRECTION('ref_axis',(1.,0.,0.));
#6958=DIRECTION('',(-1.,0.,0.));
#6959=DIRECTION('',(1.,0.,0.));
#6960=DIRECTION('',(0.,0.,1.));
#6961=DIRECTION('center_axis',(-0.946735409060397,0.322012523407463,0.));
#6962=DIRECTION('ref_axis',(-0.322012523407463,-0.946735409060397,0.));
#6963=DIRECTION('',(0.322012523407463,0.946735409060397,0.));
#6964=DIRECTION('',(-0.322012523407463,-0.946735409060397,0.));
#6965=DIRECTION('',(0.,0.,1.));
#6966=DIRECTION('center_axis',(0.,1.,0.));
#6967=DIRECTION('ref_axis',(-1.,0.,0.));
#6968=DIRECTION('',(1.,0.,0.));
#6969=DIRECTION('',(-1.,0.,0.));
#6970=DIRECTION('',(0.,0.,1.));
#6971=DIRECTION('center_axis',(0.946739047457092,-0.322001826112893,0.));
#6972=DIRECTION('ref_axis',(0.322001826112893,0.946739047457092,0.));
#6973=DIRECTION('',(-0.322001826112893,-0.946739047457092,0.));
#6974=DIRECTION('',(0.322001826112893,0.946739047457092,0.));
#6975=DIRECTION('',(0.,0.,1.));
#6976=DIRECTION('center_axis',(-0.864715291195131,0.502262346959555,0.));
#6977=DIRECTION('ref_axis',(-0.502262346959555,-0.864715291195131,0.));
#6978=DIRECTION('',(0.502262346959555,0.864715291195131,0.));
#6979=DIRECTION('',(-0.502262346959555,-0.864715291195131,0.));
#6980=DIRECTION('',(0.,0.,1.));
#6981=DIRECTION('center_axis',(0.,1.,0.));
#6982=DIRECTION('ref_axis',(-1.,0.,0.));
#6983=DIRECTION('',(1.,0.,0.));
#6984=DIRECTION('',(-1.,0.,0.));
#6985=DIRECTION('center_axis',(0.,0.,1.));
#6986=DIRECTION('ref_axis',(1.,0.,0.));
#6987=DIRECTION('center_axis',(0.946738691412778,-0.322002872940633,0.));
#6988=DIRECTION('ref_axis',(0.322002872940633,0.946738691412778,0.));
#6989=DIRECTION('',(-0.322002872940633,-0.946738691412778,0.));
#6990=DIRECTION('',(0.,0.,1.));
#6991=DIRECTION('',(0.322002872940633,0.946738691412778,0.));
#6992=DIRECTION('',(0.,0.,1.));
#6993=DIRECTION('center_axis',(0.,-1.,0.));
#6994=DIRECTION('ref_axis',(1.,0.,0.));
#6995=DIRECTION('',(-1.,0.,0.));
#6996=DIRECTION('',(1.,0.,0.));
#6997=DIRECTION('',(0.,0.,1.));
#6998=DIRECTION('center_axis',(-0.946738691412778,0.322002872940633,0.));
#6999=DIRECTION('ref_axis',(-0.322002872940633,-0.946738691412778,0.));
#7000=DIRECTION('',(0.322002872940633,0.946738691412778,0.));
#7001=DIRECTION('',(-0.322002872940633,-0.946738691412778,0.));
#7002=DIRECTION('',(0.,0.,1.));
#7003=DIRECTION('center_axis',(0.,1.,0.));
#7004=DIRECTION('ref_axis',(-1.,0.,0.));
#7005=DIRECTION('',(1.,0.,0.));
#7006=DIRECTION('',(-1.,0.,0.));
#7007=DIRECTION('center_axis',(0.,0.,1.));
#7008=DIRECTION('ref_axis',(1.,0.,0.));
#7009=DIRECTION('center_axis',(0.946727665557482,-0.322035288855243,0.));
#7010=DIRECTION('ref_axis',(0.322035288855243,0.946727665557482,0.));
#7011=DIRECTION('',(-0.322035288855243,-0.946727665557482,0.));
#7012=DIRECTION('',(0.,0.,1.));
#7013=DIRECTION('',(0.322035288855243,0.946727665557482,0.));
#7014=DIRECTION('',(0.,0.,1.));
#7015=DIRECTION('',(0.,0.,1.));
#7016=DIRECTION('',(0.,0.,1.));
#7017=DIRECTION('center_axis',(-0.946734319060225,0.322015728053106,0.));
#7018=DIRECTION('ref_axis',(-0.322015728053106,-0.946734319060225,0.));
#7019=DIRECTION('',(0.322015728053106,0.946734319060225,0.));
#7020=DIRECTION('',(-0.322015728053106,-0.946734319060225,0.));
#7021=DIRECTION('',(0.,0.,1.));
#7022=DIRECTION('',(0.,0.,1.));
#7023=DIRECTION('center_axis',(0.,1.,0.));
#7024=DIRECTION('ref_axis',(-1.,0.,0.));
#7025=DIRECTION('',(1.,0.,0.));
#7026=DIRECTION('',(0.,0.,1.));
#7027=DIRECTION('',(-1.,0.,0.));
#7028=DIRECTION('',(0.,0.,1.));
#7029=DIRECTION('',(0.,0.,1.));
#7030=DIRECTION('',(0.,0.,1.));
#7031=DIRECTION('',(0.,0.,1.));
#7032=DIRECTION('',(0.,0.,1.));
#7033=DIRECTION('',(0.,0.,1.));
#7034=DIRECTION('',(0.,0.,1.));
#7035=DIRECTION('',(0.,0.,1.));
#7036=DIRECTION('',(0.,0.,1.));
#7037=DIRECTION('center_axis',(0.946738385434593,-0.32200377256284,0.));
#7038=DIRECTION('ref_axis',(0.32200377256284,0.946738385434593,0.));
#7039=DIRECTION('',(-0.32200377256284,-0.946738385434593,0.));
#7040=DIRECTION('',(0.32200377256284,0.946738385434593,0.));
#7041=DIRECTION('',(0.,0.,1.));
#7042=DIRECTION('center_axis',(0.,-1.,0.));
#7043=DIRECTION('ref_axis',(1.,0.,0.));
#7044=DIRECTION('',(-1.,0.,0.));
#7045=DIRECTION('',(1.,0.,0.));
#7046=DIRECTION('',(0.,0.,1.));
#7047=DIRECTION('center_axis',(-0.946734634369963,0.322014801033078,0.));
#7048=DIRECTION('ref_axis',(-0.322014801033078,-0.946734634369963,0.));
#7049=DIRECTION('',(0.322014801033078,0.946734634369963,0.));
#7050=DIRECTION('',(-0.322014801033078,-0.946734634369963,0.));
#7051=DIRECTION('',(0.,0.,1.));
#7052=DIRECTION('',(0.,0.,1.));
#7053=DIRECTION('',(0.,0.,1.));
#7054=DIRECTION('center_axis',(0.946731229452662,-0.322024811433921,0.));
#7055=DIRECTION('ref_axis',(0.322024811433921,0.946731229452661,0.));
#7056=DIRECTION('',(-0.322024811433921,-0.946731229452661,0.));
#7057=DIRECTION('',(0.32202481143392,0.946731229452661,0.));
#7058=DIRECTION('',(0.,0.,1.));
#7059=DIRECTION('center_axis',(0.,-1.,0.));
#7060=DIRECTION('ref_axis',(1.,0.,0.));
#7061=DIRECTION('',(-1.,0.,0.));
#7062=DIRECTION('',(1.,0.,0.));
#7063=DIRECTION('',(0.,0.,1.));
#7064=DIRECTION('center_axis',(-0.946735409060397,0.322012523407463,0.));
#7065=DIRECTION('ref_axis',(-0.322012523407463,-0.946735409060397,0.));
#7066=DIRECTION('',(0.322012523407463,0.946735409060397,0.));
#7067=DIRECTION('',(-0.322012523407463,-0.946735409060397,0.));
#7068=DIRECTION('center_axis',(0.,0.,1.));
#7069=DIRECTION('ref_axis',(-1.,0.,0.));
#7070=DIRECTION('center_axis',(0.,0.,1.));
#7071=DIRECTION('ref_axis',(1.,0.,0.));
#7072=DIRECTION('center_axis',(0.946735340247443,-0.322012725721451,0.));
#7073=DIRECTION('ref_axis',(0.322012725721451,0.946735340247443,0.));
#7074=DIRECTION('',(-0.322012725721451,-0.946735340247443,0.));
#7075=DIRECTION('',(0.,0.,1.));
#7076=DIRECTION('',(0.322012725721451,0.946735340247443,0.));
#7077=DIRECTION('',(0.,0.,1.));
#7078=DIRECTION('center_axis',(0.,-1.,0.));
#7079=DIRECTION('ref_axis',(1.,0.,0.));
#7080=DIRECTION('',(-1.,0.,0.));
#7081=DIRECTION('',(1.,0.,0.));
#7082=DIRECTION('',(0.,0.,1.));
#7083=DIRECTION('center_axis',(-0.946833588283023,0.321723726353988,0.));
#7084=DIRECTION('ref_axis',(-0.321723726353988,-0.946833588283023,0.));
#7085=DIRECTION('',(0.321723726353988,0.946833588283023,0.));
#7086=DIRECTION('',(-0.321723726353988,-0.946833588283023,0.));
#7087=DIRECTION('',(0.,0.,1.));
#7088=DIRECTION('center_axis',(0.915857580531483,-0.401503290376329,0.));
#7089=DIRECTION('ref_axis',(0.401503290376329,0.915857580531483,0.));
#7090=DIRECTION('',(-0.401503290376329,-0.915857580531483,0.));
#7091=DIRECTION('',(0.401503290376329,0.915857580531483,0.));
#7092=DIRECTION('',(0.,0.,1.));
#7093=DIRECTION('center_axis',(0.,-1.,0.));
#7094=DIRECTION('ref_axis',(1.,0.,0.));
#7095=DIRECTION('',(-1.,0.,0.));
#7096=DIRECTION('',(1.,0.,0.));
#7097=DIRECTION('',(0.,0.,1.));
#7098=DIRECTION('center_axis',(-0.974091540860389,0.226154084694998,0.));
#7099=DIRECTION('ref_axis',(-0.226154084694998,-0.974091540860389,0.));
#7100=DIRECTION('',(0.226154084694998,0.974091540860389,0.));
#7101=DIRECTION('',(-0.226154084694998,-0.974091540860389,0.));
#7102=DIRECTION('',(0.,0.,1.));
#7103=DIRECTION('center_axis',(0.946631583369904,-0.322317615662857,0.));
#7104=DIRECTION('ref_axis',(0.322317615662857,0.946631583369904,0.));
#7105=DIRECTION('',(-0.322317615662857,-0.946631583369904,0.));
#7106=DIRECTION('',(0.322317615662857,0.946631583369904,0.));
#7107=DIRECTION('',(0.,0.,1.));
#7108=DIRECTION('center_axis',(0.,-1.,0.));
#7109=DIRECTION('ref_axis',(1.,0.,0.));
#7110=DIRECTION('',(-1.,0.,0.));
#7111=DIRECTION('',(1.,0.,0.));
#7112=DIRECTION('',(0.,0.,1.));
#7113=DIRECTION('center_axis',(-0.946735409060397,0.322012523407463,0.));
#7114=DIRECTION('ref_axis',(-0.322012523407463,-0.946735409060397,0.));
#7115=DIRECTION('',(0.322012523407463,0.946735409060397,0.));
#7116=DIRECTION('',(-0.322012523407463,-0.946735409060397,0.));
#7117=DIRECTION('',(0.,0.,1.));
#7118=DIRECTION('center_axis',(0.,1.,0.));
#7119=DIRECTION('ref_axis',(-1.,0.,0.));
#7120=DIRECTION('',(1.,0.,0.));
#7121=DIRECTION('',(-1.,0.,0.));
#7122=DIRECTION('',(0.,0.,1.));
#7123=DIRECTION('',(0.,0.,1.));
#7124=DIRECTION('center_axis',(0.971319619787059,-0.237777619251105,0.));
#7125=DIRECTION('ref_axis',(0.237777619251105,0.971319619787059,0.));
#7126=DIRECTION('',(-0.237777619251105,-0.971319619787059,0.));
#7127=DIRECTION('',(0.237777619251105,0.971319619787059,0.));
#7128=DIRECTION('',(0.,0.,1.));
#7129=DIRECTION('center_axis',(-0.913576057259201,0.406667908252832,0.));
#7130=DIRECTION('ref_axis',(-0.406667908252832,-0.913576057259201,0.));
#7131=DIRECTION('',(0.406667908252832,0.913576057259201,0.));
#7132=DIRECTION('',(-0.406667908252832,-0.913576057259201,0.));
#7133=DIRECTION('',(0.,0.,1.));
#7134=DIRECTION('center_axis',(0.,1.,0.));
#7135=DIRECTION('ref_axis',(-1.,0.,0.));
#7136=DIRECTION('',(1.,0.,0.));
#7137=DIRECTION('',(-1.,0.,0.));
#7138=DIRECTION('center_axis',(0.,0.,1.));
#7139=DIRECTION('ref_axis',(-1.,0.,0.));
#7140=DIRECTION('center_axis',(0.,-1.,0.));
#7141=DIRECTION('ref_axis',(1.,0.,0.));
#7142=DIRECTION('',(-1.,0.,0.));
#7143=DIRECTION('',(0.,0.,1.));
#7144=DIRECTION('',(1.,0.,0.));
#7145=DIRECTION('',(0.,0.,1.));
#7146=DIRECTION('center_axis',(-0.946740787865161,0.321996708977675,0.));
#7147=DIRECTION('ref_axis',(-0.321996708977675,-0.946740787865161,0.));
#7148=DIRECTION('',(0.321996708977675,0.946740787865161,0.));
#7149=DIRECTION('',(-0.321996708977675,-0.946740787865161,0.));
#7150=DIRECTION('',(0.,0.,1.));
#7151=DIRECTION('',(0.,0.,1.));
#7152=DIRECTION('',(0.,0.,1.));
#7153=DIRECTION('',(0.,0.,1.));
#7154=DIRECTION('',(0.,0.,1.));
#7155=DIRECTION('',(0.,0.,1.));
#7156=DIRECTION('',(0.,0.,1.));
#7157=DIRECTION('',(0.,0.,1.));
#7158=DIRECTION('',(0.,0.,1.));
#7159=DIRECTION('',(0.,0.,1.));
#7160=DIRECTION('',(0.,0.,1.));
#7161=DIRECTION('',(0.,0.,1.));
#7162=DIRECTION('',(0.,0.,1.));
#7163=DIRECTION('',(0.,0.,1.));
#7164=DIRECTION('',(0.,0.,1.));
#7165=DIRECTION('center_axis',(-0.94671982411203,0.322058340418762,0.));
#7166=DIRECTION('ref_axis',(-0.322058340418762,-0.94671982411203,0.));
#7167=DIRECTION('',(0.322058340418762,0.94671982411203,0.));
#7168=DIRECTION('',(-0.322058340418762,-0.94671982411203,0.));
#7169=DIRECTION('',(0.,0.,1.));
#7170=DIRECTION('center_axis',(0.,1.,0.));
#7171=DIRECTION('ref_axis',(-1.,0.,0.));
#7172=DIRECTION('',(1.,0.,0.));
#7173=DIRECTION('',(-1.,0.,0.));
#7174=DIRECTION('',(0.,0.,1.));
#7175=DIRECTION('center_axis',(0.946738889355506,-0.322002290957537,0.));
#7176=DIRECTION('ref_axis',(0.322002290957537,0.946738889355506,0.));
#7177=DIRECTION('',(-0.322002290957537,-0.946738889355506,0.));
#7178=DIRECTION('',(0.322002290957537,0.946738889355506,0.));
#7179=DIRECTION('',(0.,0.,1.));
#7180=DIRECTION('',(0.,0.,1.));
#7181=DIRECTION('',(0.,0.,1.));
#7182=DIRECTION('',(0.,0.,1.));
#7183=DIRECTION('',(0.,0.,1.));
#7184=DIRECTION('',(0.,0.,1.));
#7185=DIRECTION('',(0.,0.,1.));
#7186=DIRECTION('',(0.,0.,1.));
#7187=DIRECTION('',(0.,0.,1.));
#7188=DIRECTION('',(0.,0.,1.));
#7189=DIRECTION('',(0.,0.,1.));
#7190=DIRECTION('',(0.,0.,1.));
#7191=DIRECTION('',(0.,0.,1.));
#7192=DIRECTION('',(0.,0.,1.));
#7193=DIRECTION('',(0.,0.,1.));
#7194=DIRECTION('',(0.,0.,1.));
#7195=DIRECTION('center_axis',(0.946737179923364,-0.322007316921147,0.));
#7196=DIRECTION('ref_axis',(0.322007316921147,0.946737179923364,0.));
#7197=DIRECTION('',(-0.322007316921147,-0.946737179923364,0.));
#7198=DIRECTION('',(0.322007316921147,0.946737179923364,0.));
#7199=DIRECTION('center_axis',(0.,0.,1.));
#7200=DIRECTION('ref_axis',(-1.,0.,0.));
#7201=DIRECTION('center_axis',(0.946735409060397,-0.322012523407463,0.));
#7202=DIRECTION('ref_axis',(0.322012523407463,0.946735409060397,0.));
#7203=DIRECTION('',(-0.322012523407463,-0.946735409060397,0.));
#7204=DIRECTION('',(0.,0.,1.));
#7205=DIRECTION('',(0.322012523407463,0.946735409060397,0.));
#7206=DIRECTION('',(0.,0.,1.));
#7207=DIRECTION('center_axis',(0.,-1.,0.));
#7208=DIRECTION('ref_axis',(1.,0.,0.));
#7209=DIRECTION('',(-1.,0.,0.));
#7210=DIRECTION('',(1.,0.,0.));
#7211=DIRECTION('',(0.,0.,1.));
#7212=DIRECTION('center_axis',(-0.995768907274463,0.0918927815740774,0.));
#7213=DIRECTION('ref_axis',(-0.0918927815740774,-0.995768907274463,0.));
#7214=DIRECTION('',(0.0918927815740774,0.995768907274463,0.));
#7215=DIRECTION('',(-0.0918927815740774,-0.995768907274463,0.));
#7216=DIRECTION('',(0.,0.,1.));
#7217=DIRECTION('center_axis',(0.946734068313531,-0.322016465253735,0.));
#7218=DIRECTION('ref_axis',(0.322016465253735,0.946734068313531,0.));
#7219=DIRECTION('',(-0.322016465253735,-0.946734068313531,0.));
#7220=DIRECTION('',(0.322016465253735,0.946734068313531,0.));
#7221=DIRECTION('',(0.,0.,1.));
#7222=DIRECTION('center_axis',(0.,-1.,0.));
#7223=DIRECTION('ref_axis',(1.,0.,0.));
#7224=DIRECTION('',(-1.,0.,0.));
#7225=DIRECTION('',(1.,0.,0.));
#7226=DIRECTION('',(0.,0.,1.));
#7227=DIRECTION('center_axis',(-0.946735409060397,0.322012523407463,0.));
#7228=DIRECTION('ref_axis',(-0.322012523407463,-0.946735409060397,0.));
#7229=DIRECTION('',(0.322012523407463,0.946735409060397,0.));
#7230=DIRECTION('',(-0.322012523407463,-0.946735409060397,0.));
#7231=DIRECTION('',(0.,0.,1.));
#7232=DIRECTION('center_axis',(0.,1.,0.));
#7233=DIRECTION('ref_axis',(-1.,0.,0.));
#7234=DIRECTION('',(1.,0.,0.));
#7235=DIRECTION('',(-1.,0.,0.));
#7236=DIRECTION('',(0.,0.,1.));
#7237=DIRECTION('center_axis',(0.997826802191365,-0.0658913714271776,0.));
#7238=DIRECTION('ref_axis',(0.0658913714271776,0.997826802191365,0.));
#7239=DIRECTION('',(-0.0658913714271776,-0.997826802191365,0.));
#7240=DIRECTION('',(0.0658913714271776,0.997826802191365,0.));
#7241=DIRECTION('',(0.,0.,1.));
#7242=DIRECTION('center_axis',(-0.946738362755557,0.322003839242528,0.));
#7243=DIRECTION('ref_axis',(-0.322003839242528,-0.946738362755557,0.));
#7244=DIRECTION('',(0.322003839242528,0.946738362755557,0.));
#7245=DIRECTION('',(-0.322003839242528,-0.946738362755557,0.));
#7246=DIRECTION('',(0.,0.,1.));
#7247=DIRECTION('center_axis',(0.,1.,0.));
#7248=DIRECTION('ref_axis',(-1.,0.,0.));
#7249=DIRECTION('',(1.,0.,0.));
#7250=DIRECTION('',(-1.,0.,0.));
#7251=DIRECTION('center_axis',(0.,0.,1.));
#7252=DIRECTION('ref_axis',(1.,0.,0.));
#7253=DIRECTION('center_axis',(0.,-1.,0.));
#7254=DIRECTION('ref_axis',(1.,0.,0.));
#7255=DIRECTION('',(-1.,0.,0.));
#7256=DIRECTION('',(0.,0.,1.));
#7257=DIRECTION('',(1.,0.,0.));
#7258=DIRECTION('',(0.,0.,1.));
#7259=DIRECTION('center_axis',(-0.946740787865161,0.321996708977675,0.));
#7260=DIRECTION('ref_axis',(-0.321996708977675,-0.946740787865161,0.));
#7261=DIRECTION('',(0.321996708977675,0.946740787865161,0.));
#7262=DIRECTION('',(-0.321996708977675,-0.946740787865161,0.));
#7263=DIRECTION('',(0.,0.,1.));
#7264=DIRECTION('',(0.,0.,1.));
#7265=DIRECTION('',(0.,0.,1.));
#7266=DIRECTION('',(0.,0.,1.));
#7267=DIRECTION('',(0.,0.,1.));
#7268=DIRECTION('',(0.,0.,1.));
#7269=DIRECTION('',(0.,0.,1.));
#7270=DIRECTION('',(0.,0.,1.));
#7271=DIRECTION('',(0.,0.,1.));
#7272=DIRECTION('',(0.,0.,1.));
#7273=DIRECTION('',(0.,0.,1.));
#7274=DIRECTION('',(0.,0.,1.));
#7275=DIRECTION('',(0.,0.,1.));
#7276=DIRECTION('',(0.,0.,1.));
#7277=DIRECTION('',(0.,0.,1.));
#7278=DIRECTION('center_axis',(-0.94671982411203,0.322058340418762,0.));
#7279=DIRECTION('ref_axis',(-0.322058340418762,-0.94671982411203,0.));
#7280=DIRECTION('',(0.322058340418762,0.94671982411203,0.));
#7281=DIRECTION('',(-0.322058340418762,-0.94671982411203,0.));
#7282=DIRECTION('',(0.,0.,1.));
#7283=DIRECTION('center_axis',(0.,1.,0.));
#7284=DIRECTION('ref_axis',(-1.,0.,0.));
#7285=DIRECTION('',(1.,0.,0.));
#7286=DIRECTION('',(-1.,0.,0.));
#7287=DIRECTION('',(0.,0.,1.));
#7288=DIRECTION('center_axis',(0.946740992413766,-0.321996107559388,0.));
#7289=DIRECTION('ref_axis',(0.321996107559388,0.946740992413766,0.));
#7290=DIRECTION('',(-0.321996107559388,-0.946740992413766,0.));
#7291=DIRECTION('',(0.321996107559388,0.946740992413766,0.));
#7292=DIRECTION('',(0.,0.,1.));
#7293=DIRECTION('',(0.,0.,1.));
#7294=DIRECTION('',(0.,0.,1.));
#7295=DIRECTION('',(0.,0.,1.));
#7296=DIRECTION('',(0.,0.,1.));
#7297=DIRECTION('',(0.,0.,1.));
#7298=DIRECTION('',(0.,0.,1.));
#7299=DIRECTION('',(0.,0.,1.));
#7300=DIRECTION('',(0.,0.,1.));
#7301=DIRECTION('',(0.,0.,1.));
#7302=DIRECTION('',(0.,0.,1.));
#7303=DIRECTION('',(0.,0.,1.));
#7304=DIRECTION('',(0.,0.,1.));
#7305=DIRECTION('',(0.,0.,1.));
#7306=DIRECTION('',(0.,0.,1.));
#7307=DIRECTION('',(0.,0.,1.));
#7308=DIRECTION('center_axis',(0.946737179923364,-0.322007316921147,0.));
#7309=DIRECTION('ref_axis',(0.322007316921147,0.946737179923364,0.));
#7310=DIRECTION('',(-0.322007316921147,-0.946737179923364,0.));
#7311=DIRECTION('',(0.322007316921147,0.946737179923364,0.));
#7312=DIRECTION('center_axis',(0.,0.,1.));
#7313=DIRECTION('ref_axis',(-1.,0.,0.));
#7314=DIRECTION('center_axis',(0.,-1.,0.));
#7315=DIRECTION('ref_axis',(1.,0.,0.));
#7316=DIRECTION('',(-1.,0.,0.));
#7317=DIRECTION('',(0.,0.,1.));
#7318=DIRECTION('',(1.,0.,0.));
#7319=DIRECTION('',(0.,0.,1.));
#7320=DIRECTION('center_axis',(-0.946740787865161,0.321996708977675,0.));
#7321=DIRECTION('ref_axis',(-0.321996708977675,-0.946740787865161,0.));
#7322=DIRECTION('',(0.321996708977675,0.946740787865161,0.));
#7323=DIRECTION('',(-0.321996708977675,-0.946740787865161,0.));
#7324=DIRECTION('',(0.,0.,1.));
#7325=DIRECTION('',(0.,0.,1.));
#7326=DIRECTION('',(0.,0.,1.));
#7327=DIRECTION('',(0.,0.,1.));
#7328=DIRECTION('',(0.,0.,1.));
#7329=DIRECTION('',(0.,0.,1.));
#7330=DIRECTION('',(0.,0.,1.));
#7331=DIRECTION('',(0.,0.,1.));
#7332=DIRECTION('',(0.,0.,1.));
#7333=DIRECTION('',(0.,0.,1.));
#7334=DIRECTION('',(0.,0.,1.));
#7335=DIRECTION('',(0.,0.,1.));
#7336=DIRECTION('',(0.,0.,1.));
#7337=DIRECTION('',(0.,0.,1.));
#7338=DIRECTION('',(0.,0.,1.));
#7339=DIRECTION('center_axis',(-0.94671982411203,0.322058340418762,0.));
#7340=DIRECTION('ref_axis',(-0.322058340418762,-0.94671982411203,0.));
#7341=DIRECTION('',(0.322058340418762,0.94671982411203,0.));
#7342=DIRECTION('',(-0.322058340418762,-0.94671982411203,0.));
#7343=DIRECTION('',(0.,0.,1.));
#7344=DIRECTION('center_axis',(0.,1.,0.));
#7345=DIRECTION('ref_axis',(-1.,0.,0.));
#7346=DIRECTION('',(1.,0.,0.));
#7347=DIRECTION('',(-1.,0.,0.));
#7348=DIRECTION('',(0.,0.,1.));
#7349=DIRECTION('center_axis',(0.946741518173481,-0.321994561703412,0.));
#7350=DIRECTION('ref_axis',(0.321994561703412,0.946741518173481,0.));
#7351=DIRECTION('',(-0.321994561703412,-0.946741518173481,0.));
#7352=DIRECTION('',(0.321994561703412,0.946741518173481,0.));
#7353=DIRECTION('',(0.,0.,1.));
#7354=DIRECTION('',(0.,0.,1.));
#7355=DIRECTION('',(0.,0.,1.));
#7356=DIRECTION('',(0.,0.,1.));
#7357=DIRECTION('',(0.,0.,1.));
#7358=DIRECTION('',(0.,0.,1.));
#7359=DIRECTION('',(0.,0.,1.));
#7360=DIRECTION('',(0.,0.,1.));
#7361=DIRECTION('',(0.,0.,1.));
#7362=DIRECTION('',(0.,0.,1.));
#7363=DIRECTION('',(0.,0.,1.));
#7364=DIRECTION('',(0.,0.,1.));
#7365=DIRECTION('',(0.,0.,1.));
#7366=DIRECTION('',(0.,0.,1.));
#7367=DIRECTION('',(0.,0.,1.));
#7368=DIRECTION('',(0.,0.,1.));
#7369=DIRECTION('center_axis',(0.946737179923364,-0.322007316921147,0.));
#7370=DIRECTION('ref_axis',(0.322007316921147,0.946737179923364,0.));
#7371=DIRECTION('',(-0.322007316921147,-0.946737179923364,0.));
#7372=DIRECTION('',(0.322007316921147,0.946737179923364,0.));
#7373=DIRECTION('center_axis',(0.,0.,1.));
#7374=DIRECTION('ref_axis',(-1.,0.,0.));
#7375=DIRECTION('center_axis',(0.946728144950018,-0.322033879521235,0.));
#7376=DIRECTION('ref_axis',(0.322033879521235,0.946728144950018,0.));
#7377=DIRECTION('',(-0.322033879521235,-0.946728144950018,0.));
#7378=DIRECTION('',(0.,0.,1.));
#7379=DIRECTION('',(0.322033879521235,0.946728144950018,0.));
#7380=DIRECTION('',(0.,0.,1.));
#7381=DIRECTION('',(0.,0.,1.));
#7382=DIRECTION('',(0.,0.,1.));
#7383=DIRECTION('center_axis',(-0.946734319060225,0.322015728053106,0.));
#7384=DIRECTION('ref_axis',(-0.322015728053106,-0.946734319060225,0.));
#7385=DIRECTION('',(0.322015728053106,0.946734319060225,0.));
#7386=DIRECTION('',(-0.322015728053106,-0.946734319060225,0.));
#7387=DIRECTION('',(0.,0.,1.));
#7388=DIRECTION('',(0.,0.,1.));
#7389=DIRECTION('center_axis',(0.,1.,0.));
#7390=DIRECTION('ref_axis',(-1.,0.,0.));
#7391=DIRECTION('',(1.,0.,0.));
#7392=DIRECTION('',(0.,0.,1.));
#7393=DIRECTION('',(-1.,0.,0.));
#7394=DIRECTION('',(0.,0.,1.));
#7395=DIRECTION('',(0.,0.,1.));
#7396=DIRECTION('',(0.,0.,1.));
#7397=DIRECTION('',(0.,0.,1.));
#7398=DIRECTION('',(0.,0.,1.));
#7399=DIRECTION('',(0.,0.,1.));
#7400=DIRECTION('',(0.,0.,1.));
#7401=DIRECTION('',(0.,0.,1.));
#7402=DIRECTION('',(0.,0.,1.));
#7403=DIRECTION('center_axis',(0.946738298550075,-0.32200402801597,0.));
#7404=DIRECTION('ref_axis',(0.32200402801597,0.946738298550075,0.));
#7405=DIRECTION('',(-0.32200402801597,-0.946738298550075,0.));
#7406=DIRECTION('',(0.32200402801597,0.946738298550075,0.));
#7407=DIRECTION('',(0.,0.,1.));
#7408=DIRECTION('center_axis',(0.,-1.,0.));
#7409=DIRECTION('ref_axis',(1.,0.,0.));
#7410=DIRECTION('',(-1.,0.,0.));
#7411=DIRECTION('',(1.,0.,0.));
#7412=DIRECTION('',(0.,0.,1.));
#7413=DIRECTION('center_axis',(-0.946734429667624,0.322015402864394,0.));
#7414=DIRECTION('ref_axis',(-0.322015402864394,-0.946734429667624,0.));
#7415=DIRECTION('',(0.322015402864394,0.946734429667624,0.));
#7416=DIRECTION('',(-0.322015402864394,-0.946734429667624,0.));
#7417=DIRECTION('',(0.,0.,1.));
#7418=DIRECTION('',(0.,0.,1.));
#7419=DIRECTION('',(0.,0.,1.));
#7420=DIRECTION('center_axis',(0.94673117618948,-0.322024968024039,0.));
#7421=DIRECTION('ref_axis',(0.322024968024039,0.94673117618948,0.));
#7422=DIRECTION('',(-0.322024968024039,-0.94673117618948,0.));
#7423=DIRECTION('',(0.322024968024039,0.94673117618948,0.));
#7424=DIRECTION('',(0.,0.,1.));
#7425=DIRECTION('center_axis',(0.,-1.,0.));
#7426=DIRECTION('ref_axis',(1.,0.,0.));
#7427=DIRECTION('',(-1.,0.,0.));
#7428=DIRECTION('',(1.,0.,0.));
#7429=DIRECTION('',(0.,0.,1.));
#7430=DIRECTION('center_axis',(-0.946735409060397,0.322012523407463,0.));
#7431=DIRECTION('ref_axis',(-0.322012523407463,-0.946735409060397,0.));
#7432=DIRECTION('',(0.322012523407463,0.946735409060397,0.));
#7433=DIRECTION('',(-0.322012523407463,-0.946735409060397,0.));
#7434=DIRECTION('center_axis',(0.,0.,1.));
#7435=DIRECTION('ref_axis',(-1.,0.,0.));
#7436=DIRECTION('center_axis',(0.,0.,1.));
#7437=DIRECTION('ref_axis',(1.,0.,0.));
#7438=DIRECTION('',(0.,-1.,0.));
#7439=DIRECTION('center_axis',(0.,0.,-1.));
#7440=DIRECTION('ref_axis',(-1.,1.32589079540284E-14,0.));
#7441=DIRECTION('',(1.,0.,0.));
#7442=DIRECTION('center_axis',(0.,0.,-1.));
#7443=DIRECTION('ref_axis',(-1.32589079540284E-14,-1.,0.));
#7444=DIRECTION('',(0.,1.,0.));
#7445=DIRECTION('center_axis',(0.,0.,-1.));
#7446=DIRECTION('ref_axis',(0.,1.,0.));
#7447=DIRECTION('',(-1.,0.,0.));
#7448=DIRECTION('center_axis',(0.,0.,-1.));
#7449=DIRECTION('ref_axis',(-1.,0.,0.));
#7450=DIRECTION('center_axis',(0.,-1.,0.));
#7451=DIRECTION('ref_axis',(0.866025403784438,0.,0.5));
#7452=DIRECTION('center_axis',(0.,1.,0.));
#7453=DIRECTION('ref_axis',(0.,0.,1.));
#7454=DIRECTION('',(0.,1.,0.));
#7455=DIRECTION('center_axis',(1.02558009940457E-15,-1.,1.77635683940025E-15));
#7456=DIRECTION('ref_axis',(0.866025403784438,1.77635683940025E-15,0.5));
#7457=DIRECTION('center_axis',(1.,0.,0.));
#7458=DIRECTION('ref_axis',(0.,0.,1.));
#7459=DIRECTION('center_axis',(0.,0.,1.));
#7460=DIRECTION('ref_axis',(0.707106781186547,-0.707106781186547,0.));
#7461=DIRECTION('center_axis',(0.,0.,-1.));
#7462=DIRECTION('ref_axis',(1.,0.,0.));
#7463=DIRECTION('center_axis',(1.,0.,0.));
#7464=DIRECTION('ref_axis',(0.,0.866025403784438,0.5));
#7465=DIRECTION('center_axis',(0.,0.,1.));
#7466=DIRECTION('ref_axis',(0.707106781186547,0.707106781186547,0.));
#7467=DIRECTION('center_axis',(0.,0.,-1.));
#7468=DIRECTION('ref_axis',(1.,0.,0.));
#7469=DIRECTION('center_axis',(-1.,0.,0.));
#7470=DIRECTION('ref_axis',(0.,-0.866025403784438,0.5));
#7471=DIRECTION('center_axis',(1.,0.,0.));
#7472=DIRECTION('ref_axis',(0.,0.,1.));
#7473=DIRECTION('',(1.,0.,0.));
#7474=DIRECTION('center_axis',(1.,0.,0.));
#7475=DIRECTION('ref_axis',(0.,0.866025403784438,0.5));
#7476=DIRECTION('center_axis',(1.,1.02558009940457E-15,1.77635683940025E-15));
#7477=DIRECTION('ref_axis',(-1.77635683940025E-15,0.866025403784438,0.5));
#7478=DIRECTION('',(-1.,0.,0.));
#7479=DIRECTION('center_axis',(0.,-1.,0.));
#7480=DIRECTION('ref_axis',(0.,0.,1.));
#7481=DIRECTION('center_axis',(0.,0.,1.));
#7482=DIRECTION('ref_axis',(-0.707106781186547,-0.707106781186547,0.));
#7483=DIRECTION('center_axis',(0.,0.,-1.));
#7484=DIRECTION('ref_axis',(1.,0.,0.));
#7485=DIRECTION('center_axis',(0.,1.,0.));
#7486=DIRECTION('ref_axis',(-0.866025403784438,0.,0.5));
#7487=DIRECTION('center_axis',(0.,0.,1.));
#7488=DIRECTION('ref_axis',(-0.707106781186547,0.707106781186547,0.));
#7489=DIRECTION('center_axis',(0.,0.,-1.));
#7490=DIRECTION('ref_axis',(1.,0.,0.));
#7491=DIRECTION('center_axis',(0.,1.,0.));
#7492=DIRECTION('ref_axis',(-0.866025403784438,0.,0.5));
#7493=DIRECTION('',(0.,-1.,0.));
#7494=DIRECTION('center_axis',(0.,0.,-1.));
#7495=DIRECTION('ref_axis',(-1.,0.,0.));
#7496=DIRECTION('center_axis',(0.,0.,-1.));
#7497=DIRECTION('ref_axis',(-1.,0.,0.));
#7498=DIRECTION('center_axis',(0.,0.,-1.));
#7499=DIRECTION('ref_axis',(-1.,0.,0.));
#7500=DIRECTION('center_axis',(0.,0.,-1.));
#7501=DIRECTION('ref_axis',(-1.,0.,0.));
#7502=DIRECTION('center_axis',(0.,0.,-1.));
#7503=DIRECTION('ref_axis',(0.707106781186548,0.707106781186547,0.));
#7504=DIRECTION('center_axis',(0.,0.,-1.));
#7505=DIRECTION('ref_axis',(-1.,0.,0.));
#7506=DIRECTION('center_axis',(0.,0.,-1.));
#7507=DIRECTION('ref_axis',(0.707106781186548,-0.707106781186547,0.));
#7508=DIRECTION('center_axis',(0.,0.,-1.));
#7509=DIRECTION('ref_axis',(-1.,0.,0.));
#7510=DIRECTION('center_axis',(0.,0.,1.));
#7511=DIRECTION('ref_axis',(1.,0.,0.));
#7512=DIRECTION('center_axis',(1.,0.,0.));
#7513=DIRECTION('ref_axis',(0.,-1.,0.));
#7514=DIRECTION('',(0.,1.,0.));
#7515=DIRECTION('',(0.,0.,-1.));
#7516=DIRECTION('',(0.,-1.,0.));
#7517=DIRECTION('',(0.,0.,-1.));
#7518=DIRECTION('center_axis',(0.,1.,0.));
#7519=DIRECTION('ref_axis',(1.,0.,0.));
#7520=DIRECTION('',(-1.,0.,0.));
#7521=DIRECTION('',(1.,0.,0.));
#7522=DIRECTION('',(0.,0.,-1.));
#7523=DIRECTION('center_axis',(-1.,0.,0.));
#7524=DIRECTION('ref_axis',(0.,1.,0.));
#7525=DIRECTION('',(0.,-1.,0.));
#7526=DIRECTION('',(0.,1.,0.));
#7527=DIRECTION('',(0.,0.,-1.));
#7528=DIRECTION('center_axis',(0.,-1.,0.));
#7529=DIRECTION('ref_axis',(-1.,0.,0.));
#7530=DIRECTION('',(1.,0.,0.));
#7531=DIRECTION('',(-1.,0.,0.));
#7532=DIRECTION('center_axis',(0.,0.,-1.));
#7533=DIRECTION('ref_axis',(-1.,0.,0.));
#7534=DIRECTION('center_axis',(0.,0.,1.));
#7535=DIRECTION('ref_axis',(-1.,0.,0.));
#7536=DIRECTION('center_axis',(0.,0.,1.));
#7537=DIRECTION('ref_axis',(-1.,0.,0.));
#7538=DIRECTION('center_axis',(0.,0.,1.));
#7539=DIRECTION('ref_axis',(-1.,0.,0.));
#7540=DIRECTION('center_axis',(0.,0.,1.));
#7541=DIRECTION('ref_axis',(-1.,0.,0.));
#7542=DIRECTION('center_axis',(0.,0.,1.));
#7543=DIRECTION('ref_axis',(-1.,0.,0.));
#7544=DIRECTION('center_axis',(0.,0.,1.));
#7545=DIRECTION('ref_axis',(-1.,0.,0.));
#7546=DIRECTION('center_axis',(0.,0.,1.));
#7547=DIRECTION('ref_axis',(-1.,0.,0.));
#7548=DIRECTION('center_axis',(0.,0.,1.));
#7549=DIRECTION('ref_axis',(-1.,0.,0.));
#7550=DIRECTION('center_axis',(0.,0.,-1.));
#7551=DIRECTION('ref_axis',(-1.,0.,0.));
#7552=DIRECTION('',(0.,0.,-1.));
#7553=DIRECTION('center_axis',(0.,0.,1.));
#7554=DIRECTION('ref_axis',(-1.,0.,0.));
#7555=DIRECTION('center_axis',(0.,0.,-1.));
#7556=DIRECTION('ref_axis',(-1.,0.,0.));
#7557=DIRECTION('',(0.,0.,-1.));
#7558=DIRECTION('center_axis',(0.,0.,1.));
#7559=DIRECTION('ref_axis',(-1.,0.,0.));
#7560=DIRECTION('center_axis',(0.,0.,-1.));
#7561=DIRECTION('ref_axis',(-1.,0.,0.));
#7562=DIRECTION('',(0.,0.,-1.));
#7563=DIRECTION('center_axis',(0.,0.,1.));
#7564=DIRECTION('ref_axis',(-1.,0.,0.));
#7565=DIRECTION('center_axis',(0.,0.,-1.));
#7566=DIRECTION('ref_axis',(-1.,0.,0.));
#7567=DIRECTION('',(0.,0.,-1.));
#7568=DIRECTION('center_axis',(0.,0.,1.));
#7569=DIRECTION('ref_axis',(-1.,0.,0.));
#7570=DIRECTION('center_axis',(0.,0.,1.));
#7571=DIRECTION('ref_axis',(1.,0.,0.));
#7572=CARTESIAN_POINT('',(0.,0.,0.));
#7573=CARTESIAN_POINT('Origin',(-76.788374632597,16.367552280426,10.));
#7574=CARTESIAN_POINT('',(-71.2075512111187,16.367552280426,10.));
#7575=CARTESIAN_POINT('',(-76.788374632597,16.367552280426,10.));
#7576=CARTESIAN_POINT('',(-38.3941873162985,16.367552280426,10.));
#7577=CARTESIAN_POINT('',(-71.2075512111187,16.367552280426,10.5));
#7578=CARTESIAN_POINT('',(-71.2075512111187,16.367552280426,10.));
#7579=CARTESIAN_POINT('',(-76.788374632597,16.367552280426,10.5));
#7580=CARTESIAN_POINT('',(-71.2075512111187,16.367552280426,10.5));
#7581=CARTESIAN_POINT('',(-76.788374632597,16.367552280426,10.));
#7582=CARTESIAN_POINT('Origin',(-75.5510537326336,20.0055718421936,10.));
#7583=CARTESIAN_POINT('',(-75.5510537326336,20.0055718421936,10.));
#7584=CARTESIAN_POINT('',(-74.6837716078876,22.5555888470714,10.));
#7585=CARTESIAN_POINT('',(-75.5510537326336,20.0055718421936,10.5));
#7586=CARTESIAN_POINT('',(-76.788374632597,16.367552280426,10.5));
#7587=CARTESIAN_POINT('',(-75.5510537326336,20.0055718421936,10.));
#7588=CARTESIAN_POINT('Ctrl Pts',(-75.0943057239056,21.7008900642395,10.));
#7589=CARTESIAN_POINT('Ctrl Pts',(-75.0943057239056,21.7008900642395,10.5));
#7590=CARTESIAN_POINT('Ctrl Pts',(-75.124065131064,21.513345841126,10.));
#7591=CARTESIAN_POINT('Ctrl Pts',(-75.124065131064,21.513345841126,10.5));
#7592=CARTESIAN_POINT('Ctrl Pts',(-75.2160832406778,20.9334463563007,10.));
#7593=CARTESIAN_POINT('Ctrl Pts',(-75.2160832406778,20.9334463563007,10.5));
#7594=CARTESIAN_POINT('Ctrl Pts',(-75.4158757502116,20.3800173762626,10.));
#7595=CARTESIAN_POINT('Ctrl Pts',(-75.4158757502116,20.3800173762626,10.5));
#7596=CARTESIAN_POINT('Ctrl Pts',(-75.5510537326336,20.0055718421936,10.));
#7597=CARTESIAN_POINT('Ctrl Pts',(-75.5510537326336,20.0055718421936,10.5));
#7598=CARTESIAN_POINT('',(-75.0943057239056,21.7008900642395,10.));
#7599=CARTESIAN_POINT('Ctrl Pts',(-75.5510537326336,20.0055718421936,10.));
#7600=CARTESIAN_POINT('Ctrl Pts',(-75.4158757502116,20.3800173762626,10.));
#7601=CARTESIAN_POINT('Ctrl Pts',(-75.2160832406778,20.9334463563007,10.));
#7602=CARTESIAN_POINT('Ctrl Pts',(-75.124065131064,21.513345841126,10.));
#7603=CARTESIAN_POINT('Ctrl Pts',(-75.0943057239056,21.7008900642395,10.));
#7604=CARTESIAN_POINT('',(-75.0943057239056,21.7008900642395,10.5));
#7605=CARTESIAN_POINT('Ctrl Pts',(-75.0943057239056,21.7008900642395,10.5));
#7606=CARTESIAN_POINT('Ctrl Pts',(-75.124065131064,21.513345841126,10.5));
#7607=CARTESIAN_POINT('Ctrl Pts',(-75.2160832406778,20.9334463563007,10.5));
#7608=CARTESIAN_POINT('Ctrl Pts',(-75.4158757502116,20.3800173762626,10.5));
#7609=CARTESIAN_POINT('Ctrl Pts',(-75.5510537326336,20.0055718421936,10.5));
#7610=CARTESIAN_POINT('',(-75.0943057239056,21.7008900642395,10.));
#7611=CARTESIAN_POINT('Ctrl Pts',(-75.5099503695965,21.9729590415955,10.));
#7612=CARTESIAN_POINT('Ctrl Pts',(-75.5099503695965,21.9729590415955,10.5));
#7613=CARTESIAN_POINT('Ctrl Pts',(-75.3968891656686,21.9688276378517,10.));
#7614=CARTESIAN_POINT('Ctrl Pts',(-75.3968891656686,21.9688276378517,10.5));
#7615=CARTESIAN_POINT('Ctrl Pts',(-75.1967493732817,21.9615142689964,10.));
#7616=CARTESIAN_POINT('Ctrl Pts',(-75.1967493732817,21.9615142689964,10.5));
#7617=CARTESIAN_POINT('Ctrl Pts',(-75.1253644895667,21.7799058563405,10.));
#7618=CARTESIAN_POINT('Ctrl Pts',(-75.1253644895667,21.7799058563405,10.5));
#7619=CARTESIAN_POINT('Ctrl Pts',(-75.0943057239056,21.7008900642395,10.));
#7620=CARTESIAN_POINT('Ctrl Pts',(-75.0943057239056,21.7008900642395,10.5));
#7621=CARTESIAN_POINT('',(-75.5099503695965,21.9729590415955,10.));
#7622=CARTESIAN_POINT('Ctrl Pts',(-75.0943057239056,21.7008900642395,10.));
#7623=CARTESIAN_POINT('Ctrl Pts',(-75.1253644895667,21.7799058563405,10.));
#7624=CARTESIAN_POINT('Ctrl Pts',(-75.1967493732817,21.9615142689964,10.));
#7625=CARTESIAN_POINT('Ctrl Pts',(-75.3968891656686,21.9688276378517,10.));
#7626=CARTESIAN_POINT('Ctrl Pts',(-75.5099503695965,21.9729590415955,10.));
#7627=CARTESIAN_POINT('',(-75.5099503695965,21.9729590415955,10.5));
#7628=CARTESIAN_POINT('Ctrl Pts',(-75.5099503695965,21.9729590415955,10.5));
#7629=CARTESIAN_POINT('Ctrl Pts',(-75.3968891656686,21.9688276378517,10.5));
#7630=CARTESIAN_POINT('Ctrl Pts',(-75.1967493732817,21.9615142689964,10.5));
#7631=CARTESIAN_POINT('Ctrl Pts',(-75.1253644895667,21.7799058563405,10.5));
#7632=CARTESIAN_POINT('Ctrl Pts',(-75.0943057239056,21.7008900642395,10.5));
#7633=CARTESIAN_POINT('',(-75.5099503695965,21.9729590415955,10.));
#7634=CARTESIAN_POINT('Ctrl Pts',(-76.1971800029278,21.6328930854797,10.));
#7635=CARTESIAN_POINT('Ctrl Pts',(-76.1971800029278,21.6328930854797,10.5));
#7636=CARTESIAN_POINT('Ctrl Pts',(-76.1064061555731,21.7320710815435,10.));
#7637=CARTESIAN_POINT('Ctrl Pts',(-76.1064061555731,21.7320710815435,10.5));
#7638=CARTESIAN_POINT('Ctrl Pts',(-75.9216311119146,21.9339532214626,10.));
#7639=CARTESIAN_POINT('Ctrl Pts',(-75.9216311119146,21.9339532214626,10.5));
#7640=CARTESIAN_POINT('Ctrl Pts',(-75.6487659382346,21.9598065801239,10.));
#7641=CARTESIAN_POINT('Ctrl Pts',(-75.6487659382346,21.9598065801239,10.5));
#7642=CARTESIAN_POINT('Ctrl Pts',(-75.5099503695965,21.9729590415955,10.));
#7643=CARTESIAN_POINT('Ctrl Pts',(-75.5099503695965,21.9729590415955,10.5));
#7644=CARTESIAN_POINT('',(-76.1971800029278,21.6328930854797,10.));
#7645=CARTESIAN_POINT('Ctrl Pts',(-75.5099503695965,21.9729590415955,10.));
#7646=CARTESIAN_POINT('Ctrl Pts',(-75.6487659382346,21.9598065801239,10.));
#7647=CARTESIAN_POINT('Ctrl Pts',(-75.9216311119146,21.9339532214626,10.));
#7648=CARTESIAN_POINT('Ctrl Pts',(-76.1064061555731,21.7320710815435,10.));
#7649=CARTESIAN_POINT('Ctrl Pts',(-76.1971800029278,21.6328930854797,10.));
#7650=CARTESIAN_POINT('',(-76.1971800029278,21.6328930854797,10.5));
#7651=CARTESIAN_POINT('Ctrl Pts',(-76.1971800029278,21.6328930854797,10.5));
#7652=CARTESIAN_POINT('Ctrl Pts',(-76.1064061555731,21.7320710815435,10.5));
#7653=CARTESIAN_POINT('Ctrl Pts',(-75.9216311119146,21.9339532214626,10.5));
#7654=CARTESIAN_POINT('Ctrl Pts',(-75.6487659382346,21.9598065801239,10.5));
#7655=CARTESIAN_POINT('Ctrl Pts',(-75.5099503695965,21.9729590415955,10.5));
#7656=CARTESIAN_POINT('',(-76.1971800029278,21.6328930854797,10.));
#7657=CARTESIAN_POINT('Ctrl Pts',(-76.9328133761883,19.8461556434631,10.));
#7658=CARTESIAN_POINT('Ctrl Pts',(-76.9328133761883,19.8461556434631,10.5));
#7659=CARTESIAN_POINT('Ctrl Pts',(-76.8027708632491,20.2418731536855,10.));
#7660=CARTESIAN_POINT('Ctrl Pts',(-76.8027708632491,20.2418731536855,10.5));
#7661=CARTESIAN_POINT('Ctrl Pts',(-76.6009205423754,20.8561007982332,10.));
#7662=CARTESIAN_POINT('Ctrl Pts',(-76.6009205423754,20.8561007982332,10.5));
#7663=CARTESIAN_POINT('Ctrl Pts',(-76.3031213949789,21.4290630307669,10.));
#7664=CARTESIAN_POINT('Ctrl Pts',(-76.3031213949789,21.4290630307669,10.5));
#7665=CARTESIAN_POINT('Ctrl Pts',(-76.1971800029278,21.6328930854797,10.));
#7666=CARTESIAN_POINT('Ctrl Pts',(-76.1971800029278,21.6328930854797,10.5));
#7667=CARTESIAN_POINT('',(-76.9328133761883,19.8461556434631,10.));
#7668=CARTESIAN_POINT('Ctrl Pts',(-76.1971800029278,21.6328930854797,10.));
#7669=CARTESIAN_POINT('Ctrl Pts',(-76.3031213949789,21.4290630307669,10.));
#7670=CARTESIAN_POINT('Ctrl Pts',(-76.6009205423754,20.8561007982332,10.));
#7671=CARTESIAN_POINT('Ctrl Pts',(-76.8027708632491,20.2418731536855,10.));
#7672=CARTESIAN_POINT('Ctrl Pts',(-76.9328133761883,19.8461556434631,10.));
#7673=CARTESIAN_POINT('',(-76.9328133761883,19.8461556434631,10.5));
#7674=CARTESIAN_POINT('Ctrl Pts',(-76.9328133761883,19.8461556434631,10.5));
#7675=CARTESIAN_POINT('Ctrl Pts',(-76.8027708632491,20.2418731536855,10.5));
#7676=CARTESIAN_POINT('Ctrl Pts',(-76.6009205423754,20.8561007982332,10.5));
#7677=CARTESIAN_POINT('Ctrl Pts',(-76.3031213949789,21.4290630307669,10.5));
#7678=CARTESIAN_POINT('Ctrl Pts',(-76.1971800029278,21.6328930854797,10.5));
#7679=CARTESIAN_POINT('',(-76.9328133761883,19.8461556434631,10.));
#7680=CARTESIAN_POINT('Origin',(-80.0136344134808,10.7886481285095,10.));
#7681=CARTESIAN_POINT('',(-80.0136344134808,10.7886481285095,10.));
#7682=CARTESIAN_POINT('',(-77.5095696621073,18.1505120696321,10.));
#7683=CARTESIAN_POINT('',(-80.0136344134808,10.7886481285095,10.5));
#7684=CARTESIAN_POINT('',(-76.9328133761883,19.8461556434631,10.5));
#7685=CARTESIAN_POINT('',(-80.0136344134808,10.7886481285095,10.));
#7686=CARTESIAN_POINT('Ctrl Pts',(-80.4695169627666,9.07489061355591,10.));
#7687=CARTESIAN_POINT('Ctrl Pts',(-80.4695169627666,9.07489061355591,10.5));
#7688=CARTESIAN_POINT('Ctrl Pts',(-80.4381943741932,9.27350021233205,10.));
#7689=CARTESIAN_POINT('Ctrl Pts',(-80.4381943741932,9.27350021233205,10.5));
#7690=CARTESIAN_POINT('Ctrl Pts',(-80.3458046044482,9.85932328557595,10.));
#7691=CARTESIAN_POINT('Ctrl Pts',(-80.3458046044482,9.85932328557595,10.5));
#7692=CARTESIAN_POINT('Ctrl Pts',(-80.1458193494542,10.4188294385664,10.));
#7693=CARTESIAN_POINT('Ctrl Pts',(-80.1458193494542,10.4188294385664,10.5));
#7694=CARTESIAN_POINT('Ctrl Pts',(-80.0136344134808,10.7886481285095,10.));
#7695=CARTESIAN_POINT('Ctrl Pts',(-80.0136344134808,10.7886481285095,10.5));
#7696=CARTESIAN_POINT('',(-80.4695169627666,9.07489061355591,10.));
#7697=CARTESIAN_POINT('Ctrl Pts',(-80.0136344134808,10.7886481285095,10.));
#7698=CARTESIAN_POINT('Ctrl Pts',(-80.1458193494542,10.4188294385664,10.));
#7699=CARTESIAN_POINT('Ctrl Pts',(-80.3458046044482,9.85932328557595,10.));
#7700=CARTESIAN_POINT('Ctrl Pts',(-80.4381943741932,9.27350021233205,10.));
#7701=CARTESIAN_POINT('Ctrl Pts',(-80.4695169627666,9.07489061355591,10.));
#7702=CARTESIAN_POINT('',(-80.4695169627666,9.07489061355591,10.5));
#7703=CARTESIAN_POINT('Ctrl Pts',(-80.4695169627666,9.07489061355591,10.5));
#7704=CARTESIAN_POINT('Ctrl Pts',(-80.4381943741932,9.27350021233205,10.5));
#7705=CARTESIAN_POINT('Ctrl Pts',(-80.3458046044482,9.85932328557595,10.5));
#7706=CARTESIAN_POINT('Ctrl Pts',(-80.1458193494542,10.4188294385664,10.5));
#7707=CARTESIAN_POINT('Ctrl Pts',(-80.0136344134808,10.7886481285095,10.5));
#7708=CARTESIAN_POINT('',(-80.4695169627666,9.07489061355591,10.));
#7709=CARTESIAN_POINT('Ctrl Pts',(-80.0447528064251,8.74616384506226,10.));
#7710=CARTESIAN_POINT('Ctrl Pts',(-80.0447528064251,8.74616384506226,10.5));
#7711=CARTESIAN_POINT('Ctrl Pts',(-80.1643137650959,8.75459822882756,10.));
#7712=CARTESIAN_POINT('Ctrl Pts',(-80.1643137650959,8.75459822882756,10.5));
#7713=CARTESIAN_POINT('Ctrl Pts',(-80.3848253337142,8.77015413616631,10.));
#7714=CARTESIAN_POINT('Ctrl Pts',(-80.3848253337142,8.77015413616631,10.5));
#7715=CARTESIAN_POINT('Ctrl Pts',(-80.4429207652033,8.97919247138882,10.));
#7716=CARTESIAN_POINT('Ctrl Pts',(-80.4429207652033,8.97919247138882,10.5));
#7717=CARTESIAN_POINT('Ctrl Pts',(-80.4695169627666,9.07489061355591,10.));
#7718=CARTESIAN_POINT('Ctrl Pts',(-80.4695169627666,9.07489061355591,10.5));
#7719=CARTESIAN_POINT('',(-80.0447528064251,8.74616384506226,10.));
#7720=CARTESIAN_POINT('Ctrl Pts',(-80.4695169627666,9.07489061355591,10.));
#7721=CARTESIAN_POINT('Ctrl Pts',(-80.4429207652033,8.97919247138882,10.));
#7722=CARTESIAN_POINT('Ctrl Pts',(-80.3848253337142,8.77015413616631,10.));
#7723=CARTESIAN_POINT('Ctrl Pts',(-80.1643137650959,8.75459822882756,10.));
#7724=CARTESIAN_POINT('Ctrl Pts',(-80.0447528064251,8.74616384506226,10.));
#7725=CARTESIAN_POINT('',(-80.0447528064251,8.74616384506226,10.5));
#7726=CARTESIAN_POINT('Ctrl Pts',(-80.0447528064251,8.74616384506226,10.5));
#7727=CARTESIAN_POINT('Ctrl Pts',(-80.1643137650959,8.75459822882756,10.5));
#7728=CARTESIAN_POINT('Ctrl Pts',(-80.3848253337142,8.77015413616631,10.5));
#7729=CARTESIAN_POINT('Ctrl Pts',(-80.4429207652033,8.97919247138882,10.5));
#7730=CARTESIAN_POINT('Ctrl Pts',(-80.4695169627666,9.07489061355591,10.5));
#7731=CARTESIAN_POINT('',(-80.0447528064251,8.74616384506226,10.));
#7732=CARTESIAN_POINT('Ctrl Pts',(-79.4008319079876,9.08209562301636,10.));
#7733=CARTESIAN_POINT('Ctrl Pts',(-79.4008319079876,9.08209562301636,10.5));
#7734=CARTESIAN_POINT('Ctrl Pts',(-79.4887068677612,8.98412439817297,10.));
#7735=CARTESIAN_POINT('Ctrl Pts',(-79.4887068677612,8.98412439817297,10.5));
#7736=CARTESIAN_POINT('Ctrl Pts',(-79.6616179591937,8.79134693960808,10.));
#7737=CARTESIAN_POINT('Ctrl Pts',(-79.6616179591937,8.79134693960808,10.5));
#7738=CARTESIAN_POINT('Ctrl Pts',(-79.918446715893,8.76105912298192,10.));
#7739=CARTESIAN_POINT('Ctrl Pts',(-79.918446715893,8.76105912298192,10.5));
#7740=CARTESIAN_POINT('Ctrl Pts',(-80.0447528064251,8.74616384506226,10.));
#7741=CARTESIAN_POINT('Ctrl Pts',(-80.0447528064251,8.74616384506226,10.5));
#7742=CARTESIAN_POINT('',(-79.4008319079876,9.08209562301636,10.));
#7743=CARTESIAN_POINT('Ctrl Pts',(-80.0447528064251,8.74616384506226,10.));
#7744=CARTESIAN_POINT('Ctrl Pts',(-79.918446715893,8.76105912298192,10.));
#7745=CARTESIAN_POINT('Ctrl Pts',(-79.6616179591937,8.79134693960808,10.));
#7746=CARTESIAN_POINT('Ctrl Pts',(-79.4887068677612,8.98412439817297,10.));
#7747=CARTESIAN_POINT('Ctrl Pts',(-79.4008319079876,9.08209562301636,10.));
#7748=CARTESIAN_POINT('',(-79.4008319079876,9.08209562301636,10.5));
#7749=CARTESIAN_POINT('Ctrl Pts',(-79.4008319079876,9.08209562301636,10.5));
#7750=CARTESIAN_POINT('Ctrl Pts',(-79.4887068677612,8.98412439817297,10.5));
#7751=CARTESIAN_POINT('Ctrl Pts',(-79.6616179591937,8.79134693960808,10.5));
#7752=CARTESIAN_POINT('Ctrl Pts',(-79.918446715893,8.76105912298192,10.5));
#7753=CARTESIAN_POINT('Ctrl Pts',(-80.0447528064251,8.74616384506226,10.5));
#7754=CARTESIAN_POINT('',(-79.4008319079876,9.08209562301636,10.));
#7755=CARTESIAN_POINT('Ctrl Pts',(-78.6239998042583,10.9709239006042,10.));
#7756=CARTESIAN_POINT('Ctrl Pts',(-78.6239998042583,10.9709239006042,10.5));
#7757=CARTESIAN_POINT('Ctrl Pts',(-78.7622197728271,10.5484386989447,10.));
#7758=CARTESIAN_POINT('Ctrl Pts',(-78.7622197728271,10.5484386989447,10.5));
#7759=CARTESIAN_POINT('Ctrl Pts',(-78.9747440818224,9.89883375059204,10.));
#7760=CARTESIAN_POINT('Ctrl Pts',(-78.9747440818224,9.89883375059204,10.5));
#7761=CARTESIAN_POINT('Ctrl Pts',(-79.2904518084027,9.29367556104914,10.));
#7762=CARTESIAN_POINT('Ctrl Pts',(-79.2904518084027,9.29367556104914,10.5));
#7763=CARTESIAN_POINT('Ctrl Pts',(-79.4008319079876,9.08209562301636,10.));
#7764=CARTESIAN_POINT('Ctrl Pts',(-79.4008319079876,9.08209562301636,10.5));
#7765=CARTESIAN_POINT('',(-78.6239998042583,10.9709239006042,10.));
#7766=CARTESIAN_POINT('Ctrl Pts',(-79.4008319079876,9.08209562301636,10.));
#7767=CARTESIAN_POINT('Ctrl Pts',(-79.2904518084027,9.29367556104914,10.));
#7768=CARTESIAN_POINT('Ctrl Pts',(-78.9747440818224,9.89883375059204,10.));
#7769=CARTESIAN_POINT('Ctrl Pts',(-78.7622197728271,10.5484386989447,10.));
#7770=CARTESIAN_POINT('Ctrl Pts',(-78.6239998042583,10.9709239006042,10.));
#7771=CARTESIAN_POINT('',(-78.6239998042583,10.9709239006042,10.5));
#7772=CARTESIAN_POINT('Ctrl Pts',(-78.6239998042583,10.9709239006042,10.5));
#7773=CARTESIAN_POINT('Ctrl Pts',(-78.7622197728271,10.5484386989447,10.5));
#7774=CARTESIAN_POINT('Ctrl Pts',(-78.9747440818224,9.89883375059204,10.5));
#7775=CARTESIAN_POINT('Ctrl Pts',(-79.2904518084027,9.29367556104914,10.5));
#7776=CARTESIAN_POINT('Ctrl Pts',(-79.4008319079876,9.08209562301636,10.5));
#7777=CARTESIAN_POINT('',(-78.6239998042583,10.9709239006042,10.));
#7778=CARTESIAN_POINT('Origin',(-77.708203047514,13.6631894111633,10.));
#7779=CARTESIAN_POINT('',(-77.708203047514,13.6631894111633,10.));
#7780=CARTESIAN_POINT('',(-75.7615498520544,19.3859736649388,10.));
#7781=CARTESIAN_POINT('',(-77.708203047514,13.6631894111633,10.5));
#7782=CARTESIAN_POINT('',(-78.6239998042583,10.9709239006042,10.5));
#7783=CARTESIAN_POINT('',(-77.708203047514,13.6631894111633,10.));
#7784=CARTESIAN_POINT('Origin',(-72.1273820102215,13.6631894111633,10.));
#7785=CARTESIAN_POINT('',(-72.1273820102215,13.6631894111633,10.));
#7786=CARTESIAN_POINT('',(-36.0636910051107,13.6631894111633,10.));
#7787=CARTESIAN_POINT('',(-72.1273820102215,13.6631894111633,10.5));
#7788=CARTESIAN_POINT('',(-77.708203047514,13.6631894111633,10.5));
#7789=CARTESIAN_POINT('',(-72.1273820102215,13.6631894111633,10.));
#7790=CARTESIAN_POINT('Origin',(-72.4694602191448,12.6576924324036,10.));
#7791=CARTESIAN_POINT('',(-72.4694602191448,12.6576924324036,10.));
#7792=CARTESIAN_POINT('',(-70.6404174689443,18.0339394758428,10.));
#7793=CARTESIAN_POINT('',(-72.4694602191448,12.6576924324036,10.5));
#7794=CARTESIAN_POINT('',(-72.1273820102215,13.6631894111633,10.5));
#7795=CARTESIAN_POINT('',(-72.4694602191448,12.6576924324036,10.));
#7796=CARTESIAN_POINT('Ctrl Pts',(-74.4100539386272,8.27059507369995,10.));
#7797=CARTESIAN_POINT('Ctrl Pts',(-74.4100539386272,8.27059507369995,10.5));
#7798=CARTESIAN_POINT('Ctrl Pts',(-74.0829686546733,8.85045780851474,10.));
#7799=CARTESIAN_POINT('Ctrl Pts',(-74.0829686546733,8.85045780851474,10.5));
#7800=CARTESIAN_POINT('Ctrl Pts',(-73.2944383906693,10.2483785888147,10.));
#7801=CARTESIAN_POINT('Ctrl Pts',(-73.2944383906693,10.2483785888147,10.5));
#7802=CARTESIAN_POINT('Ctrl Pts',(-72.774011879437,11.7682621946628,10.));
#7803=CARTESIAN_POINT('Ctrl Pts',(-72.774011879437,11.7682621946628,10.5));
#7804=CARTESIAN_POINT('Ctrl Pts',(-72.4694602191448,12.6576924324036,10.));
#7805=CARTESIAN_POINT('Ctrl Pts',(-72.4694602191448,12.6576924324036,10.5));
#7806=CARTESIAN_POINT('',(-74.4100539386272,8.27059507369995,10.));
#7807=CARTESIAN_POINT('Ctrl Pts',(-72.4694602191448,12.6576924324036,10.));
#7808=CARTESIAN_POINT('Ctrl Pts',(-72.774011879437,11.7682621946628,10.));
#7809=CARTESIAN_POINT('Ctrl Pts',(-73.2944383906693,10.2483785888147,10.));
#7810=CARTESIAN_POINT('Ctrl Pts',(-74.0829686546733,8.85045780851474,10.));
#7811=CARTESIAN_POINT('Ctrl Pts',(-74.4100539386272,8.27059507369995,10.));
#7812=CARTESIAN_POINT('',(-74.4100539386272,8.27059507369995,10.5));
#7813=CARTESIAN_POINT('Ctrl Pts',(-74.4100539386272,8.27059507369995,10.5));
#7814=CARTESIAN_POINT('Ctrl Pts',(-74.0829686546733,8.85045780851474,10.5));
#7815=CARTESIAN_POINT('Ctrl Pts',(-73.2944383906693,10.2483785888147,10.5));
#7816=CARTESIAN_POINT('Ctrl Pts',(-72.774011879437,11.7682621946628,10.5));
#7817=CARTESIAN_POINT('Ctrl Pts',(-72.4694602191448,12.6576924324036,10.5));
#7818=CARTESIAN_POINT('',(-74.4100539386272,8.27059507369995,10.));
#7819=CARTESIAN_POINT('Ctrl Pts',(-77.1820251643658,5.94537973403931,10.));
#7820=CARTESIAN_POINT('Ctrl Pts',(-77.1820251643658,5.94537973403931,10.5));
#7821=CARTESIAN_POINT('Ctrl Pts',(-76.6115638938839,6.27326239670277,10.));
#7822=CARTESIAN_POINT('Ctrl Pts',(-76.6115638938839,6.27326239670277,10.5));
#7823=CARTESIAN_POINT('Ctrl Pts',(-75.5478070652265,6.88467536977285,10.));
#7824=CARTESIAN_POINT('Ctrl Pts',(-75.5478070652265,6.88467536977285,10.5));
#7825=CARTESIAN_POINT('Ctrl Pts',(-74.770509738572,7.83151669732897,10.));
#7826=CARTESIAN_POINT('Ctrl Pts',(-74.770509738572,7.83151669732897,10.5));
#7827=CARTESIAN_POINT('Ctrl Pts',(-74.4100539386272,8.27059507369995,10.));
#7828=CARTESIAN_POINT('Ctrl Pts',(-74.4100539386272,8.27059507369995,10.5));
#7829=CARTESIAN_POINT('',(-77.1820251643658,5.94537973403931,10.));
#7830=CARTESIAN_POINT('Ctrl Pts',(-74.4100539386272,8.27059507369995,10.));
#7831=CARTESIAN_POINT('Ctrl Pts',(-74.770509738572,7.83151669732897,10.));
#7832=CARTESIAN_POINT('Ctrl Pts',(-75.5478070652265,6.88467536977285,10.));
#7833=CARTESIAN_POINT('Ctrl Pts',(-76.6115638938839,6.27326239670277,10.));
#7834=CARTESIAN_POINT('Ctrl Pts',(-77.1820251643658,5.94537973403931,10.));
#7835=CARTESIAN_POINT('',(-77.1820251643658,5.94537973403931,10.5));
#7836=CARTESIAN_POINT('Ctrl Pts',(-77.1820251643658,5.94537973403931,10.5));
#7837=CARTESIAN_POINT('Ctrl Pts',(-76.6115638938839,6.27326239670277,10.5));
#7838=CARTESIAN_POINT('Ctrl Pts',(-75.5478070652265,6.88467536977285,10.5));
#7839=CARTESIAN_POINT('Ctrl Pts',(-74.770509738572,7.83151669732897,10.5));
#7840=CARTESIAN_POINT('Ctrl Pts',(-74.4100539386272,8.27059507369995,10.5));
#7841=CARTESIAN_POINT('',(-77.1820251643658,5.94537973403931,10.));
#7842=CARTESIAN_POINT('Ctrl Pts',(-81.2763135135174,4.94776010513306,10.));
#7843=CARTESIAN_POINT('Ctrl Pts',(-81.2763135135174,4.94776010513306,10.5));
#7844=CARTESIAN_POINT('Ctrl Pts',(-80.5540448210778,4.98726780244814,10.));
#7845=CARTESIAN_POINT('Ctrl Pts',(-80.5540448210778,4.98726780244814,10.5));
#7846=CARTESIAN_POINT('Ctrl Pts',(-79.1268669869104,5.06533363927218,10.));
#7847=CARTESIAN_POINT('Ctrl Pts',(-79.1268669869104,5.06533363927218,10.5));
#7848=CARTESIAN_POINT('Ctrl Pts',(-77.825027441208,5.65441949444462,10.));
#7849=CARTESIAN_POINT('Ctrl Pts',(-77.825027441208,5.65441949444462,10.5));
#7850=CARTESIAN_POINT('Ctrl Pts',(-77.1820251643658,5.94537973403931,10.));
#7851=CARTESIAN_POINT('Ctrl Pts',(-77.1820251643658,5.94537973403931,10.5));
#7852=CARTESIAN_POINT('',(-81.2763135135174,4.94776010513306,10.));
#7853=CARTESIAN_POINT('Ctrl Pts',(-77.1820251643658,5.94537973403931,10.));
#7854=CARTESIAN_POINT('Ctrl Pts',(-77.825027441208,5.65441949444462,10.));
#7855=CARTESIAN_POINT('Ctrl Pts',(-79.1268669869104,5.06533363927218,10.));
#7856=CARTESIAN_POINT('Ctrl Pts',(-80.5540448210778,4.98726780244814,10.));
#7857=CARTESIAN_POINT('Ctrl Pts',(-81.2763135135174,4.94776010513306,10.));
#7858=CARTESIAN_POINT('',(-81.2763135135174,4.94776010513306,10.5));
#7859=CARTESIAN_POINT('Ctrl Pts',(-81.2763135135174,4.94776010513306,10.5));
#7860=CARTESIAN_POINT('Ctrl Pts',(-80.5540448210778,4.98726780244814,10.5));
#7861=CARTESIAN_POINT('Ctrl Pts',(-79.1268669869104,5.06533363927218,10.5));
#7862=CARTESIAN_POINT('Ctrl Pts',(-77.825027441208,5.65441949444462,10.5));
#7863=CARTESIAN_POINT('Ctrl Pts',(-77.1820251643658,5.94537973403931,10.5));
#7864=CARTESIAN_POINT('',(-81.2763135135174,4.94776010513306,10.));
#7865=CARTESIAN_POINT('Ctrl Pts',(-84.7984199225903,5.79316377639771,10.));
#7866=CARTESIAN_POINT('Ctrl Pts',(-84.7984199225903,5.79316377639771,10.5));
#7867=CARTESIAN_POINT('Ctrl Pts',(-84.3095095215263,5.54741003300277,10.));
#7868=CARTESIAN_POINT('Ctrl Pts',(-84.3095095215263,5.54741003300277,10.5));
#7869=CARTESIAN_POINT('Ctrl Pts',(-83.2059345386317,4.99269145353889,10.));
#7870=CARTESIAN_POINT('Ctrl Pts',(-83.2059345386317,4.99269145353889,10.5));
#7871=CARTESIAN_POINT('Ctrl Pts',(-81.9665954304532,4.96383336351094,10.));
#7872=CARTESIAN_POINT('Ctrl Pts',(-81.9665954304532,4.96383336351094,10.5));
#7873=CARTESIAN_POINT('Ctrl Pts',(-81.2763135135174,4.94776010513306,10.));
#7874=CARTESIAN_POINT('Ctrl Pts',(-81.2763135135174,4.94776010513306,10.5));
#7875=CARTESIAN_POINT('',(-84.7984199225903,5.79316377639771,10.));
#7876=CARTESIAN_POINT('Ctrl Pts',(-81.2763135135174,4.94776010513306,10.));
#7877=CARTESIAN_POINT('Ctrl Pts',(-81.9665954304532,4.96383336351094,10.));
#7878=CARTESIAN_POINT('Ctrl Pts',(-83.2059345386317,4.99269145353889,10.));
#7879=CARTESIAN_POINT('Ctrl Pts',(-84.3095095215263,5.54741003300277,10.));
#7880=CARTESIAN_POINT('Ctrl Pts',(-84.7984199225903,5.79316377639771,10.));
#7881=CARTESIAN_POINT('',(-84.7984199225903,5.79316377639771,10.5));
#7882=CARTESIAN_POINT('Ctrl Pts',(-84.7984199225903,5.79316377639771,10.5));
#7883=CARTESIAN_POINT('Ctrl Pts',(-84.3095095215263,5.54741003300277,10.5));
#7884=CARTESIAN_POINT('Ctrl Pts',(-83.2059345386317,4.99269145353889,10.5));
#7885=CARTESIAN_POINT('Ctrl Pts',(-81.9665954304532,4.96383336351094,10.5));
#7886=CARTESIAN_POINT('Ctrl Pts',(-81.2763135135174,4.94776010513306,10.5));
#7887=CARTESIAN_POINT('',(-84.7984199225903,5.79316377639771,10.));
#7888=CARTESIAN_POINT('Ctrl Pts',(-86.0075084865093,8.13076734542847,10.));
#7889=CARTESIAN_POINT('Ctrl Pts',(-86.0075084865093,8.13076734542847,10.5));
#7890=CARTESIAN_POINT('Ctrl Pts',(-85.961419906397,7.66040978196481,10.));
#7891=CARTESIAN_POINT('Ctrl Pts',(-85.961419906397,7.66040978196481,10.5));
#7892=CARTESIAN_POINT('Ctrl Pts',(-85.8693043296341,6.72032314580362,10.));
#7893=CARTESIAN_POINT('Ctrl Pts',(-85.8693043296341,6.72032314580362,10.5));
#7894=CARTESIAN_POINT('Ctrl Pts',(-85.1552222594675,6.10207912476366,10.));
#7895=CARTESIAN_POINT('Ctrl Pts',(-85.1552222594675,6.10207912476366,10.5));
#7896=CARTESIAN_POINT('Ctrl Pts',(-84.7984199225903,5.79316377639771,10.));
#7897=CARTESIAN_POINT('Ctrl Pts',(-84.7984199225903,5.79316377639771,10.5));
#7898=CARTESIAN_POINT('',(-86.0075084865093,8.13076734542847,10.));
#7899=CARTESIAN_POINT('Ctrl Pts',(-84.7984199225903,5.79316377639771,10.));
#7900=CARTESIAN_POINT('Ctrl Pts',(-85.1552222594675,6.10207912476366,10.));
#7901=CARTESIAN_POINT('Ctrl Pts',(-85.8693043296341,6.72032314580362,10.));
#7902=CARTESIAN_POINT('Ctrl Pts',(-85.961419906397,7.66040978196481,10.));
#7903=CARTESIAN_POINT('Ctrl Pts',(-86.0075084865093,8.13076734542847,10.));
#7904=CARTESIAN_POINT('',(-86.0075084865093,8.13076734542847,10.5));
#7905=CARTESIAN_POINT('Ctrl Pts',(-86.0075084865093,8.13076734542847,10.5));
#7906=CARTESIAN_POINT('Ctrl Pts',(-85.961419906397,7.66040978196481,10.5));
#7907=CARTESIAN_POINT('Ctrl Pts',(-85.8693043296341,6.72032314580362,10.5));
#7908=CARTESIAN_POINT('Ctrl Pts',(-85.1552222594675,6.10207912476366,10.5));
#7909=CARTESIAN_POINT('Ctrl Pts',(-84.7984199225903,5.79316377639771,10.5));
#7910=CARTESIAN_POINT('',(-86.0075084865093,8.13076734542847,10.));
#7911=CARTESIAN_POINT('Ctrl Pts',(-85.0009588897228,12.5334239006042,10.));
#7912=CARTESIAN_POINT('Ctrl Pts',(-85.0009588897228,12.5334239006042,10.5));
#7913=CARTESIAN_POINT('Ctrl Pts',(-85.286629493779,11.6893824255389,10.));
#7914=CARTESIAN_POINT('Ctrl Pts',(-85.286629493779,11.6893824255389,10.5));
#7915=CARTESIAN_POINT('Ctrl Pts',(-85.7723851962458,10.2541701432461,10.));
#7916=CARTESIAN_POINT('Ctrl Pts',(-85.7723851962458,10.2541701432461,10.5));
#7917=CARTESIAN_POINT('Ctrl Pts',(-85.9389143366559,8.75024238573394,10.));
#7918=CARTESIAN_POINT('Ctrl Pts',(-85.9389143366559,8.75024238573394,10.5));
#7919=CARTESIAN_POINT('Ctrl Pts',(-86.0075084865093,8.13076734542847,10.));
#7920=CARTESIAN_POINT('Ctrl Pts',(-86.0075084865093,8.13076734542847,10.5));
#7921=CARTESIAN_POINT('',(-85.0009588897228,12.5334239006042,10.));
#7922=CARTESIAN_POINT('Ctrl Pts',(-86.0075084865093,8.13076734542847,10.));
#7923=CARTESIAN_POINT('Ctrl Pts',(-85.9389143366559,8.75024238573394,10.));
#7924=CARTESIAN_POINT('Ctrl Pts',(-85.7723851962458,10.2541701432461,10.));
#7925=CARTESIAN_POINT('Ctrl Pts',(-85.286629493779,11.6893824255389,10.));
#7926=CARTESIAN_POINT('Ctrl Pts',(-85.0009588897228,12.5334239006042,10.));
#7927=CARTESIAN_POINT('',(-85.0009588897228,12.5334239006042,10.5));
#7928=CARTESIAN_POINT('Ctrl Pts',(-85.0009588897228,12.5334239006042,10.5));
#7929=CARTESIAN_POINT('Ctrl Pts',(-85.286629493779,11.6893824255389,10.5));
#7930=CARTESIAN_POINT('Ctrl Pts',(-85.7723851962458,10.2541701432461,10.5));
#7931=CARTESIAN_POINT('Ctrl Pts',(-85.9389143366559,8.75024238573394,10.5));
#7932=CARTESIAN_POINT('Ctrl Pts',(-86.0075084865093,8.13076734542847,10.5));
#7933=CARTESIAN_POINT('',(-85.0009588897228,12.5334239006042,10.));
#7934=CARTESIAN_POINT('Origin',(-83.0619995296001,18.2339072227478,10.));
#7935=CARTESIAN_POINT('',(-83.0619995296001,18.2339072227478,10.));
#7936=CARTESIAN_POINT('',(-81.53480118262,22.7238253126323,10.));
#7937=CARTESIAN_POINT('',(-83.0619995296001,18.2339072227478,10.5));
#7938=CARTESIAN_POINT('',(-85.0009588897228,12.5334239006042,10.5));
#7939=CARTESIAN_POINT('',(-83.0619995296001,18.2339072227478,10.));
#7940=CARTESIAN_POINT('Ctrl Pts',(-81.8168012797832,21.458113193512,10.));
#7941=CARTESIAN_POINT('Ctrl Pts',(-81.8168012797832,21.458113193512,10.5));
#7942=CARTESIAN_POINT('Ctrl Pts',(-82.0120517169013,21.0107575018655,10.));
#7943=CARTESIAN_POINT('Ctrl Pts',(-82.0120517169013,21.0107575018655,10.5));
#7944=CARTESIAN_POINT('Ctrl Pts',(-82.4732516517288,19.9540611949206,10.));
#7945=CARTESIAN_POINT('Ctrl Pts',(-82.4732516517288,19.9540611949206,10.5));
#7946=CARTESIAN_POINT('Ctrl Pts',(-82.8466693713257,18.8630407466318,10.));
#7947=CARTESIAN_POINT('Ctrl Pts',(-82.8466693713257,18.8630407466318,10.5));
#7948=CARTESIAN_POINT('Ctrl Pts',(-83.0619995296001,18.2339072227478,10.));
#7949=CARTESIAN_POINT('Ctrl Pts',(-83.0619995296001,18.2339072227478,10.5));
#7950=CARTESIAN_POINT('',(-81.8168012797832,21.458113193512,10.));
#7951=CARTESIAN_POINT('Ctrl Pts',(-83.0619995296001,18.2339072227478,10.));
#7952=CARTESIAN_POINT('Ctrl Pts',(-82.8466693713257,18.8630407466318,10.));
#7953=CARTESIAN_POINT('Ctrl Pts',(-82.4732516517288,19.9540611949206,10.));
#7954=CARTESIAN_POINT('Ctrl Pts',(-82.0120517169013,21.0107575018655,10.));
#7955=CARTESIAN_POINT('Ctrl Pts',(-81.8168012797832,21.458113193512,10.));
#7956=CARTESIAN_POINT('',(-81.8168012797832,21.458113193512,10.5));
#7957=CARTESIAN_POINT('Ctrl Pts',(-81.8168012797832,21.458113193512,10.5));
#7958=CARTESIAN_POINT('Ctrl Pts',(-82.0120517169013,21.0107575018655,10.5));
#7959=CARTESIAN_POINT('Ctrl Pts',(-82.4732516517288,19.9540611949206,10.5));
#7960=CARTESIAN_POINT('Ctrl Pts',(-82.8466693713257,18.8630407466318,10.5));
#7961=CARTESIAN_POINT('Ctrl Pts',(-83.0619995296001,18.2339072227478,10.5));
#7962=CARTESIAN_POINT('',(-81.8168012797832,21.458113193512,10.));
#7963=CARTESIAN_POINT('Ctrl Pts',(-80.1937977969646,23.5716652870178,10.));
#7964=CARTESIAN_POINT('Ctrl Pts',(-80.1937977969646,23.5716652870178,10.5));
#7965=CARTESIAN_POINT('Ctrl Pts',(-80.5319652902778,23.2381638210752,10.));
#7966=CARTESIAN_POINT('Ctrl Pts',(-80.5319652902778,23.2381638210752,10.5));
#7967=CARTESIAN_POINT('Ctrl Pts',(-81.1709279790308,22.6080175249482,10.));
#7968=CARTESIAN_POINT('Ctrl Pts',(-81.1709279790308,22.6080175249482,10.5));
#7969=CARTESIAN_POINT('Ctrl Pts',(-81.6100718774584,21.8261715029228,10.));
#7970=CARTESIAN_POINT('Ctrl Pts',(-81.6100718774584,21.8261715029228,10.5));
#7971=CARTESIAN_POINT('Ctrl Pts',(-81.8168012797832,21.458113193512,10.));
#7972=CARTESIAN_POINT('Ctrl Pts',(-81.8168012797832,21.458113193512,10.5));
#7973=CARTESIAN_POINT('',(-80.1937977969646,23.5716652870178,10.));
#7974=CARTESIAN_POINT('Ctrl Pts',(-81.8168012797832,21.458113193512,10.));
#7975=CARTESIAN_POINT('Ctrl Pts',(-81.6100718774584,21.8261715029228,10.));
#7976=CARTESIAN_POINT('Ctrl Pts',(-81.1709279790308,22.6080175249482,10.));
#7977=CARTESIAN_POINT('Ctrl Pts',(-80.5319652902778,23.2381638210752,10.));
#7978=CARTESIAN_POINT('Ctrl Pts',(-80.1937977969646,23.5716652870178,10.));
#7979=CARTESIAN_POINT('',(-80.1937977969646,23.5716652870178,10.5));
#7980=CARTESIAN_POINT('Ctrl Pts',(-80.1937977969646,23.5716652870178,10.5));
#7981=CARTESIAN_POINT('Ctrl Pts',(-80.5319652902778,23.2381638210752,10.5));
#7982=CARTESIAN_POINT('Ctrl Pts',(-81.1709279790308,22.6080175249482,10.5));
#7983=CARTESIAN_POINT('Ctrl Pts',(-81.6100718774584,21.8261715029228,10.5));
#7984=CARTESIAN_POINT('Ctrl Pts',(-81.8168012797832,21.458113193512,10.5));
#7985=CARTESIAN_POINT('',(-80.1937977969646,23.5716652870178,10.));
#7986=CARTESIAN_POINT('Ctrl Pts',(-77.5619427859783,25.1861214637756,10.));
#7987=CARTESIAN_POINT('Ctrl Pts',(-77.5619427859783,25.1861214637756,10.5));
#7988=CARTESIAN_POINT('Ctrl Pts',(-78.0492678588073,24.9761494856581,10.));
#7989=CARTESIAN_POINT('Ctrl Pts',(-78.0492678588073,24.9761494856581,10.5));
#7990=CARTESIAN_POINT('Ctrl Pts',(-79.0045320720412,24.5645582754763,10.));
#7991=CARTESIAN_POINT('Ctrl Pts',(-79.0045320720412,24.5645582754763,10.5));
#7992=CARTESIAN_POINT('Ctrl Pts',(-79.8027756850431,23.8981214398546,10.));
#7993=CARTESIAN_POINT('Ctrl Pts',(-79.8027756850431,23.8981214398546,10.5));
#7994=CARTESIAN_POINT('Ctrl Pts',(-80.1937977969646,23.5716652870178,10.));
#7995=CARTESIAN_POINT('Ctrl Pts',(-80.1937977969646,23.5716652870178,10.5));
#7996=CARTESIAN_POINT('',(-77.5619427859783,25.1861214637756,10.));
#7997=CARTESIAN_POINT('Ctrl Pts',(-80.1937977969646,23.5716652870178,10.));
#7998=CARTESIAN_POINT('Ctrl Pts',(-79.8027756850431,23.8981214398546,10.));
#7999=CARTESIAN_POINT('Ctrl Pts',(-79.0045320720412,24.5645582754763,10.));
#8000=CARTESIAN_POINT('Ctrl Pts',(-78.0492678588073,24.9761494856581,10.));
#8001=CARTESIAN_POINT('Ctrl Pts',(-77.5619427859783,25.1861214637756,10.));
#8002=CARTESIAN_POINT('',(-77.5619427859783,25.1861214637756,10.5));
#8003=CARTESIAN_POINT('Ctrl Pts',(-77.5619427859783,25.1861214637756,10.5));
#8004=CARTESIAN_POINT('Ctrl Pts',(-78.0492678588073,24.9761494856581,10.5));
#8005=CARTESIAN_POINT('Ctrl Pts',(-79.0045320720412,24.5645582754763,10.5));
#8006=CARTESIAN_POINT('Ctrl Pts',(-79.8027756850431,23.8981214398546,10.5));
#8007=CARTESIAN_POINT('Ctrl Pts',(-80.1937977969646,23.5716652870178,10.5));
#8008=CARTESIAN_POINT('',(-77.5619427859783,25.1861214637756,10.));
#8009=CARTESIAN_POINT('Ctrl Pts',(-74.3381230533123,25.7713627815247,10.));
#8010=CARTESIAN_POINT('Ctrl Pts',(-74.3381230533123,25.7713627815247,10.5));
#8011=CARTESIAN_POINT('Ctrl Pts',(-74.8943198165531,25.7479364450648,10.));
#8012=CARTESIAN_POINT('Ctrl Pts',(-74.8943198165531,25.7479364450648,10.5));
#8013=CARTESIAN_POINT('Ctrl Pts',(-75.9960541978889,25.7015327224754,10.));
#8014=CARTESIAN_POINT('Ctrl Pts',(-75.9960541978889,25.7015327224754,10.5));
#8015=CARTESIAN_POINT('Ctrl Pts',(-77.0433574334418,25.3568135112988,10.));
#8016=CARTESIAN_POINT('Ctrl Pts',(-77.0433574334418,25.3568135112988,10.5));
#8017=CARTESIAN_POINT('Ctrl Pts',(-77.5619427859783,25.1861214637756,10.));
#8018=CARTESIAN_POINT('Ctrl Pts',(-77.5619427859783,25.1861214637756,10.5));
#8019=CARTESIAN_POINT('',(-74.3381230533123,25.7713627815247,10.));
#8020=CARTESIAN_POINT('Ctrl Pts',(-77.5619427859783,25.1861214637756,10.));
#8021=CARTESIAN_POINT('Ctrl Pts',(-77.0433574334418,25.3568135112988,10.));
#8022=CARTESIAN_POINT('Ctrl Pts',(-75.9960541978889,25.7015327224754,10.));
#8023=CARTESIAN_POINT('Ctrl Pts',(-74.8943198165531,25.7479364450648,10.));
#8024=CARTESIAN_POINT('Ctrl Pts',(-74.3381230533123,25.7713627815247,10.));
#8025=CARTESIAN_POINT('',(-74.3381230533123,25.7713627815247,10.5));
#8026=CARTESIAN_POINT('Ctrl Pts',(-74.3381230533123,25.7713627815247,10.5));
#8027=CARTESIAN_POINT('Ctrl Pts',(-74.8943198165531,25.7479364450648,10.5));
#8028=CARTESIAN_POINT('Ctrl Pts',(-75.9960541978889,25.7015327224754,10.5));
#8029=CARTESIAN_POINT('Ctrl Pts',(-77.0433574334418,25.3568135112988,10.5));
#8030=CARTESIAN_POINT('Ctrl Pts',(-77.5619427859783,25.1861214637756,10.5));
#8031=CARTESIAN_POINT('',(-74.3381230533123,25.7713627815247,10.));
#8032=CARTESIAN_POINT('Ctrl Pts',(-70.8072750270367,24.8618054389954,10.));
#8033=CARTESIAN_POINT('Ctrl Pts',(-70.8072750270367,24.8618054389954,10.5));
#8034=CARTESIAN_POINT('Ctrl Pts',(-71.2945039337875,25.1262513257353,10.));
#8035=CARTESIAN_POINT('Ctrl Pts',(-71.2945039337875,25.1262513257353,10.5));
#8036=CARTESIAN_POINT('Ctrl Pts',(-72.3907251894068,25.7212308066094,10.));
#8037=CARTESIAN_POINT('Ctrl Pts',(-72.3907251894068,25.7212308066094,10.5));
#8038=CARTESIAN_POINT('Ctrl Pts',(-73.6426381028051,25.75345887255,10.));
#8039=CARTESIAN_POINT('Ctrl Pts',(-73.6426381028051,25.75345887255,10.5));
#8040=CARTESIAN_POINT('Ctrl Pts',(-74.3381230533123,25.7713627815247,10.));
#8041=CARTESIAN_POINT('Ctrl Pts',(-74.3381230533123,25.7713627815247,10.5));
#8042=CARTESIAN_POINT('',(-70.8072750270367,24.8618054389954,10.));
#8043=CARTESIAN_POINT('Ctrl Pts',(-74.3381230533123,25.7713627815247,10.));
#8044=CARTESIAN_POINT('Ctrl Pts',(-73.6426381028051,25.75345887255,10.));
#8045=CARTESIAN_POINT('Ctrl Pts',(-72.3907251894068,25.7212308066094,10.));
#8046=CARTESIAN_POINT('Ctrl Pts',(-71.2945039337875,25.1262513257353,10.));
#8047=CARTESIAN_POINT('Ctrl Pts',(-70.8072750270367,24.8618054389954,10.));
#8048=CARTESIAN_POINT('',(-70.8072750270367,24.8618054389954,10.5));
#8049=CARTESIAN_POINT('Ctrl Pts',(-70.8072750270367,24.8618054389954,10.5));
#8050=CARTESIAN_POINT('Ctrl Pts',(-71.2945039337875,25.1262513257353,10.5));
#8051=CARTESIAN_POINT('Ctrl Pts',(-72.3907251894068,25.7212308066094,10.5));
#8052=CARTESIAN_POINT('Ctrl Pts',(-73.6426381028051,25.75345887255,10.5));
#8053=CARTESIAN_POINT('Ctrl Pts',(-74.3381230533123,25.7713627815247,10.5));
#8054=CARTESIAN_POINT('',(-70.8072750270367,24.8618054389954,10.));
#8055=CARTESIAN_POINT('Ctrl Pts',(-69.5696632564068,22.5945019721985,10.));
#8056=CARTESIAN_POINT('Ctrl Pts',(-69.5696632564068,22.5945019721985,10.5));
#8057=CARTESIAN_POINT('Ctrl Pts',(-69.6321993384901,23.0330860114003,10.));
#8058=CARTESIAN_POINT('Ctrl Pts',(-69.6321993384901,23.0330860114003,10.5));
#8059=CARTESIAN_POINT('Ctrl Pts',(-69.7615736297466,23.9404261794739,10.));
#8060=CARTESIAN_POINT('Ctrl Pts',(-69.7615736297466,23.9404261794739,10.5));
#8061=CARTESIAN_POINT('Ctrl Pts',(-70.451065261748,24.5479450094057,10.));
#8062=CARTESIAN_POINT('Ctrl Pts',(-70.451065261748,24.5479450094057,10.5));
#8063=CARTESIAN_POINT('Ctrl Pts',(-70.8072750270367,24.8618054389954,10.));
#8064=CARTESIAN_POINT('Ctrl Pts',(-70.8072750270367,24.8618054389954,10.5));
#8065=CARTESIAN_POINT('',(-69.5696632564068,22.5945019721985,10.));
#8066=CARTESIAN_POINT('Ctrl Pts',(-70.8072750270367,24.8618054389954,10.));
#8067=CARTESIAN_POINT('Ctrl Pts',(-70.451065261748,24.5479450094057,10.));
#8068=CARTESIAN_POINT('Ctrl Pts',(-69.7615736297466,23.9404261794739,10.));
#8069=CARTESIAN_POINT('Ctrl Pts',(-69.6321993384901,23.0330860114003,10.));
#8070=CARTESIAN_POINT('Ctrl Pts',(-69.5696632564068,22.5945019721985,10.));
#8071=CARTESIAN_POINT('',(-69.5696632564068,22.5945019721985,10.5));
#8072=CARTESIAN_POINT('Ctrl Pts',(-69.5696632564068,22.5945019721985,10.5));
#8073=CARTESIAN_POINT('Ctrl Pts',(-69.6321993384901,23.0330860114003,10.5));
#8074=CARTESIAN_POINT('Ctrl Pts',(-69.7615736297466,23.9404261794739,10.5));
#8075=CARTESIAN_POINT('Ctrl Pts',(-70.451065261748,24.5479450094057,10.5));
#8076=CARTESIAN_POINT('Ctrl Pts',(-70.8072750270367,24.8618054389954,10.5));
#8077=CARTESIAN_POINT('',(-69.5696632564068,22.5945019721985,10.));
#8078=CARTESIAN_POINT('Ctrl Pts',(-70.4932372272015,18.4680390357971,10.));
#8079=CARTESIAN_POINT('Ctrl Pts',(-70.4932372272015,18.4680390357971,10.5));
#8080=CARTESIAN_POINT('Ctrl Pts',(-70.2219217163543,19.2655552593838,10.));
#8081=CARTESIAN_POINT('Ctrl Pts',(-70.2219217163543,19.2655552593838,10.5));
#8082=CARTESIAN_POINT('Ctrl Pts',(-69.7645962324758,20.6098370209165,10.));
#8083=CARTESIAN_POINT('Ctrl Pts',(-69.7645962324758,20.6098370209165,10.5));
#8084=CARTESIAN_POINT('Ctrl Pts',(-69.6260249526759,22.0206684144502,10.));
#8085=CARTESIAN_POINT('Ctrl Pts',(-69.6260249526759,22.0206684144502,10.5));
#8086=CARTESIAN_POINT('Ctrl Pts',(-69.5696632564068,22.5945019721985,10.));
#8087=CARTESIAN_POINT('Ctrl Pts',(-69.5696632564068,22.5945019721985,10.5));
#8088=CARTESIAN_POINT('',(-70.4932372272015,18.4680390357971,10.));
#8089=CARTESIAN_POINT('Ctrl Pts',(-69.5696632564068,22.5945019721985,10.));
#8090=CARTESIAN_POINT('Ctrl Pts',(-69.6260249526759,22.0206684144502,10.));
#8091=CARTESIAN_POINT('Ctrl Pts',(-69.7645962324758,20.6098370209165,10.));
#8092=CARTESIAN_POINT('Ctrl Pts',(-70.2219217163543,19.2655552593838,10.));
#8093=CARTESIAN_POINT('Ctrl Pts',(-70.4932372272015,18.4680390357971,10.));
#8094=CARTESIAN_POINT('',(-70.4932372272015,18.4680390357971,10.5));
#8095=CARTESIAN_POINT('Ctrl Pts',(-70.4932372272015,18.4680390357971,10.5));
#8096=CARTESIAN_POINT('Ctrl Pts',(-70.2219217163543,19.2655552593838,10.5));
#8097=CARTESIAN_POINT('Ctrl Pts',(-69.7645962324758,20.6098370209165,10.5));
#8098=CARTESIAN_POINT('Ctrl Pts',(-69.6260249526759,22.0206684144502,10.5));
#8099=CARTESIAN_POINT('Ctrl Pts',(-69.5696632564068,22.5945019721985,10.5));
#8100=CARTESIAN_POINT('',(-70.4932372272015,18.4680390357971,10.));
#8101=CARTESIAN_POINT('Origin',(-71.2075512111187,16.367552280426,10.));
#8102=CARTESIAN_POINT('',(-70.0114341365122,19.884812378438,10.));
#8103=CARTESIAN_POINT('',(-70.4932372272015,18.4680390357971,10.5));
#8104=CARTESIAN_POINT('Origin',(0.013403445482254,0.208976268768311,10.5));
#8105=CARTESIAN_POINT('Ctrl Pts',(-40.2381674945354,20.512068271637,10.));
#8106=CARTESIAN_POINT('Ctrl Pts',(-40.2381674945354,20.512068271637,10.5));
#8107=CARTESIAN_POINT('Ctrl Pts',(-40.653084901464,19.0933999608686,10.));
#8108=CARTESIAN_POINT('Ctrl Pts',(-40.653084901464,19.0933999608686,10.5));
#8109=CARTESIAN_POINT('Ctrl Pts',(-41.3996761638553,16.5406862222682,10.));
#8110=CARTESIAN_POINT('Ctrl Pts',(-41.3996761638553,16.5406862222682,10.5));
#8111=CARTESIAN_POINT('Ctrl Pts',(-42.0115261985217,13.9525084890414,10.));
#8112=CARTESIAN_POINT('Ctrl Pts',(-42.0115261985217,13.9525084890414,10.5));
#8113=CARTESIAN_POINT('Ctrl Pts',(-42.283341139555,12.8027081489563,10.));
#8114=CARTESIAN_POINT('Ctrl Pts',(-42.283341139555,12.8027081489563,10.5));
#8115=CARTESIAN_POINT('',(-42.283341139555,12.8027081489563,10.));
#8116=CARTESIAN_POINT('',(-40.2381674945354,20.512068271637,10.));
#8117=CARTESIAN_POINT('Ctrl Pts',(-42.283341139555,12.8027081489563,10.));
#8118=CARTESIAN_POINT('Ctrl Pts',(-42.0115261985217,13.9525084890414,10.));
#8119=CARTESIAN_POINT('Ctrl Pts',(-41.3996761638553,16.5406862222682,10.));
#8120=CARTESIAN_POINT('Ctrl Pts',(-40.653084901464,19.0933999608686,10.));
#8121=CARTESIAN_POINT('Ctrl Pts',(-40.2381674945354,20.512068271637,10.));
#8122=CARTESIAN_POINT('',(-42.283341139555,12.8027081489563,10.5));
#8123=CARTESIAN_POINT('',(-42.283341139555,12.8027081489563,10.));
#8124=CARTESIAN_POINT('',(-40.2381674945354,20.512068271637,10.5));
#8125=CARTESIAN_POINT('Ctrl Pts',(-40.2381674945354,20.512068271637,10.5));
#8126=CARTESIAN_POINT('Ctrl Pts',(-40.653084901464,19.0933999608686,10.5));
#8127=CARTESIAN_POINT('Ctrl Pts',(-41.3996761638553,16.5406862222682,10.5));
#8128=CARTESIAN_POINT('Ctrl Pts',(-42.0115261985217,13.9525084890414,10.5));
#8129=CARTESIAN_POINT('Ctrl Pts',(-42.283341139555,12.8027081489563,10.5));
#8130=CARTESIAN_POINT('',(-40.2381674945354,20.512068271637,10.));
#8131=CARTESIAN_POINT('Ctrl Pts',(-43.5108678042889,12.8027081489563,10.));
#8132=CARTESIAN_POINT('Ctrl Pts',(-43.5108678042889,12.8027081489563,10.5));
#8133=CARTESIAN_POINT('Ctrl Pts',(-43.0736794091502,13.8288004743824,10.));
#8134=CARTESIAN_POINT('Ctrl Pts',(-43.0736794091502,13.8288004743824,10.5));
#8135=CARTESIAN_POINT('Ctrl Pts',(-41.9793820384632,16.3971443423384,10.));
#8136=CARTESIAN_POINT('Ctrl Pts',(-41.9793820384632,16.3971443423384,10.5));
#8137=CARTESIAN_POINT('Ctrl Pts',(-40.8914526145932,18.968192715029,10.));
#8138=CARTESIAN_POINT('Ctrl Pts',(-40.8914526145932,18.968192715029,10.5));
#8139=CARTESIAN_POINT('Ctrl Pts',(-40.2381674945354,20.512068271637,10.));
#8140=CARTESIAN_POINT('Ctrl Pts',(-40.2381674945354,20.512068271637,10.5));
#8141=CARTESIAN_POINT('',(-43.5108678042889,12.8027081489563,10.));
#8142=CARTESIAN_POINT('Ctrl Pts',(-40.2381674945354,20.512068271637,10.));
#8143=CARTESIAN_POINT('Ctrl Pts',(-40.8914526145932,18.968192715029,10.));
#8144=CARTESIAN_POINT('Ctrl Pts',(-41.9793820384632,16.3971443423384,10.));
#8145=CARTESIAN_POINT('Ctrl Pts',(-43.0736794091502,13.8288004743824,10.));
#8146=CARTESIAN_POINT('Ctrl Pts',(-43.5108678042889,12.8027081489563,10.));
#8147=CARTESIAN_POINT('',(-43.5108678042889,12.8027081489563,10.5));
#8148=CARTESIAN_POINT('Ctrl Pts',(-43.5108678042889,12.8027081489563,10.5));
#8149=CARTESIAN_POINT('Ctrl Pts',(-43.0736794091502,13.8288004743824,10.5));
#8150=CARTESIAN_POINT('Ctrl Pts',(-41.9793820384632,16.3971443423384,10.5));
#8151=CARTESIAN_POINT('Ctrl Pts',(-40.8914526145932,18.968192715029,10.5));
#8152=CARTESIAN_POINT('Ctrl Pts',(-40.2381674945354,20.512068271637,10.5));
#8153=CARTESIAN_POINT('',(-43.5108678042889,12.8027081489563,10.));
#8154=CARTESIAN_POINT('Origin',(-42.283341139555,12.8027081489563,10.));
#8155=CARTESIAN_POINT('',(-21.1416705697775,12.8027081489563,10.));
#8156=CARTESIAN_POINT('',(-43.5108678042889,12.8027081489563,10.5));
#8157=CARTESIAN_POINT('Origin',(-38.7154261767864,5.35341501235963,10.));
#8158=CARTESIAN_POINT('',(-34.852487295866,25.3534150123596,10.));
#8159=CARTESIAN_POINT('',(-38.7154261767864,5.35341501235962,10.));
#8160=CARTESIAN_POINT('',(-38.5176484466087,6.37739046873843,10.));
#8161=CARTESIAN_POINT('',(-34.852487295866,25.3534150123596,10.5));
#8162=CARTESIAN_POINT('',(-34.852487295866,25.3534150123596,10.));
#8163=CARTESIAN_POINT('',(-38.7154261767864,5.35341501235962,10.5));
#8164=CARTESIAN_POINT('',(-34.852487295866,25.3534150123596,10.5));
#8165=CARTESIAN_POINT('',(-38.7154261767864,5.35341501235962,10.));
#8166=CARTESIAN_POINT('Origin',(-44.3861405551434,5.35341501235962,10.));
#8167=CARTESIAN_POINT('',(-44.3861405551434,5.35341501235962,10.));
#8168=CARTESIAN_POINT('',(-22.1930702775717,5.35341501235962,10.));
#8169=CARTESIAN_POINT('',(-44.3861405551434,5.35341501235962,10.5));
#8170=CARTESIAN_POINT('',(-38.7154261767864,5.35341501235962,10.5));
#8171=CARTESIAN_POINT('',(-44.3861405551434,5.35341501235962,10.));
#8172=CARTESIAN_POINT('Origin',(-43.4663121402264,8.85679483413696,10.));
#8173=CARTESIAN_POINT('',(-43.4663121402264,8.85679483413696,10.));
#8174=CARTESIAN_POINT('',(-43.1524697619219,10.0521363103726,10.));
#8175=CARTESIAN_POINT('',(-43.4663121402264,8.85679483413696,10.5));
#8176=CARTESIAN_POINT('',(-44.3861405551434,5.35341501235962,10.5));
#8177=CARTESIAN_POINT('',(-43.4663121402264,8.85679483413696,10.));
#8178=CARTESIAN_POINT('Origin',(-44.8286692798138,8.85679483413696,10.));
#8179=CARTESIAN_POINT('',(-44.8286692798138,8.85679483413696,10.));
#8180=CARTESIAN_POINT('',(-22.4143346399069,8.85679483413696,10.));
#8181=CARTESIAN_POINT('',(-44.8286692798138,8.85679483413696,10.5));
#8182=CARTESIAN_POINT('',(-43.4663121402264,8.85679483413696,10.5));
#8183=CARTESIAN_POINT('',(-44.8286692798138,8.85679483413696,10.));
#8184=CARTESIAN_POINT('Origin',(-46.3133828341961,5.35341501235962,10.));
#8185=CARTESIAN_POINT('',(-46.3133828341961,5.35341501235962,10.));
#8186=CARTESIAN_POINT('',(-43.7492878911954,11.40373930415,10.));
#8187=CARTESIAN_POINT('',(-46.3133828341961,5.35341501235962,10.5));
#8188=CARTESIAN_POINT('',(-44.8286692798138,8.85679483413696,10.5));
#8189=CARTESIAN_POINT('',(-46.3133828341961,5.35341501235962,10.));
#8190=CARTESIAN_POINT('Origin',(-52.0405642688274,5.35341501235962,10.));
#8191=CARTESIAN_POINT('',(-52.0405642688274,5.35341501235962,10.));
#8192=CARTESIAN_POINT('',(-26.0202821344137,5.35341501235962,10.));
#8193=CARTESIAN_POINT('',(-52.0405642688274,5.35341501235962,10.5));
#8194=CARTESIAN_POINT('',(-46.3133828341961,5.35341501235962,10.5));
#8195=CARTESIAN_POINT('',(-52.0405642688274,5.35341501235962,10.));
#8196=CARTESIAN_POINT('Origin',(-42.6250378787518,25.3534150123596,10.));
#8197=CARTESIAN_POINT('',(-42.6250378787518,25.3534150123596,10.));
#8198=CARTESIAN_POINT('',(-43.6436707470858,23.1896849644938,10.));
#8199=CARTESIAN_POINT('',(-42.6250378787518,25.3534150123596,10.5));
#8200=CARTESIAN_POINT('',(-52.0405642688274,5.35341501235962,10.5));
#8201=CARTESIAN_POINT('',(-42.6250378787518,25.3534150123596,10.));
#8202=CARTESIAN_POINT('Origin',(-34.852487295866,25.3534150123596,10.));
#8203=CARTESIAN_POINT('',(-17.426243647933,25.3534150123596,10.));
#8204=CARTESIAN_POINT('',(-42.6250378787518,25.3534150123596,10.5));
#8205=CARTESIAN_POINT('Origin',(0.013403445482254,0.208976268768311,10.5));
#8206=CARTESIAN_POINT('Origin',(0.,0.,10.));
#8207=CARTESIAN_POINT('Origin',(-3.97664234042168,5.35341501235963,10.));
#8208=CARTESIAN_POINT('',(2.8259451687336,25.3534150123596,10.));
#8209=CARTESIAN_POINT('',(-3.97664234042168,5.35341501235962,10.));
#8210=CARTESIAN_POINT('',(-4.58649202373637,3.56042173592202,10.));
#8211=CARTESIAN_POINT('',(2.8259451687336,25.3534150123596,10.5));
#8212=CARTESIAN_POINT('',(2.8259451687336,25.3534150123596,10.));
#8213=CARTESIAN_POINT('',(-3.97664234042168,5.35341501235962,10.5));
#8214=CARTESIAN_POINT('',(2.8259451687336,25.3534150123596,10.5));
#8215=CARTESIAN_POINT('',(-3.97664234042168,5.35341501235962,10.));
#8216=CARTESIAN_POINT('Origin',(-9.55746814608574,5.35341501235962,10.));
#8217=CARTESIAN_POINT('',(-9.55746814608574,5.35341501235962,10.));
#8218=CARTESIAN_POINT('',(-4.77873407304287,5.35341501235962,10.));
#8219=CARTESIAN_POINT('',(-9.55746814608574,5.35341501235962,10.5));
#8220=CARTESIAN_POINT('',(-3.97664234042168,5.35341501235962,10.5));
#8221=CARTESIAN_POINT('',(-9.55746814608574,5.35341501235962,10.));
#8222=CARTESIAN_POINT('Origin',(-6.76859065890312,13.552553653717,10.));
#8223=CARTESIAN_POINT('',(-6.76859065890312,13.552553653717,10.));
#8224=CARTESIAN_POINT('',(-8.48352591966856,8.51074309423886,10.));
#8225=CARTESIAN_POINT('',(-6.76859065890312,13.552553653717,10.5));
#8226=CARTESIAN_POINT('',(-9.55746814608574,5.35341501235962,10.5));
#8227=CARTESIAN_POINT('',(-6.76859065890312,13.552553653717,10.));
#8228=CARTESIAN_POINT('Origin',(-7.78887912631035,13.552553653717,10.));
#8229=CARTESIAN_POINT('',(-7.78887912631035,13.552553653717,10.));
#8230=CARTESIAN_POINT('',(-3.89443956315517,13.552553653717,10.));
#8231=CARTESIAN_POINT('',(-7.78887912631035,13.552553653717,10.5));
#8232=CARTESIAN_POINT('',(-6.76859065890312,13.552553653717,10.5));
#8233=CARTESIAN_POINT('',(-7.78887912631035,13.552553653717,10.));
#8234=CARTESIAN_POINT('Origin',(-10.5777470767498,5.35341501235962,10.));
#8235=CARTESIAN_POINT('',(-10.5777470767498,5.35341501235962,10.));
#8236=CARTESIAN_POINT('',(-10.8453436033088,4.56669399860299,10.));
#8237=CARTESIAN_POINT('',(-10.5777470767498,5.35341501235962,10.5));
#8238=CARTESIAN_POINT('',(-7.78887912631035,13.552553653717,10.5));
#8239=CARTESIAN_POINT('',(-10.5777470767498,5.35341501235962,10.));
#8240=CARTESIAN_POINT('Origin',(-16.1585728824139,5.35341501235962,10.));
#8241=CARTESIAN_POINT('',(-16.1585728824139,5.35341501235962,10.));
#8242=CARTESIAN_POINT('',(-8.07928644120693,5.35341501235962,10.));
#8243=CARTESIAN_POINT('',(-16.1585728824139,5.35341501235962,10.5));
#8244=CARTESIAN_POINT('',(-10.5777470767498,5.35341501235962,10.5));
#8245=CARTESIAN_POINT('',(-16.1585728824139,5.35341501235962,10.));
#8246=CARTESIAN_POINT('Origin',(-9.35598537325859,25.3534150123596,10.));
#8247=CARTESIAN_POINT('',(-9.35598537325859,25.3534150123596,10.));
#8248=CARTESIAN_POINT('',(-12.7355440429496,15.4173174167239,10.));
#8249=CARTESIAN_POINT('',(-9.35598537325859,25.3534150123596,10.5));
#8250=CARTESIAN_POINT('',(-16.1585728824139,5.35341501235962,10.5));
#8251=CARTESIAN_POINT('',(-9.35598537325859,25.3534150123596,10.));
#8252=CARTESIAN_POINT('Origin',(-3.77515956759453,25.3534150123596,10.));
#8253=CARTESIAN_POINT('',(-3.77515956759453,25.3534150123596,10.));
#8254=CARTESIAN_POINT('',(-1.88757978379726,25.3534150123596,10.));
#8255=CARTESIAN_POINT('',(-3.77515956759453,25.3534150123596,10.5));
#8256=CARTESIAN_POINT('',(-9.35598537325859,25.3534150123596,10.5));
#8257=CARTESIAN_POINT('',(-3.77515956759453,25.3534150123596,10.));
#8258=CARTESIAN_POINT('Origin',(-6.14570781588554,18.3835339546204,10.));
#8259=CARTESIAN_POINT('',(-6.14570781588554,18.3835339546204,10.));
#8260=CARTESIAN_POINT('',(-8.62920670179978,11.0815556657038,10.));
#8261=CARTESIAN_POINT('',(-6.14570781588554,18.3835339546204,10.5));
#8262=CARTESIAN_POINT('',(-3.77515956759453,25.3534150123596,10.5));
#8263=CARTESIAN_POINT('',(-6.14570781588554,18.3835339546204,10.));
#8264=CARTESIAN_POINT('Origin',(-5.12541934847832,18.3835339546204,10.));
#8265=CARTESIAN_POINT('',(-5.12541934847832,18.3835339546204,10.));
#8266=CARTESIAN_POINT('',(-2.56270967423916,18.3835339546204,10.));
#8267=CARTESIAN_POINT('',(-5.12541934847832,18.3835339546204,10.5));
#8268=CARTESIAN_POINT('',(-6.14570781588554,18.3835339546204,10.5));
#8269=CARTESIAN_POINT('',(-5.12541934847832,18.3835339546204,10.));
#8270=CARTESIAN_POINT('Origin',(-2.75488063693047,25.3534150123596,10.));
#8271=CARTESIAN_POINT('',(-2.75488063693047,25.3534150123596,10.));
#8272=CARTESIAN_POINT('',(-6.47653524712127,14.4109698016338,10.));
#8273=CARTESIAN_POINT('',(-2.75488063693047,25.3534150123596,10.5));
#8274=CARTESIAN_POINT('',(-5.12541934847832,18.3835339546204,10.5));
#8275=CARTESIAN_POINT('',(-2.75488063693047,25.3534150123596,10.));
#8276=CARTESIAN_POINT('Origin',(2.8259451687336,25.3534150123596,10.));
#8277=CARTESIAN_POINT('',(1.4129725843668,25.3534150123596,10.));
#8278=CARTESIAN_POINT('',(-2.75488063693047,25.3534150123596,10.5));
#8279=CARTESIAN_POINT('Origin',(0.013403445482254,0.208976268768311,10.5));
#8280=CARTESIAN_POINT('Origin',(35.5364497005939,25.3534150123596,10.));
#8281=CARTESIAN_POINT('',(26.5628798305988,25.3534150123596,10.));
#8282=CARTESIAN_POINT('',(35.5364497005939,25.3534150123596,10.));
#8283=CARTESIAN_POINT('',(17.768224850297,25.3534150123596,10.));
#8284=CARTESIAN_POINT('',(26.5628798305988,25.3534150123596,10.5));
#8285=CARTESIAN_POINT('',(26.5628798305988,25.3534150123596,10.));
#8286=CARTESIAN_POINT('',(35.5364497005939,25.3534150123596,10.5));
#8287=CARTESIAN_POINT('',(26.5628798305988,25.3534150123596,10.5));
#8288=CARTESIAN_POINT('',(35.5364497005939,25.3534150123596,10.));
#8289=CARTESIAN_POINT('Origin',(34.039638787508,20.9526753425598,10.));
#8290=CARTESIAN_POINT('',(34.039638787508,20.9526753425598,10.));
#8291=CARTESIAN_POINT('',(29.0810331207481,6.37399177349405,10.));
#8292=CARTESIAN_POINT('',(34.039638787508,20.9526753425598,10.5));
#8293=CARTESIAN_POINT('',(35.5364497005939,25.3534150123596,10.5));
#8294=CARTESIAN_POINT('',(34.039638787508,20.9526753425598,10.));
#8295=CARTESIAN_POINT('Origin',(30.646894723177,20.9526753425598,10.));
#8296=CARTESIAN_POINT('',(30.646894723177,20.9526753425598,10.));
#8297=CARTESIAN_POINT('',(15.3234473615885,20.9526753425598,10.));
#8298=CARTESIAN_POINT('',(30.646894723177,20.9526753425598,10.5));
#8299=CARTESIAN_POINT('',(34.039638787508,20.9526753425598,10.5));
#8300=CARTESIAN_POINT('',(30.646894723177,20.9526753425598,10.));
#8301=CARTESIAN_POINT('Origin',(29.5557387173176,17.7443194389343,10.));
#8302=CARTESIAN_POINT('',(29.5557387173176,17.7443194389343,10.));
#8303=CARTESIAN_POINT('',(25.3190670253072,5.28711757064674,10.));
#8304=CARTESIAN_POINT('',(29.5557387173176,17.7443194389343,10.5));
#8305=CARTESIAN_POINT('',(30.646894723177,20.9526753425598,10.5));
#8306=CARTESIAN_POINT('',(29.5557387173176,17.7443194389343,10.));
#8307=CARTESIAN_POINT('Origin',(32.7272208034992,17.7443194389343,10.));
#8308=CARTESIAN_POINT('',(32.7272208034992,17.7443194389343,10.));
#8309=CARTESIAN_POINT('',(16.3636104017496,17.7443194389343,10.));
#8310=CARTESIAN_POINT('',(32.7272208034992,17.7443194389343,10.5));
#8311=CARTESIAN_POINT('',(29.5557387173176,17.7443194389343,10.5));
#8312=CARTESIAN_POINT('',(32.7272208034992,17.7443194389343,10.));
#8313=CARTESIAN_POINT('Origin',(31.297243386507,13.5402607917786,10.));
#8314=CARTESIAN_POINT('',(31.297243386507,13.5402607917786,10.));
#8315=CARTESIAN_POINT('',(27.6104888013643,2.7013955695489,10.));
#8316=CARTESIAN_POINT('',(31.297243386507,13.5402607917786,10.5));
#8317=CARTESIAN_POINT('',(32.7272208034992,17.7443194389343,10.5));
#8318=CARTESIAN_POINT('',(31.297243386507,13.5402607917786,10.));
#8319=CARTESIAN_POINT('Origin',(28.1257613003254,13.5402607917786,10.));
#8320=CARTESIAN_POINT('',(28.1257613003254,13.5402607917786,10.));
#8321=CARTESIAN_POINT('',(14.0628806501627,13.5402607917786,10.));
#8322=CARTESIAN_POINT('',(28.1257613003254,13.5402607917786,10.5));
#8323=CARTESIAN_POINT('',(31.297243386507,13.5402607917786,10.5));
#8324=CARTESIAN_POINT('',(28.1257613003254,13.5402607917786,10.));
#8325=CARTESIAN_POINT('Origin',(26.8379290401936,9.75415468215942,10.));
#8326=CARTESIAN_POINT('',(26.8379290401936,9.75415468215942,10.));
#8327=CARTESIAN_POINT('',(23.9594706418643,1.29175684854474,10.));
#8328=CARTESIAN_POINT('',(26.8379290401936,9.75415468215942,10.5));
#8329=CARTESIAN_POINT('',(28.1257613003254,13.5402607917786,10.5));
#8330=CARTESIAN_POINT('',(26.8379290401936,9.75415468215942,10.));
#8331=CARTESIAN_POINT('Origin',(30.5625708401203,9.75415468215942,10.));
#8332=CARTESIAN_POINT('',(30.5625708401203,9.75415468215942,10.));
#8333=CARTESIAN_POINT('',(15.2812854200602,9.75415468215942,10.));
#8334=CARTESIAN_POINT('',(30.5625708401203,9.75415468215942,10.5));
#8335=CARTESIAN_POINT('',(26.8379290401936,9.75415468215942,10.5));
#8336=CARTESIAN_POINT('',(30.5625708401203,9.75415468215942,10.));
#8337=CARTESIAN_POINT('Origin',(29.0657599270344,5.35341501235962,10.));
#8338=CARTESIAN_POINT('',(29.0657599270344,5.35341501235962,10.));
#8339=CARTESIAN_POINT('',(26.7428149728664,-1.47622253316864,10.));
#8340=CARTESIAN_POINT('',(29.0657599270344,5.35341501235962,10.5));
#8341=CARTESIAN_POINT('',(30.5625708401203,9.75415468215942,10.5));
#8342=CARTESIAN_POINT('',(29.0657599270344,5.35341501235962,10.));
#8343=CARTESIAN_POINT('Origin',(19.7602923214436,5.35341501235962,10.));
#8344=CARTESIAN_POINT('',(19.7602923214436,5.35341501235962,10.));
#8345=CARTESIAN_POINT('',(9.88014616072178,5.35341501235962,10.));
#8346=CARTESIAN_POINT('',(19.7602923214436,5.35341501235962,10.5));
#8347=CARTESIAN_POINT('',(29.0657599270344,5.35341501235962,10.5));
#8348=CARTESIAN_POINT('',(19.7602923214436,5.35341501235962,10.));
#8349=CARTESIAN_POINT('Origin',(26.5628798305988,25.3534150123596,10.));
#8350=CARTESIAN_POINT('',(21.3210705040326,9.94219297512286,10.));
#8351=CARTESIAN_POINT('',(19.7602923214436,5.35341501235962,10.5));
#8352=CARTESIAN_POINT('Origin',(0.013403445482254,0.208976268768311,10.5));
#8353=CARTESIAN_POINT('Origin',(45.8266718685627,-25.353410243988,10.));
#8354=CARTESIAN_POINT('',(52.629259377718,-5.35341024398804,10.));
#8355=CARTESIAN_POINT('',(45.8266718685627,-25.353410243988,10.));
#8356=CARTESIAN_POINT('',(47.3153694098596,-20.9765535279419,10.));
#8357=CARTESIAN_POINT('',(52.629259377718,-5.35341024398804,10.5));
#8358=CARTESIAN_POINT('',(52.629259377718,-5.35341024398804,10.));
#8359=CARTESIAN_POINT('',(45.8266718685627,-25.353410243988,10.5));
#8360=CARTESIAN_POINT('',(52.629259377718,-5.35341024398804,10.5));
#8361=CARTESIAN_POINT('',(45.8266718685627,-25.353410243988,10.));
#8362=CARTESIAN_POINT('Origin',(40.4548247158527,-25.353410243988,10.));
#8363=CARTESIAN_POINT('',(40.4548247158527,-25.353410243988,10.));
#8364=CARTESIAN_POINT('',(20.2274123579264,-25.353410243988,10.));
#8365=CARTESIAN_POINT('',(40.4548247158527,-25.353410243988,10.5));
#8366=CARTESIAN_POINT('',(45.8266718685627,-25.353410243988,10.5));
#8367=CARTESIAN_POINT('',(40.4548247158527,-25.353410243988,10.));
#8368=CARTESIAN_POINT('Origin',(44.0963061153889,-14.6471667289734,10.));
#8369=CARTESIAN_POINT('',(44.0963061153889,-14.6471667289734,10.));
#8370=CARTESIAN_POINT('',(44.0427769935292,-14.8045465837345,10.));
#8371=CARTESIAN_POINT('',(44.0963061153889,-14.6471667289734,10.5));
#8372=CARTESIAN_POINT('',(40.4548247158527,-25.353410243988,10.5));
#8373=CARTESIAN_POINT('',(44.0963061153889,-14.6471667289734,10.));
#8374=CARTESIAN_POINT('Ctrl Pts',(44.8933012783527,-12.0299029350281,10.));
#8375=CARTESIAN_POINT('Ctrl Pts',(44.8933012783527,-12.0299029350281,10.5));
#8376=CARTESIAN_POINT('Ctrl Pts',(44.8230164104439,-12.3143572132177,10.));
#8377=CARTESIAN_POINT('Ctrl Pts',(44.8230164104439,-12.3143572132177,10.5));
#8378=CARTESIAN_POINT('Ctrl Pts',(44.6040798903984,-13.2004288760347,10.));
#8379=CARTESIAN_POINT('Ctrl Pts',(44.6040798903984,-13.2004288760347,10.5));
#8380=CARTESIAN_POINT('Ctrl Pts',(44.3016484421529,-14.0621098954761,10.));
#8381=CARTESIAN_POINT('Ctrl Pts',(44.3016484421529,-14.0621098954761,10.5));
#8382=CARTESIAN_POINT('Ctrl Pts',(44.0963061153889,-14.6471667289734,10.));
#8383=CARTESIAN_POINT('Ctrl Pts',(44.0963061153889,-14.6471667289734,10.5));
#8384=CARTESIAN_POINT('',(44.8933012783527,-12.0299029350281,10.));
#8385=CARTESIAN_POINT('Ctrl Pts',(44.0963061153889,-14.6471667289734,10.));
#8386=CARTESIAN_POINT('Ctrl Pts',(44.3016484421529,-14.0621098954761,10.));
#8387=CARTESIAN_POINT('Ctrl Pts',(44.6040798903984,-13.2004288760347,10.));
#8388=CARTESIAN_POINT('Ctrl Pts',(44.8230164104439,-12.3143572132177,10.));
#8389=CARTESIAN_POINT('Ctrl Pts',(44.8933012783527,-12.0299029350281,10.));
#8390=CARTESIAN_POINT('',(44.8933012783527,-12.0299029350281,10.5));
#8391=CARTESIAN_POINT('Ctrl Pts',(44.8933012783527,-12.0299029350281,10.5));
#8392=CARTESIAN_POINT('Ctrl Pts',(44.8230164104439,-12.3143572132177,10.5));
#8393=CARTESIAN_POINT('Ctrl Pts',(44.6040798903984,-13.2004288760347,10.5));
#8394=CARTESIAN_POINT('Ctrl Pts',(44.3016484421529,-14.0621098954761,10.5));
#8395=CARTESIAN_POINT('Ctrl Pts',(44.0963061153889,-14.6471667289734,10.5));
#8396=CARTESIAN_POINT('',(44.8933012783527,-12.0299029350281,10.));
#8397=CARTESIAN_POINT('Ctrl Pts',(44.5898325741291,-11.4391875267029,10.));
#8398=CARTESIAN_POINT('Ctrl Pts',(44.5898325741291,-11.4391875267029,10.5));
#8399=CARTESIAN_POINT('Ctrl Pts',(44.6884625846141,-11.5131295406985,10.));
#8400=CARTESIAN_POINT('Ctrl Pts',(44.6884625846141,-11.5131295406985,10.5));
#8401=CARTESIAN_POINT('Ctrl Pts',(44.8854831243336,-11.6608340317935,10.));
#8402=CARTESIAN_POINT('Ctrl Pts',(44.8854831243336,-11.6608340317935,10.5));
#8403=CARTESIAN_POINT('Ctrl Pts',(44.8906973396638,-11.9069796984621,10.));
#8404=CARTESIAN_POINT('Ctrl Pts',(44.8906973396638,-11.9069796984621,10.5));
#8405=CARTESIAN_POINT('Ctrl Pts',(44.8933012783527,-12.0299029350281,10.));
#8406=CARTESIAN_POINT('Ctrl Pts',(44.8933012783527,-12.0299029350281,10.5));
#8407=CARTESIAN_POINT('',(44.5898325741291,-11.4391875267029,10.));
#8408=CARTESIAN_POINT('Ctrl Pts',(44.8933012783527,-12.0299029350281,10.));
#8409=CARTESIAN_POINT('Ctrl Pts',(44.8906973396638,-11.9069796984621,10.));
#8410=CARTESIAN_POINT('Ctrl Pts',(44.8854831243336,-11.6608340317935,10.));
#8411=CARTESIAN_POINT('Ctrl Pts',(44.6884625846141,-11.5131295406985,10.));
#8412=CARTESIAN_POINT('Ctrl Pts',(44.5898325741291,-11.4391875267029,10.));
#8413=CARTESIAN_POINT('',(44.5898325741291,-11.4391875267029,10.5));
#8414=CARTESIAN_POINT('Ctrl Pts',(44.5898325741291,-11.4391875267029,10.5));
#8415=CARTESIAN_POINT('Ctrl Pts',(44.6884625846141,-11.5131295406985,10.5));
#8416=CARTESIAN_POINT('Ctrl Pts',(44.8854831243336,-11.6608340317935,10.5));
#8417=CARTESIAN_POINT('Ctrl Pts',(44.8906973396638,-11.9069796984621,10.5));
#8418=CARTESIAN_POINT('Ctrl Pts',(44.8933012783527,-12.0299029350281,10.5));
#8419=CARTESIAN_POINT('',(44.5898325741291,-11.4391875267029,10.));
#8420=CARTESIAN_POINT('Ctrl Pts',(42.6152403652668,-11.2415480613708,10.));
#8421=CARTESIAN_POINT('Ctrl Pts',(42.6152403652668,-11.2415480613708,10.5));
#8422=CARTESIAN_POINT('Ctrl Pts',(43.0549028896892,-11.2322231408835,10.));
#8423=CARTESIAN_POINT('Ctrl Pts',(43.0549028896892,-11.2322231408835,10.5));
#8424=CARTESIAN_POINT('Ctrl Pts',(43.7234389329179,-11.2180439805054,10.));
#8425=CARTESIAN_POINT('Ctrl Pts',(43.7234389329179,-11.2180439805054,10.5));
#8426=CARTESIAN_POINT('Ctrl Pts',(44.3688692930095,-11.3827875241614,10.));
#8427=CARTESIAN_POINT('Ctrl Pts',(44.3688692930095,-11.3827875241614,10.5));
#8428=CARTESIAN_POINT('Ctrl Pts',(44.5898325741291,-11.4391875267029,10.));
#8429=CARTESIAN_POINT('Ctrl Pts',(44.5898325741291,-11.4391875267029,10.5));
#8430=CARTESIAN_POINT('',(42.6152403652668,-11.2415480613708,10.));
#8431=CARTESIAN_POINT('Ctrl Pts',(44.5898325741291,-11.4391875267029,10.));
#8432=CARTESIAN_POINT('Ctrl Pts',(44.3688692930095,-11.3827875241614,10.));
#8433=CARTESIAN_POINT('Ctrl Pts',(43.7234389329179,-11.2180439805054,10.));
#8434=CARTESIAN_POINT('Ctrl Pts',(43.0549028896892,-11.2322231408835,10.));
#8435=CARTESIAN_POINT('Ctrl Pts',(42.6152403652668,-11.2415480613708,10.));
#8436=CARTESIAN_POINT('',(42.6152403652668,-11.2415480613708,10.5));
#8437=CARTESIAN_POINT('Ctrl Pts',(42.6152403652668,-11.2415480613708,10.5));
#8438=CARTESIAN_POINT('Ctrl Pts',(43.0549028896892,-11.2322231408835,10.5));
#8439=CARTESIAN_POINT('Ctrl Pts',(43.7234389329179,-11.2180439805054,10.5));
#8440=CARTESIAN_POINT('Ctrl Pts',(44.3688692930095,-11.3827875241614,10.5));
#8441=CARTESIAN_POINT('Ctrl Pts',(44.5898325741291,-11.4391875267029,10.5));
#8442=CARTESIAN_POINT('',(42.6152403652668,-11.2415480613708,10.));
#8443=CARTESIAN_POINT('Origin',(41.8865282833576,-11.2415480613708,10.));
#8444=CARTESIAN_POINT('',(41.8865282833576,-11.2415480613708,10.));
#8445=CARTESIAN_POINT('',(20.9432641416788,-11.2415480613708,10.));
#8446=CARTESIAN_POINT('',(41.8865282833576,-11.2415480613708,10.5));
#8447=CARTESIAN_POINT('',(42.6152403652668,-11.2415480613708,10.5));
#8448=CARTESIAN_POINT('',(41.8865282833576,-11.2415480613708,10.));
#8449=CARTESIAN_POINT('Origin',(42.8096182644367,-8.52777242660522,10.));
#8450=CARTESIAN_POINT('',(42.8096182644367,-8.52777242660522,10.));
#8451=CARTESIAN_POINT('',(41.8898243261338,-11.2318580844885,10.));
#8452=CARTESIAN_POINT('',(42.8096182644367,-8.52777242660522,10.5));
#8453=CARTESIAN_POINT('',(41.8865282833576,-11.2415480613708,10.5));
#8454=CARTESIAN_POINT('',(42.8096182644367,-8.52777242660522,10.));
#8455=CARTESIAN_POINT('Ctrl Pts',(49.3730814754963,-5.35341024398804,10.));
#8456=CARTESIAN_POINT('Ctrl Pts',(49.3730814754963,-5.35341024398804,10.5));
#8457=CARTESIAN_POINT('Ctrl Pts',(48.4163868257022,-6.08695376664398,10.));
#8458=CARTESIAN_POINT('Ctrl Pts',(48.4163868257022,-6.08695376664398,10.5));
#8459=CARTESIAN_POINT('Ctrl Pts',(46.4486215947915,-7.59573343793489,10.));
#8460=CARTESIAN_POINT('Ctrl Pts',(46.4486215947915,-7.59573343793489,10.5));
#8461=CARTESIAN_POINT('Ctrl Pts',(44.044761603674,-8.2114215897805,10.));
#8462=CARTESIAN_POINT('Ctrl Pts',(44.044761603674,-8.2114215897805,10.5));
#8463=CARTESIAN_POINT('Ctrl Pts',(42.8096182644367,-8.52777242660522,10.));
#8464=CARTESIAN_POINT('Ctrl Pts',(42.8096182644367,-8.52777242660522,10.5));
#8465=CARTESIAN_POINT('',(49.3730814754963,-5.35341024398804,10.));
#8466=CARTESIAN_POINT('Ctrl Pts',(42.8096182644367,-8.52777242660522,10.));
#8467=CARTESIAN_POINT('Ctrl Pts',(44.044761603674,-8.2114215897805,10.));
#8468=CARTESIAN_POINT('Ctrl Pts',(46.4486215947915,-7.59573343793489,10.));
#8469=CARTESIAN_POINT('Ctrl Pts',(48.4163868257022,-6.08695376664398,10.));
#8470=CARTESIAN_POINT('Ctrl Pts',(49.3730814754963,-5.35341024398804,10.));
#8471=CARTESIAN_POINT('',(49.3730814754963,-5.35341024398804,10.5));
#8472=CARTESIAN_POINT('Ctrl Pts',(49.3730814754963,-5.35341024398804,10.5));
#8473=CARTESIAN_POINT('Ctrl Pts',(48.4163868257022,-6.08695376664398,10.5));
#8474=CARTESIAN_POINT('Ctrl Pts',(46.4486215947915,-7.59573343793489,10.5));
#8475=CARTESIAN_POINT('Ctrl Pts',(44.044761603674,-8.2114215897805,10.5));
#8476=CARTESIAN_POINT('Ctrl Pts',(42.8096182644367,-8.52777242660522,10.5));
#8477=CARTESIAN_POINT('',(49.3730814754963,-5.35341024398804,10.));
#8478=CARTESIAN_POINT('Origin',(52.629259377718,-5.35341024398804,10.));
#8479=CARTESIAN_POINT('',(26.314629688859,-5.35341024398804,10.));
#8480=CARTESIAN_POINT('',(49.3730814754963,-5.35341024398804,10.5));
#8481=CARTESIAN_POINT('Origin',(0.013403445482254,0.208976268768311,10.5));
#8482=CARTESIAN_POINT('Origin',(86.0343153774738,25.3534150123596,10.));
#8483=CARTESIAN_POINT('',(77.0607359707355,25.3534150123596,10.));
#8484=CARTESIAN_POINT('',(86.0343153774738,25.3534150123596,10.));
#8485=CARTESIAN_POINT('',(43.0171576887369,25.3534150123596,10.));
#8486=CARTESIAN_POINT('',(77.0607359707355,25.3534150123596,10.5));
#8487=CARTESIAN_POINT('',(77.0607359707355,25.3534150123596,10.));
#8488=CARTESIAN_POINT('',(86.0343153774738,25.3534150123596,10.5));
#8489=CARTESIAN_POINT('',(77.0607359707355,25.3534150123596,10.5));
#8490=CARTESIAN_POINT('',(86.0343153774738,25.3534150123596,10.));
#8491=CARTESIAN_POINT('Origin',(84.5375044643879,20.9526753425598,10.));
#8492=CARTESIAN_POINT('',(84.5375044643879,20.9526753425598,10.));
#8493=CARTESIAN_POINT('',(76.9608159181499,-1.32337406330982,10.));
#8494=CARTESIAN_POINT('',(84.5375044643879,20.9526753425598,10.5));
#8495=CARTESIAN_POINT('',(86.0343153774738,25.3534150123596,10.5));
#8496=CARTESIAN_POINT('',(84.5375044643879,20.9526753425598,10.));
#8497=CARTESIAN_POINT('Origin',(81.1447508633137,20.9526753425598,10.));
#8498=CARTESIAN_POINT('',(81.1447508633137,20.9526753425598,10.));
#8499=CARTESIAN_POINT('',(40.5723754316568,20.9526753425598,10.));
#8500=CARTESIAN_POINT('',(81.1447508633137,20.9526753425598,10.5));
#8501=CARTESIAN_POINT('',(84.5375044643879,20.9526753425598,10.5));
#8502=CARTESIAN_POINT('',(81.1447508633137,20.9526753425598,10.));
#8503=CARTESIAN_POINT('Origin',(80.0535948574543,17.7443194389343,10.));
#8504=CARTESIAN_POINT('',(80.0535948574543,17.7443194389343,10.));
#8505=CARTESIAN_POINT('',(73.1992400979931,-2.40972768170707,10.));
#8506=CARTESIAN_POINT('',(80.0535948574543,17.7443194389343,10.5));
#8507=CARTESIAN_POINT('',(81.1447508633137,20.9526753425598,10.5));
#8508=CARTESIAN_POINT('',(80.0535948574543,17.7443194389343,10.));
#8509=CARTESIAN_POINT('Origin',(83.2250578701496,17.7443194389343,10.));
#8510=CARTESIAN_POINT('',(83.2250578701496,17.7443194389343,10.));
#8511=CARTESIAN_POINT('',(41.6125289350748,17.7443194389343,10.));
#8512=CARTESIAN_POINT('',(83.2250578701496,17.7443194389343,10.5));
#8513=CARTESIAN_POINT('',(80.0535948574543,17.7443194389343,10.5));
#8514=CARTESIAN_POINT('',(83.2250578701496,17.7443194389343,10.));
#8515=CARTESIAN_POINT('Origin',(81.7950804531574,13.5402607917786,10.));
#8516=CARTESIAN_POINT('',(81.7950804531574,13.5402607917786,10.));
#8517=CARTESIAN_POINT('',(75.4900375157934,-4.99623493643233,10.));
#8518=CARTESIAN_POINT('',(81.7950804531574,13.5402607917786,10.5));
#8519=CARTESIAN_POINT('',(83.2250578701496,17.7443194389343,10.5));
#8520=CARTESIAN_POINT('',(81.7950804531574,13.5402607917786,10.));
#8521=CARTESIAN_POINT('Origin',(78.6236174404621,13.5402607917786,10.));
#8522=CARTESIAN_POINT('',(78.6236174404621,13.5402607917786,10.));
#8523=CARTESIAN_POINT('',(39.3118087202311,13.5402607917786,10.));
#8524=CARTESIAN_POINT('',(78.6236174404621,13.5402607917786,10.5));
#8525=CARTESIAN_POINT('',(81.7950804531574,13.5402607917786,10.5));
#8526=CARTESIAN_POINT('',(78.6236174404621,13.5402607917786,10.));
#8527=CARTESIAN_POINT('Origin',(77.3357756435871,9.75415468215942,10.));
#8528=CARTESIAN_POINT('',(77.3357756435871,9.75415468215942,10.));
#8529=CARTESIAN_POINT('',(71.8389004557005,-6.40602336391117,10.));
#8530=CARTESIAN_POINT('',(77.3357756435871,9.75415468215942,10.5));
#8531=CARTESIAN_POINT('',(78.6236174404621,13.5402607917786,10.5));
#8532=CARTESIAN_POINT('',(77.3357756435871,9.75415468215942,10.));
#8533=CARTESIAN_POINT('Origin',(81.0604079067707,9.75415468215942,10.));
#8534=CARTESIAN_POINT('',(81.0604079067707,9.75415468215942,10.));
#8535=CARTESIAN_POINT('',(40.5302039533854,9.75415468215942,10.));
#8536=CARTESIAN_POINT('',(81.0604079067707,9.75415468215942,10.5));
#8537=CARTESIAN_POINT('',(77.3357756435871,9.75415468215942,10.5));
#8538=CARTESIAN_POINT('',(81.0604079067707,9.75415468215942,10.));
#8539=CARTESIAN_POINT('Origin',(79.5635969936848,5.35341501235962,10.));
#8540=CARTESIAN_POINT('',(79.5635969936848,5.35341501235962,10.));
#8541=CARTESIAN_POINT('',(74.622570643348,-9.17358400892873,10.));
#8542=CARTESIAN_POINT('',(79.5635969936848,5.35341501235962,10.5));
#8543=CARTESIAN_POINT('',(81.0604079067707,9.75415468215942,10.5));
#8544=CARTESIAN_POINT('',(79.5635969936848,5.35341501235962,10.));
#8545=CARTESIAN_POINT('Origin',(70.2581389248371,5.35341501235962,10.));
#8546=CARTESIAN_POINT('',(70.2581389248371,5.35341501235962,10.));
#8547=CARTESIAN_POINT('',(35.1290694624186,5.35341501235962,10.));
#8548=CARTESIAN_POINT('',(70.2581389248371,5.35341501235962,10.5));
#8549=CARTESIAN_POINT('',(79.5635969936848,5.35341501235962,10.5));
#8550=CARTESIAN_POINT('',(70.2581389248371,5.35341501235962,10.));
#8551=CARTESIAN_POINT('Origin',(77.0607359707355,25.3534150123596,10.));
#8552=CARTESIAN_POINT('',(69.2007988127145,2.24477839905276,10.));
#8553=CARTESIAN_POINT('',(70.2581389248371,5.35341501235962,10.5));
#8554=CARTESIAN_POINT('Origin',(0.013403445482254,0.208976268768311,10.5));
#8555=CARTESIAN_POINT('Ctrl Pts',(-20.9695737063885,-10.1947569847107,10.));
#8556=CARTESIAN_POINT('Ctrl Pts',(-20.9695737063885,-10.1947569847107,10.5));
#8557=CARTESIAN_POINT('Ctrl Pts',(-21.384491113317,-11.6134252954791,10.));
#8558=CARTESIAN_POINT('Ctrl Pts',(-21.384491113317,-11.6134252954791,10.5));
#8559=CARTESIAN_POINT('Ctrl Pts',(-22.1310823757083,-14.1661390340794,10.));
#8560=CARTESIAN_POINT('Ctrl Pts',(-22.1310823757083,-14.1661390340794,10.5));
#8561=CARTESIAN_POINT('Ctrl Pts',(-22.7429324103748,-16.7543167673063,10.));
#8562=CARTESIAN_POINT('Ctrl Pts',(-22.7429324103748,-16.7543167673063,10.5));
#8563=CARTESIAN_POINT('Ctrl Pts',(-23.014747351408,-17.9041171073914,10.));
#8564=CARTESIAN_POINT('Ctrl Pts',(-23.014747351408,-17.9041171073914,10.5));
#8565=CARTESIAN_POINT('',(-23.014747351408,-17.9041171073914,10.));
#8566=CARTESIAN_POINT('',(-20.9695737063885,-10.1947569847107,10.));
#8567=CARTESIAN_POINT('Ctrl Pts',(-23.014747351408,-17.9041171073914,10.));
#8568=CARTESIAN_POINT('Ctrl Pts',(-22.7429324103748,-16.7543167673063,10.));
#8569=CARTESIAN_POINT('Ctrl Pts',(-22.1310823757083,-14.1661390340794,10.));
#8570=CARTESIAN_POINT('Ctrl Pts',(-21.384491113317,-11.6134252954791,10.));
#8571=CARTESIAN_POINT('Ctrl Pts',(-20.9695737063885,-10.1947569847107,10.));
#8572=CARTESIAN_POINT('',(-23.014747351408,-17.9041171073914,10.5));
#8573=CARTESIAN_POINT('',(-23.014747351408,-17.9041171073914,10.));
#8574=CARTESIAN_POINT('',(-20.9695737063885,-10.1947569847107,10.5));
#8575=CARTESIAN_POINT('Ctrl Pts',(-20.9695737063885,-10.1947569847107,10.5));
#8576=CARTESIAN_POINT('Ctrl Pts',(-21.384491113317,-11.6134252954791,10.5));
#8577=CARTESIAN_POINT('Ctrl Pts',(-22.1310823757083,-14.1661390340794,10.5));
#8578=CARTESIAN_POINT('Ctrl Pts',(-22.7429324103748,-16.7543167673063,10.5));
#8579=CARTESIAN_POINT('Ctrl Pts',(-23.014747351408,-17.9041171073914,10.5));
#8580=CARTESIAN_POINT('',(-20.9695737063885,-10.1947569847107,10.));
#8581=CARTESIAN_POINT('Ctrl Pts',(-24.2422787845135,-17.9041171073914,10.));
#8582=CARTESIAN_POINT('Ctrl Pts',(-24.2422787845135,-17.9041171073914,10.5));
#8583=CARTESIAN_POINT('Ctrl Pts',(-23.8050905685384,-16.8780247060479,10.));
#8584=CARTESIAN_POINT('Ctrl Pts',(-23.8050905685384,-16.8780247060479,10.5));
#8585=CARTESIAN_POINT('Ctrl Pts',(-22.7107934032289,-14.3096800775644,10.));
#8586=CARTESIAN_POINT('Ctrl Pts',(-22.7107934032289,-14.3096800775644,10.5));
#8587=CARTESIAN_POINT('Ctrl Pts',(-21.6228608200879,-11.7386323700533,10.));
#8588=CARTESIAN_POINT('Ctrl Pts',(-21.6228608200879,-11.7386323700533,10.5));
#8589=CARTESIAN_POINT('Ctrl Pts',(-20.9695737063885,-10.1947569847107,10.));
#8590=CARTESIAN_POINT('Ctrl Pts',(-20.9695737063885,-10.1947569847107,10.5));
#8591=CARTESIAN_POINT('',(-24.2422787845135,-17.9041171073914,10.));
#8592=CARTESIAN_POINT('Ctrl Pts',(-20.9695737063885,-10.1947569847107,10.));
#8593=CARTESIAN_POINT('Ctrl Pts',(-21.6228608200879,-11.7386323700533,10.));
#8594=CARTESIAN_POINT('Ctrl Pts',(-22.7107934032289,-14.3096800775644,10.));
#8595=CARTESIAN_POINT('Ctrl Pts',(-23.8050905685384,-16.8780247060479,10.));
#8596=CARTESIAN_POINT('Ctrl Pts',(-24.2422787845135,-17.9041171073914,10.));
#8597=CARTESIAN_POINT('',(-24.2422787845135,-17.9041171073914,10.5));
#8598=CARTESIAN_POINT('Ctrl Pts',(-24.2422787845135,-17.9041171073914,10.5));
#8599=CARTESIAN_POINT('Ctrl Pts',(-23.8050905685384,-16.8780247060479,10.5));
#8600=CARTESIAN_POINT('Ctrl Pts',(-22.7107934032289,-14.3096800775644,10.5));
#8601=CARTESIAN_POINT('Ctrl Pts',(-21.6228608200879,-11.7386323700533,10.5));
#8602=CARTESIAN_POINT('Ctrl Pts',(-20.9695737063885,-10.1947569847107,10.5));
#8603=CARTESIAN_POINT('',(-24.2422787845135,-17.9041171073914,10.));
#8604=CARTESIAN_POINT('Origin',(-23.014747351408,-17.9041171073914,10.));
#8605=CARTESIAN_POINT('',(-11.507373675704,-17.9041171073914,10.));
#8606=CARTESIAN_POINT('',(-24.2422787845135,-17.9041171073914,10.5));
#8607=CARTESIAN_POINT('Origin',(-19.4468323886395,-25.353410243988,10.));
#8608=CARTESIAN_POINT('',(-15.5838982760906,-5.35341024398804,10.));
#8609=CARTESIAN_POINT('',(-19.4468323886395,-25.353410243988,10.));
#8610=CARTESIAN_POINT('',(-16.7367322430025,-11.3221062316669,10.));
#8611=CARTESIAN_POINT('',(-15.5838982760906,-5.35341024398804,10.5));
#8612=CARTESIAN_POINT('',(-15.5838982760906,-5.35341024398804,10.));
#8613=CARTESIAN_POINT('',(-19.4468323886395,-25.353410243988,10.5));
#8614=CARTESIAN_POINT('',(-15.5838982760906,-5.35341024398804,10.5));
#8615=CARTESIAN_POINT('',(-19.4468323886395,-25.353410243988,10.));
#8616=CARTESIAN_POINT('Origin',(-25.1175467669964,-25.353410243988,10.));
#8617=CARTESIAN_POINT('',(-25.1175467669964,-25.353410243988,10.));
#8618=CARTESIAN_POINT('',(-12.5587733834982,-25.353410243988,10.));
#8619=CARTESIAN_POINT('',(-25.1175467669964,-25.353410243988,10.5));
#8620=CARTESIAN_POINT('',(-19.4468323886395,-25.353410243988,10.5));
#8621=CARTESIAN_POINT('',(-25.1175467669964,-25.353410243988,10.));
#8622=CARTESIAN_POINT('Origin',(-24.1977135837078,-21.8500304222107,10.));
#8623=CARTESIAN_POINT('',(-24.1977135837078,-21.8500304222107,10.));
#8624=CARTESIAN_POINT('',(-20.7340158813086,-8.65780289684741,10.));
#8625=CARTESIAN_POINT('',(-24.1977135837078,-21.8500304222107,10.5));
#8626=CARTESIAN_POINT('',(-25.1175467669964,-25.353410243988,10.5));
#8627=CARTESIAN_POINT('',(-24.1977135837078,-21.8500304222107,10.));
#8628=CARTESIAN_POINT('Origin',(-25.5600754916668,-21.8500304222107,10.));
#8629=CARTESIAN_POINT('',(-25.5600754916668,-21.8500304222107,10.));
#8630=CARTESIAN_POINT('',(-12.7800377458334,-21.8500304222107,10.));
#8631=CARTESIAN_POINT('',(-25.5600754916668,-21.8500304222107,10.5));
#8632=CARTESIAN_POINT('',(-24.1977135837078,-21.8500304222107,10.5));
#8633=CARTESIAN_POINT('',(-25.5600754916668,-21.8500304222107,10.));
#8634=CARTESIAN_POINT('Origin',(-27.0447890460491,-25.353410243988,10.));
#8635=CARTESIAN_POINT('',(-27.0447890460491,-25.353410243988,10.));
#8636=CARTESIAN_POINT('',(-20.4315687547872,-9.74863418668707,10.));
#8637=CARTESIAN_POINT('',(-27.0447890460491,-25.353410243988,10.5));
#8638=CARTESIAN_POINT('',(-25.5600754916668,-21.8500304222107,10.5));
#8639=CARTESIAN_POINT('',(-27.0447890460491,-25.353410243988,10.));
#8640=CARTESIAN_POINT('Origin',(-32.7719704806805,-25.353410243988,10.));
#8641=CARTESIAN_POINT('',(-32.7719704806805,-25.353410243988,10.));
#8642=CARTESIAN_POINT('',(-16.3859852403402,-25.353410243988,10.));
#8643=CARTESIAN_POINT('',(-32.7719704806805,-25.353410243988,10.5));
#8644=CARTESIAN_POINT('',(-27.0447890460491,-25.353410243988,10.5));
#8645=CARTESIAN_POINT('',(-32.7719704806805,-25.353410243988,10.));
#8646=CARTESIAN_POINT('Origin',(-23.3564440906048,-5.35341024398804,10.));
#8647=CARTESIAN_POINT('',(-23.3564440906048,-5.35341024398804,10.));
#8648=CARTESIAN_POINT('',(-20.2062458613627,1.33808654277149,10.));
#8649=CARTESIAN_POINT('',(-23.3564440906048,-5.35341024398804,10.5));
#8650=CARTESIAN_POINT('',(-32.7719704806805,-25.353410243988,10.5));
#8651=CARTESIAN_POINT('',(-23.3564440906048,-5.35341024398804,10.));
#8652=CARTESIAN_POINT('Origin',(-15.5838982760906,-5.35341024398804,10.));
#8653=CARTESIAN_POINT('',(-7.79194913804531,-5.35341024398804,10.));
#8654=CARTESIAN_POINT('',(-23.3564440906048,-5.35341024398804,10.5));
#8655=CARTESIAN_POINT('Origin',(0.013403445482254,0.208976268768311,10.5));
#8656=CARTESIAN_POINT('Origin',(0.,0.,10.));
#8657=CARTESIAN_POINT('Origin',(17.0716841518879,-14.4105315208435,10.));
#8658=CARTESIAN_POINT('',(23.0595000088215,-5.35341024398804,10.));
#8659=CARTESIAN_POINT('',(17.0716841518879,-14.4105315208435,10.));
#8660=CARTESIAN_POINT('',(17.7903068363626,-13.3235487276017,10.));
#8661=CARTESIAN_POINT('',(23.0595000088215,-5.35341024398804,10.5));
#8662=CARTESIAN_POINT('',(23.0595000088215,-5.35341024398804,10.));
#8663=CARTESIAN_POINT('',(17.0716841518879,-14.4105315208435,10.5));
#8664=CARTESIAN_POINT('',(23.0595000088215,-5.35341024398804,10.5));
#8665=CARTESIAN_POINT('',(17.0716841518879,-14.4105315208435,10.));
#8666=CARTESIAN_POINT('Origin',(16.5396483242512,-25.353410243988,10.));
#8667=CARTESIAN_POINT('',(16.5396483242512,-25.353410243988,10.));
#8668=CARTESIAN_POINT('',(17.1350257498031,-13.1077256041904,10.));
#8669=CARTESIAN_POINT('',(16.5396483242512,-25.353410243988,10.5));
#8670=CARTESIAN_POINT('',(17.0716841518879,-14.4105315208435,10.5));
#8671=CARTESIAN_POINT('',(16.5396483242512,-25.353410243988,10.));
#8672=CARTESIAN_POINT('Origin',(10.8485777676105,-25.353410243988,10.));
#8673=CARTESIAN_POINT('',(10.8485777676105,-25.353410243988,10.));
#8674=CARTESIAN_POINT('',(5.42428888380527,-25.353410243988,10.));
#8675=CARTESIAN_POINT('',(10.8485777676105,-25.353410243988,10.5));
#8676=CARTESIAN_POINT('',(16.5396483242512,-25.353410243988,10.5));
#8677=CARTESIAN_POINT('',(10.8485777676105,-25.353410243988,10.));
#8678=CARTESIAN_POINT('Origin',(12.0760996639729,-16.991012096405,10.));
#8679=CARTESIAN_POINT('',(12.0760996639729,-16.991012096405,10.));
#8680=CARTESIAN_POINT('',(13.1694957521876,-9.54233566158331,10.));
#8681=CARTESIAN_POINT('',(12.0760996639729,-16.991012096405,10.5));
#8682=CARTESIAN_POINT('',(10.8485777676105,-25.353410243988,10.5));
#8683=CARTESIAN_POINT('',(12.0760996639729,-16.991012096405,10.));
#8684=CARTESIAN_POINT('Origin',(9.23171833157539,-25.353410243988,10.));
#8685=CARTESIAN_POINT('',(9.23171833157539,-25.353410243988,10.));
#8686=CARTESIAN_POINT('',(12.6177842078856,-15.3984753380612,10.));
#8687=CARTESIAN_POINT('',(9.23171833157539,-25.353410243988,10.5));
#8688=CARTESIAN_POINT('',(12.0760996639729,-16.991012096405,10.5));
#8689=CARTESIAN_POINT('',(9.23171833157539,-25.353410243988,10.));
#8690=CARTESIAN_POINT('Origin',(3.65089252591133,-25.353410243988,10.));
#8691=CARTESIAN_POINT('',(3.65089252591133,-25.353410243988,10.));
#8692=CARTESIAN_POINT('',(1.82544626295567,-25.353410243988,10.));
#8693=CARTESIAN_POINT('',(3.65089252591133,-25.353410243988,10.5));
#8694=CARTESIAN_POINT('',(9.23171833157539,-25.353410243988,10.5));
#8695=CARTESIAN_POINT('',(3.65089252591133,-25.353410243988,10.));
#8696=CARTESIAN_POINT('Origin',(10.4534800350666,-5.35341024398804,10.));
#8697=CARTESIAN_POINT('',(10.4534800350666,-5.35341024398804,10.));
#8698=CARTESIAN_POINT('',(10.7275306531742,-4.54768560541848,10.));
#8699=CARTESIAN_POINT('',(10.4534800350666,-5.35341024398804,10.5));
#8700=CARTESIAN_POINT('',(3.65089252591133,-25.353410243988,10.5));
#8701=CARTESIAN_POINT('',(10.4534800350666,-5.35341024398804,10.));
#8702=CARTESIAN_POINT('Origin',(16.0343058407307,-5.35341024398804,10.));
#8703=CARTESIAN_POINT('',(16.0343058407307,-5.35341024398804,10.));
#8704=CARTESIAN_POINT('',(8.01715292036533,-5.35341024398804,10.));
#8705=CARTESIAN_POINT('',(16.0343058407307,-5.35341024398804,10.5));
#8706=CARTESIAN_POINT('',(10.4534800350666,-5.35341024398804,10.5));
#8707=CARTESIAN_POINT('',(16.0343058407307,-5.35341024398804,10.));
#8708=CARTESIAN_POINT('Origin',(13.4565146267414,-12.9325461387634,10.));
#8709=CARTESIAN_POINT('',(13.4565146267414,-12.9325461387634,10.));
#8710=CARTESIAN_POINT('',(14.7301484345579,-9.18785042514785,10.));
#8711=CARTESIAN_POINT('',(13.4565146267414,-12.9325461387634,10.5));
#8712=CARTESIAN_POINT('',(16.0343058407307,-5.35341024398804,10.5));
#8713=CARTESIAN_POINT('',(13.4565146267414,-12.9325461387634,10.));
#8714=CARTESIAN_POINT('Origin',(17.8587897121906,-5.35341024398804,10.));
#8715=CARTESIAN_POINT('',(17.8587897121906,-5.35341024398804,10.));
#8716=CARTESIAN_POINT('',(16.7687242315989,-7.23011132496227,10.));
#8717=CARTESIAN_POINT('',(17.8587897121906,-5.35341024398804,10.5));
#8718=CARTESIAN_POINT('',(13.4565146267414,-12.9325461387634,10.5));
#8719=CARTESIAN_POINT('',(17.8587897121906,-5.35341024398804,10.));
#8720=CARTESIAN_POINT('Origin',(23.0595000088215,-5.35341024398804,10.));
#8721=CARTESIAN_POINT('',(11.5297500044107,-5.35341024398804,10.));
#8722=CARTESIAN_POINT('',(17.8587897121906,-5.35341024398804,10.5));
#8723=CARTESIAN_POINT('Origin',(0.013403445482254,0.208976268768311,10.5));
#8724=CARTESIAN_POINT('Origin',(34.552276879549,-19.0350317955017,10.));
#8725=CARTESIAN_POINT('',(35.8650858700275,-15.1751685142517,10.));
#8726=CARTESIAN_POINT('',(34.552276879549,-19.0350317955017,10.));
#8727=CARTESIAN_POINT('',(35.662425040464,-15.7710229761371,10.));
#8728=CARTESIAN_POINT('',(35.8650858700275,-15.1751685142517,10.5));
#8729=CARTESIAN_POINT('',(35.8650858700275,-15.1751685142517,10.));
#8730=CARTESIAN_POINT('',(34.552276879549,-19.0350317955017,10.5));
#8731=CARTESIAN_POINT('',(35.8650858700275,-15.1751685142517,10.5));
#8732=CARTESIAN_POINT('',(34.552276879549,-19.0350317955017,10.));
#8733=CARTESIAN_POINT('Origin',(27.643850594759,-19.0350317955017,10.));
#8734=CARTESIAN_POINT('',(27.643850594759,-19.0350317955017,10.));
#8735=CARTESIAN_POINT('',(13.8219252973795,-19.0350317955017,10.));
#8736=CARTESIAN_POINT('',(27.643850594759,-19.0350317955017,10.5));
#8737=CARTESIAN_POINT('',(34.552276879549,-19.0350317955017,10.5));
#8738=CARTESIAN_POINT('',(27.643850594759,-19.0350317955017,10.));
#8739=CARTESIAN_POINT('Origin',(28.9566595852375,-15.1751685142517,10.));
#8740=CARTESIAN_POINT('',(28.9566595852375,-15.1751685142517,10.));
#8741=CARTESIAN_POINT('',(29.7685562772924,-12.7880655521607,10.));
#8742=CARTESIAN_POINT('',(28.9566595852375,-15.1751685142517,10.5));
#8743=CARTESIAN_POINT('',(27.643850594759,-19.0350317955017,10.5));
#8744=CARTESIAN_POINT('',(28.9566595852375,-15.1751685142517,10.));
#8745=CARTESIAN_POINT('Origin',(35.8650858700275,-15.1751685142517,10.));
#8746=CARTESIAN_POINT('',(17.9325429350138,-15.1751685142517,10.));
#8747=CARTESIAN_POINT('',(28.9566595852375,-15.1751685142517,10.5));
#8748=CARTESIAN_POINT('Origin',(0.013403445482254,0.208976268768311,10.5));
#8749=CARTESIAN_POINT('Origin',(-4.5997254550457,-13.0362582206726,10.));
#8750=CARTESIAN_POINT('',(-3.29095050692558,-9.18868780136108,10.));
#8751=CARTESIAN_POINT('',(-4.5997254550457,-13.0362582206726,10.));
#8752=CARTESIAN_POINT('',(-2.37396885828238,-6.49292145021048,10.));
#8753=CARTESIAN_POINT('',(-3.29095050692558,-9.18868780136108,10.5));
#8754=CARTESIAN_POINT('',(-3.29095050692558,-9.18868780136108,10.));
#8755=CARTESIAN_POINT('',(-4.5997254550457,-13.0362582206726,10.5));
#8756=CARTESIAN_POINT('',(-3.29095050692558,-9.18868780136108,10.5));
#8757=CARTESIAN_POINT('',(-4.5997254550457,-13.0362582206726,10.));
#8758=CARTESIAN_POINT('Ctrl Pts',(-3.75393077731133,-12.8596568107605,10.));
#8759=CARTESIAN_POINT('Ctrl Pts',(-3.75393077731133,-12.8596568107605,10.5));
#8760=CARTESIAN_POINT('Ctrl Pts',(-3.87603371130703,-12.9110421002974,10.));
#8761=CARTESIAN_POINT('Ctrl Pts',(-3.87603371130703,-12.9110421002974,10.5));
#8762=CARTESIAN_POINT('Ctrl Pts',(-4.14586380662348,-13.024596272338,10.));
#8763=CARTESIAN_POINT('Ctrl Pts',(-4.14586380662348,-13.024596272338,10.5));
#8764=CARTESIAN_POINT('Ctrl Pts',(-4.43915419951601,-13.0321323517156,10.));
#8765=CARTESIAN_POINT('Ctrl Pts',(-4.43915419951601,-13.0321323517156,10.5));
#8766=CARTESIAN_POINT('Ctrl Pts',(-4.5997254550457,-13.0362582206726,10.));
#8767=CARTESIAN_POINT('Ctrl Pts',(-4.5997254550457,-13.0362582206726,10.5));
#8768=CARTESIAN_POINT('',(-3.75393077731133,-12.8596568107605,10.));
#8769=CARTESIAN_POINT('Ctrl Pts',(-4.5997254550457,-13.0362582206726,10.));
#8770=CARTESIAN_POINT('Ctrl Pts',(-4.43915419951601,-13.0321323517156,10.));
#8771=CARTESIAN_POINT('Ctrl Pts',(-4.14586380662348,-13.024596272338,10.));
#8772=CARTESIAN_POINT('Ctrl Pts',(-3.87603371130703,-12.9110421002974,10.));
#8773=CARTESIAN_POINT('Ctrl Pts',(-3.75393077731133,-12.8596568107605,10.));
#8774=CARTESIAN_POINT('',(-3.75393077731133,-12.8596568107605,10.5));
#8775=CARTESIAN_POINT('Ctrl Pts',(-3.75393077731133,-12.8596568107605,10.5));
#8776=CARTESIAN_POINT('Ctrl Pts',(-3.87603371130703,-12.9110421002974,10.5));
#8777=CARTESIAN_POINT('Ctrl Pts',(-4.14586380662348,-13.024596272338,10.5));
#8778=CARTESIAN_POINT('Ctrl Pts',(-4.43915419951601,-13.0321323517156,10.5));
#8779=CARTESIAN_POINT('Ctrl Pts',(-4.5997254550457,-13.0362582206726,10.5));
#8780=CARTESIAN_POINT('',(-3.75393077731133,-12.8596568107605,10.));
#8781=CARTESIAN_POINT('Ctrl Pts',(-3.03991481661797,-11.5223574638367,10.));
#8782=CARTESIAN_POINT('Ctrl Pts',(-3.03991481661797,-11.5223574638367,10.5));
#8783=CARTESIAN_POINT('Ctrl Pts',(-3.13914207281471,-11.8425986402793,10.));
#8784=CARTESIAN_POINT('Ctrl Pts',(-3.13914207281471,-11.8425986402793,10.5));
#8785=CARTESIAN_POINT('Ctrl Pts',(-3.29268098035463,-12.3381225745783,10.));
#8786=CARTESIAN_POINT('Ctrl Pts',(-3.29268098035463,-12.3381225745783,10.5));
#8787=CARTESIAN_POINT('Ctrl Pts',(-3.63340553894279,-12.7233791613221,10.));
#8788=CARTESIAN_POINT('Ctrl Pts',(-3.63340553894279,-12.7233791613221,10.5));
#8789=CARTESIAN_POINT('Ctrl Pts',(-3.75393077731133,-12.8596568107605,10.));
#8790=CARTESIAN_POINT('Ctrl Pts',(-3.75393077731133,-12.8596568107605,10.5));
#8791=CARTESIAN_POINT('',(-3.03991481661797,-11.5223574638367,10.));
#8792=CARTESIAN_POINT('Ctrl Pts',(-3.75393077731133,-12.8596568107605,10.));
#8793=CARTESIAN_POINT('Ctrl Pts',(-3.63340553894279,-12.7233791613221,10.));
#8794=CARTESIAN_POINT('Ctrl Pts',(-3.29268098035463,-12.3381225745783,10.));
#8795=CARTESIAN_POINT('Ctrl Pts',(-3.13914207281471,-11.8425986402793,10.));
#8796=CARTESIAN_POINT('Ctrl Pts',(-3.03991481661797,-11.5223574638367,10.));
#8797=CARTESIAN_POINT('',(-3.03991481661797,-11.5223574638367,10.5));
#8798=CARTESIAN_POINT('Ctrl Pts',(-3.03991481661797,-11.5223574638367,10.5));
#8799=CARTESIAN_POINT('Ctrl Pts',(-3.13914207281471,-11.8425986402793,10.5));
#8800=CARTESIAN_POINT('Ctrl Pts',(-3.29268098035463,-12.3381225745783,10.5));
#8801=CARTESIAN_POINT('Ctrl Pts',(-3.63340553894279,-12.7233791613221,10.5));
#8802=CARTESIAN_POINT('Ctrl Pts',(-3.75393077731133,-12.8596568107605,10.5));
#8803=CARTESIAN_POINT('',(-3.03991481661797,-11.5223574638367,10.));
#8804=CARTESIAN_POINT('Origin',(-2.67498180270195,-10.4494452476501,10.));
#8805=CARTESIAN_POINT('',(-2.67498180270195,-10.4494452476501,10.));
#8806=CARTESIAN_POINT('',(-0.94346545346061,-5.35874374138614,10.));
#8807=CARTESIAN_POINT('',(-2.67498180270195,-10.4494452476501,10.5));
#8808=CARTESIAN_POINT('',(-3.03991481661797,-11.5223574638367,10.5));
#8809=CARTESIAN_POINT('',(-2.67498180270195,-10.4494452476501,10.));
#8810=CARTESIAN_POINT('Ctrl Pts',(-2.57961437106133,-9.41244840621948,10.));
#8811=CARTESIAN_POINT('Ctrl Pts',(-2.57961437106133,-9.41244840621948,10.5));
#8812=CARTESIAN_POINT('Ctrl Pts',(-2.54813162691494,-9.53643986060714,10.));
#8813=CARTESIAN_POINT('Ctrl Pts',(-2.54813162691494,-9.53643986060714,10.5));
#8814=CARTESIAN_POINT('Ctrl Pts',(-2.45943238044564,-9.88577245123761,10.));
#8815=CARTESIAN_POINT('Ctrl Pts',(-2.45943238044564,-9.88577245123761,10.5));
#8816=CARTESIAN_POINT('Ctrl Pts',(-2.59046053531778,-10.228417797685,10.));
#8817=CARTESIAN_POINT('Ctrl Pts',(-2.59046053531778,-10.228417797685,10.5));
#8818=CARTESIAN_POINT('Ctrl Pts',(-2.67498180270195,-10.4494452476501,10.));
#8819=CARTESIAN_POINT('Ctrl Pts',(-2.67498180270195,-10.4494452476501,10.5));
#8820=CARTESIAN_POINT('',(-2.57961437106133,-9.41244840621948,10.));
#8821=CARTESIAN_POINT('Ctrl Pts',(-2.67498180270195,-10.4494452476501,10.));
#8822=CARTESIAN_POINT('Ctrl Pts',(-2.59046053531778,-10.228417797685,10.));
#8823=CARTESIAN_POINT('Ctrl Pts',(-2.45943238044564,-9.88577245123761,10.));
#8824=CARTESIAN_POINT('Ctrl Pts',(-2.54813162691494,-9.53643986060714,10.));
#8825=CARTESIAN_POINT('Ctrl Pts',(-2.57961437106133,-9.41244840621948,10.));
#8826=CARTESIAN_POINT('',(-2.57961437106133,-9.41244840621948,10.5));
#8827=CARTESIAN_POINT('Ctrl Pts',(-2.57961437106133,-9.41244840621948,10.5));
#8828=CARTESIAN_POINT('Ctrl Pts',(-2.54813162691494,-9.53643986060714,10.5));
#8829=CARTESIAN_POINT('Ctrl Pts',(-2.45943238044564,-9.88577245123761,10.5));
#8830=CARTESIAN_POINT('Ctrl Pts',(-2.59046053531778,-10.228417797685,10.5));
#8831=CARTESIAN_POINT('Ctrl Pts',(-2.67498180270195,-10.4494452476501,10.5));
#8832=CARTESIAN_POINT('',(-2.57961437106133,-9.41244840621948,10.));
#8833=CARTESIAN_POINT('Ctrl Pts',(-3.29095050692558,-9.18868780136108,10.));
#8834=CARTESIAN_POINT('Ctrl Pts',(-3.29095050692558,-9.18868780136108,10.5));
#8835=CARTESIAN_POINT('Ctrl Pts',(-3.13704217712703,-9.18971454245785,10.));
#8836=CARTESIAN_POINT('Ctrl Pts',(-3.13704217712703,-9.18971454245785,10.5));
#8837=CARTESIAN_POINT('Ctrl Pts',(-2.8739880002334,-9.19146940871133,10.));
#8838=CARTESIAN_POINT('Ctrl Pts',(-2.8739880002334,-9.19146940871133,10.5));
#8839=CARTESIAN_POINT('Ctrl Pts',(-2.66593800633173,-9.34764738978005,10.));
#8840=CARTESIAN_POINT('Ctrl Pts',(-2.66593800633173,-9.34764738978005,10.5));
#8841=CARTESIAN_POINT('Ctrl Pts',(-2.57961437106133,-9.41244840621948,10.));
#8842=CARTESIAN_POINT('Ctrl Pts',(-2.57961437106133,-9.41244840621948,10.5));
#8843=CARTESIAN_POINT('Ctrl Pts',(-2.57961437106133,-9.41244840621948,10.));
#8844=CARTESIAN_POINT('Ctrl Pts',(-2.66593800633173,-9.34764738978005,10.));
#8845=CARTESIAN_POINT('Ctrl Pts',(-2.8739880002334,-9.19146940871133,10.));
#8846=CARTESIAN_POINT('Ctrl Pts',(-3.13704217712703,-9.18971454245785,10.));
#8847=CARTESIAN_POINT('Ctrl Pts',(-3.29095050692558,-9.18868780136108,10.));
#8848=CARTESIAN_POINT('Ctrl Pts',(-3.29095050692558,-9.18868780136108,10.5));
#8849=CARTESIAN_POINT('Ctrl Pts',(-3.13704217712703,-9.18971454245785,10.5));
#8850=CARTESIAN_POINT('Ctrl Pts',(-2.8739880002334,-9.19146940871133,10.5));
#8851=CARTESIAN_POINT('Ctrl Pts',(-2.66593800633173,-9.34764738978005,10.5));
#8852=CARTESIAN_POINT('Ctrl Pts',(-2.57961437106133,-9.41244840621948,10.5));
#8853=CARTESIAN_POINT('Origin',(-3.72848674654961,-5.35341024398804,10.));
#8854=CARTESIAN_POINT('',(-7.56741687655449,-5.35341024398804,10.));
#8855=CARTESIAN_POINT('',(-3.72848674654961,-5.35341024398804,10.));
#8856=CARTESIAN_POINT('',(-1.8642433732748,-5.35341024398804,10.));
#8857=CARTESIAN_POINT('',(-7.56741687655449,-5.35341024398804,10.5));
#8858=CARTESIAN_POINT('',(-7.56741687655449,-5.35341024398804,10.));
#8859=CARTESIAN_POINT('',(-3.72848674654961,-5.35341024398804,10.5));
#8860=CARTESIAN_POINT('',(-7.56741687655449,-5.35341024398804,10.5));
#8861=CARTESIAN_POINT('',(-3.72848674654961,-5.35341024398804,10.));
#8862=CARTESIAN_POINT('Ctrl Pts',(1.12352207303047,-5.64583539962769,10.));
#8863=CARTESIAN_POINT('Ctrl Pts',(1.12352207303047,-5.64583539962769,10.5));
#8864=CARTESIAN_POINT('Ctrl Pts',(0.513041115621853,-5.56168121616057,10.));
#8865=CARTESIAN_POINT('Ctrl Pts',(0.513041115621853,-5.56168121616057,10.5));
#8866=CARTESIAN_POINT('Ctrl Pts',(-1.095380911423,-5.33996186404352,10.));
#8867=CARTESIAN_POINT('Ctrl Pts',(-1.095380911423,-5.33996186404352,10.5));
#8868=CARTESIAN_POINT('Ctrl Pts',(-2.72030624517672,-5.34826104175917,10.));
#8869=CARTESIAN_POINT('Ctrl Pts',(-2.72030624517672,-5.34826104175917,10.5));
#8870=CARTESIAN_POINT('Ctrl Pts',(-3.72848674654961,-5.35341024398804,10.));
#8871=CARTESIAN_POINT('Ctrl Pts',(-3.72848674654961,-5.35341024398804,10.5));
#8872=CARTESIAN_POINT('',(1.12352207303047,-5.64583539962769,10.));
#8873=CARTESIAN_POINT('Ctrl Pts',(-3.72848674654961,-5.35341024398804,10.));
#8874=CARTESIAN_POINT('Ctrl Pts',(-2.72030624517672,-5.34826104175917,10.));
#8875=CARTESIAN_POINT('Ctrl Pts',(-1.095380911423,-5.33996186404352,10.));
#8876=CARTESIAN_POINT('Ctrl Pts',(0.513041115621853,-5.56168121616057,10.));
#8877=CARTESIAN_POINT('Ctrl Pts',(1.12352207303047,-5.64583539962769,10.));
#8878=CARTESIAN_POINT('',(1.12352207303047,-5.64583539962769,10.5));
#8879=CARTESIAN_POINT('Ctrl Pts',(1.12352207303047,-5.64583539962769,10.5));
#8880=CARTESIAN_POINT('Ctrl Pts',(0.513041115621853,-5.56168121616057,10.5));
#8881=CARTESIAN_POINT('Ctrl Pts',(-1.095380911423,-5.33996186404352,10.5));
#8882=CARTESIAN_POINT('Ctrl Pts',(-2.72030624517672,-5.34826104175917,10.5));
#8883=CARTESIAN_POINT('Ctrl Pts',(-3.72848674654961,-5.35341024398804,10.5));
#8884=CARTESIAN_POINT('',(1.12352207303047,-5.64583539962769,10.));
#8885=CARTESIAN_POINT('Ctrl Pts',(2.80587986111641,-7.1509051322937,10.));
#8886=CARTESIAN_POINT('Ctrl Pts',(2.80587986111641,-7.1509051322937,10.5));
#8887=CARTESIAN_POINT('Ctrl Pts',(2.62631809783022,-6.78520210995156,10.));
#8888=CARTESIAN_POINT('Ctrl Pts',(2.62631809783022,-6.78520210995156,10.5));
#8889=CARTESIAN_POINT('Ctrl Pts',(2.26842311878068,-6.05629817670785,10.));
#8890=CARTESIAN_POINT('Ctrl Pts',(2.26842311878068,-6.05629817670785,10.5));
#8891=CARTESIAN_POINT('Ctrl Pts',(1.50428139750181,-5.782342856147,10.));
#8892=CARTESIAN_POINT('Ctrl Pts',(1.50428139750181,-5.782342856147,10.5));
#8893=CARTESIAN_POINT('Ctrl Pts',(1.12352207303047,-5.64583539962769,10.));
#8894=CARTESIAN_POINT('Ctrl Pts',(1.12352207303047,-5.64583539962769,10.5));
#8895=CARTESIAN_POINT('',(2.80587986111641,-7.1509051322937,10.));
#8896=CARTESIAN_POINT('Ctrl Pts',(1.12352207303047,-5.64583539962769,10.));
#8897=CARTESIAN_POINT('Ctrl Pts',(1.50428139750181,-5.782342856147,10.));
#8898=CARTESIAN_POINT('Ctrl Pts',(2.26842311878068,-6.05629817670785,10.));
#8899=CARTESIAN_POINT('Ctrl Pts',(2.62631809783022,-6.78520210995156,10.));
#8900=CARTESIAN_POINT('Ctrl Pts',(2.80587986111641,-7.1509051322937,10.));
#8901=CARTESIAN_POINT('',(2.80587986111641,-7.1509051322937,10.5));
#8902=CARTESIAN_POINT('Ctrl Pts',(2.80587986111641,-7.1509051322937,10.5));
#8903=CARTESIAN_POINT('Ctrl Pts',(2.62631809783022,-6.78520210995156,10.5));
#8904=CARTESIAN_POINT('Ctrl Pts',(2.26842311878068,-6.05629817670785,10.5));
#8905=CARTESIAN_POINT('Ctrl Pts',(1.50428139750181,-5.782342856147,10.5));
#8906=CARTESIAN_POINT('Ctrl Pts',(1.12352207303047,-5.64583539962769,10.5));
#8907=CARTESIAN_POINT('',(2.80587986111641,-7.1509051322937,10.));
#8908=CARTESIAN_POINT('Ctrl Pts',(2.37380817532539,-10.9292387962341,10.));
#8909=CARTESIAN_POINT('Ctrl Pts',(2.37380817532539,-10.9292387962341,10.5));
#8910=CARTESIAN_POINT('Ctrl Pts',(2.62579659735833,-10.1926785630049,10.));
#8911=CARTESIAN_POINT('Ctrl Pts',(2.62579659735833,-10.1926785630049,10.5));
#8912=CARTESIAN_POINT('Ctrl Pts',(3.04866790551053,-8.95662895863929,10.));
#8913=CARTESIAN_POINT('Ctrl Pts',(3.04866790551053,-8.95662895863929,10.5));
#8914=CARTESIAN_POINT('Ctrl Pts',(2.87575443571578,-7.67059375421383,10.));
#8915=CARTESIAN_POINT('Ctrl Pts',(2.87575443571578,-7.67059375421383,10.5));
#8916=CARTESIAN_POINT('Ctrl Pts',(2.80587986111641,-7.1509051322937,10.));
#8917=CARTESIAN_POINT('Ctrl Pts',(2.80587986111641,-7.1509051322937,10.5));
#8918=CARTESIAN_POINT('',(2.37380817532539,-10.9292387962341,10.));
#8919=CARTESIAN_POINT('Ctrl Pts',(2.80587986111641,-7.1509051322937,10.));
#8920=CARTESIAN_POINT('Ctrl Pts',(2.87575443571578,-7.67059375421383,10.));
#8921=CARTESIAN_POINT('Ctrl Pts',(3.04866790551053,-8.95662895863929,10.));
#8922=CARTESIAN_POINT('Ctrl Pts',(2.62579659735833,-10.1926785630049,10.));
#8923=CARTESIAN_POINT('Ctrl Pts',(2.37380817532539,-10.9292387962341,10.));
#8924=CARTESIAN_POINT('',(2.37380817532539,-10.9292387962341,10.5));
#8925=CARTESIAN_POINT('Ctrl Pts',(2.37380817532539,-10.9292387962341,10.5));
#8926=CARTESIAN_POINT('Ctrl Pts',(2.62579659735833,-10.1926785630049,10.5));
#8927=CARTESIAN_POINT('Ctrl Pts',(3.04866790551053,-8.95662895863929,10.5));
#8928=CARTESIAN_POINT('Ctrl Pts',(2.87575443571578,-7.67059375421383,10.5));
#8929=CARTESIAN_POINT('Ctrl Pts',(2.80587986111641,-7.1509051322937,10.5));
#8930=CARTESIAN_POINT('',(2.37380817532539,-10.9292387962341,10.));
#8931=CARTESIAN_POINT('Ctrl Pts',(0.654962807893753,-14.1462397575378,10.));
#8932=CARTESIAN_POINT('Ctrl Pts',(0.654962807893753,-14.1462397575378,10.5));
#8933=CARTESIAN_POINT('Ctrl Pts',(0.972098358101636,-13.7457021840891,10.));
#8934=CARTESIAN_POINT('Ctrl Pts',(0.972098358101636,-13.7457021840891,10.5));
#8935=CARTESIAN_POINT('Ctrl Pts',(1.73638915071979,-12.7804140627043,10.));
#8936=CARTESIAN_POINT('Ctrl Pts',(1.73638915071979,-12.7804140627043,10.5));
#8937=CARTESIAN_POINT('Ctrl Pts',(2.13853128289845,-11.6125236484587,10.));
#8938=CARTESIAN_POINT('Ctrl Pts',(2.13853128289845,-11.6125236484587,10.5));
#8939=CARTESIAN_POINT('Ctrl Pts',(2.37380817532539,-10.9292387962341,10.));
#8940=CARTESIAN_POINT('Ctrl Pts',(2.37380817532539,-10.9292387962341,10.5));
#8941=CARTESIAN_POINT('',(0.654962807893753,-14.1462397575378,10.));
#8942=CARTESIAN_POINT('Ctrl Pts',(2.37380817532539,-10.9292387962341,10.));
#8943=CARTESIAN_POINT('Ctrl Pts',(2.13853128289845,-11.6125236484587,10.));
#8944=CARTESIAN_POINT('Ctrl Pts',(1.73638915071979,-12.7804140627043,10.));
#8945=CARTESIAN_POINT('Ctrl Pts',(0.972098358101636,-13.7457021840891,10.));
#8946=CARTESIAN_POINT('Ctrl Pts',(0.654962807893753,-14.1462397575378,10.));
#8947=CARTESIAN_POINT('',(0.654962807893753,-14.1462397575378,10.5));
#8948=CARTESIAN_POINT('Ctrl Pts',(0.654962807893753,-14.1462397575378,10.5));
#8949=CARTESIAN_POINT('Ctrl Pts',(0.972098358101636,-13.7457021840891,10.5));
#8950=CARTESIAN_POINT('Ctrl Pts',(1.73638915071979,-12.7804140627043,10.5));
#8951=CARTESIAN_POINT('Ctrl Pts',(2.13853128289845,-11.6125236484587,10.5));
#8952=CARTESIAN_POINT('Ctrl Pts',(2.37380817532539,-10.9292387962341,10.5));
#8953=CARTESIAN_POINT('',(0.654962807893753,-14.1462397575378,10.));
#8954=CARTESIAN_POINT('Ctrl Pts',(-1.8214051425457,-15.042827129364,10.));
#8955=CARTESIAN_POINT('Ctrl Pts',(-1.8214051425457,-15.042827129364,10.5));
#8956=CARTESIAN_POINT('Ctrl Pts',(-1.33899855691496,-15.006617361948,10.));
#8957=CARTESIAN_POINT('Ctrl Pts',(-1.33899855691496,-15.006617361948,10.5));
#8958=CARTESIAN_POINT('Ctrl Pts',(-0.427215753015595,-14.9381783226677,
10.));
#8959=CARTESIAN_POINT('Ctrl Pts',(-0.427215753015595,-14.9381783226677,
10.5));
#8960=CARTESIAN_POINT('Ctrl Pts',(0.308499987084101,-14.3997813440134,10.));
#8961=CARTESIAN_POINT('Ctrl Pts',(0.308499987084101,-14.3997813440134,10.5));
#8962=CARTESIAN_POINT('Ctrl Pts',(0.654962807893753,-14.1462397575378,10.));
#8963=CARTESIAN_POINT('Ctrl Pts',(0.654962807893753,-14.1462397575378,10.5));
#8964=CARTESIAN_POINT('',(-1.8214051425457,-15.042827129364,10.));
#8965=CARTESIAN_POINT('Ctrl Pts',(0.654962807893753,-14.1462397575378,10.));
#8966=CARTESIAN_POINT('Ctrl Pts',(0.308499987084101,-14.3997813440134,10.));
#8967=CARTESIAN_POINT('Ctrl Pts',(-0.427215753015595,-14.9381783226677,
10.));
#8968=CARTESIAN_POINT('Ctrl Pts',(-1.33899855691496,-15.006617361948,10.));
#8969=CARTESIAN_POINT('Ctrl Pts',(-1.8214051425457,-15.042827129364,10.));
#8970=CARTESIAN_POINT('',(-1.8214051425457,-15.042827129364,10.5));
#8971=CARTESIAN_POINT('Ctrl Pts',(-1.8214051425457,-15.042827129364,10.5));
#8972=CARTESIAN_POINT('Ctrl Pts',(-1.33899855691496,-15.006617361948,10.5));
#8973=CARTESIAN_POINT('Ctrl Pts',(-0.427215753015595,-14.9381783226677,
10.5));
#8974=CARTESIAN_POINT('Ctrl Pts',(0.308499987084101,-14.3997813440134,10.5));
#8975=CARTESIAN_POINT('Ctrl Pts',(0.654962807893753,-14.1462397575378,10.5));
#8976=CARTESIAN_POINT('',(-1.8214051425457,-15.042827129364,10.));
#8977=CARTESIAN_POINT('Ctrl Pts',(-0.110723227262497,-15.7715487480164,
10.));
#8978=CARTESIAN_POINT('Ctrl Pts',(-0.110723227262497,-15.7715487480164,
10.5));
#8979=CARTESIAN_POINT('Ctrl Pts',(-0.296122959395806,-15.5709609865132,
10.));
#8980=CARTESIAN_POINT('Ctrl Pts',(-0.296122959395806,-15.5709609865132,
10.5));
#8981=CARTESIAN_POINT('Ctrl Pts',(-0.747285715753421,-15.0828387744146,
10.));
#8982=CARTESIAN_POINT('Ctrl Pts',(-0.747285715753421,-15.0828387744146,
10.5));
#8983=CARTESIAN_POINT('Ctrl Pts',(-1.42323111257751,-15.0576593701354,10.));
#8984=CARTESIAN_POINT('Ctrl Pts',(-1.42323111257751,-15.0576593701354,10.5));
#8985=CARTESIAN_POINT('Ctrl Pts',(-1.8214051425457,-15.042827129364,10.));
#8986=CARTESIAN_POINT('Ctrl Pts',(-1.8214051425457,-15.042827129364,10.5));
#8987=CARTESIAN_POINT('',(-0.110723227262497,-15.7715487480164,10.));
#8988=CARTESIAN_POINT('Ctrl Pts',(-1.8214051425457,-15.042827129364,10.));
#8989=CARTESIAN_POINT('Ctrl Pts',(-1.42323111257751,-15.0576593701354,10.));
#8990=CARTESIAN_POINT('Ctrl Pts',(-0.747285715753421,-15.0828387744146,
10.));
#8991=CARTESIAN_POINT('Ctrl Pts',(-0.296122959395806,-15.5709609865132,
10.));
#8992=CARTESIAN_POINT('Ctrl Pts',(-0.110723227262497,-15.7715487480164,
10.));
#8993=CARTESIAN_POINT('',(-0.110723227262497,-15.7715487480164,10.5));
#8994=CARTESIAN_POINT('Ctrl Pts',(-0.110723227262497,-15.7715487480164,
10.5));
#8995=CARTESIAN_POINT('Ctrl Pts',(-0.296122959395806,-15.5709609865132,
10.5));
#8996=CARTESIAN_POINT('Ctrl Pts',(-0.747285715753421,-15.0828387744146,
10.5));
#8997=CARTESIAN_POINT('Ctrl Pts',(-1.42323111257751,-15.0576593701354,10.5));
#8998=CARTESIAN_POINT('Ctrl Pts',(-1.8214051425457,-15.042827129364,10.5));
#8999=CARTESIAN_POINT('',(-0.110723227262497,-15.7715487480164,10.));
#9000=CARTESIAN_POINT('Ctrl Pts',(0.166624337434769,-17.0181918144226,10.));
#9001=CARTESIAN_POINT('Ctrl Pts',(0.166624337434769,-17.0181918144226,10.5));
#9002=CARTESIAN_POINT('Ctrl Pts',(0.165124754236921,-16.817724537332,10.));
#9003=CARTESIAN_POINT('Ctrl Pts',(0.165124754236921,-16.817724537332,10.5));
#9004=CARTESIAN_POINT('Ctrl Pts',(0.161875317887628,-16.3833333958739,10.));
#9005=CARTESIAN_POINT('Ctrl Pts',(0.161875317887628,-16.3833333958739,10.5));
#9006=CARTESIAN_POINT('Ctrl Pts',(-0.015308184136682,-15.9856858356772,
10.));
#9007=CARTESIAN_POINT('Ctrl Pts',(-0.015308184136682,-15.9856858356772,
10.5));
#9008=CARTESIAN_POINT('Ctrl Pts',(-0.110723227262497,-15.7715487480164,
10.));
#9009=CARTESIAN_POINT('Ctrl Pts',(-0.110723227262497,-15.7715487480164,
10.5));
#9010=CARTESIAN_POINT('',(0.166624337434769,-17.0181918144226,10.));
#9011=CARTESIAN_POINT('Ctrl Pts',(-0.110723227262497,-15.7715487480164,
10.));
#9012=CARTESIAN_POINT('Ctrl Pts',(-0.015308184136682,-15.9856858356772,
10.));
#9013=CARTESIAN_POINT('Ctrl Pts',(0.161875317887628,-16.3833333958739,10.));
#9014=CARTESIAN_POINT('Ctrl Pts',(0.165124754236921,-16.817724537332,10.));
#9015=CARTESIAN_POINT('Ctrl Pts',(0.166624337434769,-17.0181918144226,10.));
#9016=CARTESIAN_POINT('',(0.166624337434769,-17.0181918144226,10.5));
#9017=CARTESIAN_POINT('Ctrl Pts',(0.166624337434769,-17.0181918144226,10.5));
#9018=CARTESIAN_POINT('Ctrl Pts',(0.165124754236921,-16.817724537332,10.5));
#9019=CARTESIAN_POINT('Ctrl Pts',(0.161875317887628,-16.3833333958739,10.5));
#9020=CARTESIAN_POINT('Ctrl Pts',(-0.015308184136682,-15.9856858356772,
10.5));
#9021=CARTESIAN_POINT('Ctrl Pts',(-0.110723227262497,-15.7715487480164,
10.5));
#9022=CARTESIAN_POINT('',(0.166624337434769,-17.0181918144226,10.));
#9023=CARTESIAN_POINT('Ctrl Pts',(-0.699903219938278,-19.9659991264343,
10.));
#9024=CARTESIAN_POINT('Ctrl Pts',(-0.699903219938278,-19.9659991264343,
10.5));
#9025=CARTESIAN_POINT('Ctrl Pts',(-0.4761338259976,-19.3276243527704,10.));
#9026=CARTESIAN_POINT('Ctrl Pts',(-0.4761338259976,-19.3276243527704,10.5));
#9027=CARTESIAN_POINT('Ctrl Pts',(-0.136682991427506,-18.3592307495496,
10.));
#9028=CARTESIAN_POINT('Ctrl Pts',(-0.136682991427506,-18.3592307495496,
10.5));
#9029=CARTESIAN_POINT('Ctrl Pts',(0.0895324002811826,-17.3590450661232,
10.));
#9030=CARTESIAN_POINT('Ctrl Pts',(0.0895324002811826,-17.3590450661232,
10.5));
#9031=CARTESIAN_POINT('Ctrl Pts',(0.166624337434769,-17.0181918144226,10.));
#9032=CARTESIAN_POINT('Ctrl Pts',(0.166624337434769,-17.0181918144226,10.5));
#9033=CARTESIAN_POINT('',(-0.699903219938278,-19.9659991264343,10.));
#9034=CARTESIAN_POINT('Ctrl Pts',(0.166624337434769,-17.0181918144226,10.));
#9035=CARTESIAN_POINT('Ctrl Pts',(0.0895324002811826,-17.3590450661232,
10.));
#9036=CARTESIAN_POINT('Ctrl Pts',(-0.136682991427506,-18.3592307495496,
10.));
#9037=CARTESIAN_POINT('Ctrl Pts',(-0.4761338259976,-19.3276243527704,10.));
#9038=CARTESIAN_POINT('Ctrl Pts',(-0.699903219938278,-19.9659991264343,
10.));
#9039=CARTESIAN_POINT('',(-0.699903219938278,-19.9659991264343,10.5));
#9040=CARTESIAN_POINT('Ctrl Pts',(-0.699903219938278,-19.9659991264343,
10.5));
#9041=CARTESIAN_POINT('Ctrl Pts',(-0.4761338259976,-19.3276243527704,10.5));
#9042=CARTESIAN_POINT('Ctrl Pts',(-0.136682991427506,-18.3592307495496,
10.5));
#9043=CARTESIAN_POINT('Ctrl Pts',(0.0895324002811826,-17.3590450661232,
10.5));
#9044=CARTESIAN_POINT('Ctrl Pts',(0.166624337434769,-17.0181918144226,10.5));
#9045=CARTESIAN_POINT('',(-0.699903219938278,-19.9659991264343,10.));
#9046=CARTESIAN_POINT('Origin',(-2.53226444125175,-25.353410243988,10.));
#9047=CARTESIAN_POINT('',(-2.53226444125175,-25.353410243988,10.));
#9048=CARTESIAN_POINT('',(1.46355207996173,-13.6051227886034,10.));
#9049=CARTESIAN_POINT('',(-2.53226444125175,-25.353410243988,10.5));
#9050=CARTESIAN_POINT('',(-0.699903219938278,-19.9659991264343,10.5));
#9051=CARTESIAN_POINT('',(-2.53226444125175,-25.353410243988,10.));
#9052=CARTESIAN_POINT('Origin',(-7.74431392550468,-25.353410243988,10.));
#9053=CARTESIAN_POINT('',(-7.74431392550468,-25.353410243988,10.));
#9054=CARTESIAN_POINT('',(-3.87215696275234,-25.353410243988,10.));
#9055=CARTESIAN_POINT('',(-7.74431392550468,-25.353410243988,10.5));
#9056=CARTESIAN_POINT('',(-2.53226444125175,-25.353410243988,10.5));
#9057=CARTESIAN_POINT('',(-7.74431392550468,-25.353410243988,10.));
#9058=CARTESIAN_POINT('Origin',(-5.45751735568047,-18.6301493644714,10.));
#9059=CARTESIAN_POINT('',(-5.45751735568047,-18.6301493644714,10.));
#9060=CARTESIAN_POINT('',(-2.33474517014239,-9.44909130809847,10.));
#9061=CARTESIAN_POINT('',(-5.45751735568047,-18.6301493644714,10.5));
#9062=CARTESIAN_POINT('',(-7.74431392550468,-25.353410243988,10.5));
#9063=CARTESIAN_POINT('',(-5.45751735568047,-18.6301493644714,10.));
#9064=CARTESIAN_POINT('Ctrl Pts',(-5.04667446017265,-16.8547320365906,10.));
#9065=CARTESIAN_POINT('Ctrl Pts',(-5.04667446017265,-16.8547320365906,10.5));
#9066=CARTESIAN_POINT('Ctrl Pts',(-5.0590408498619,-17.0522994902356,10.));
#9067=CARTESIAN_POINT('Ctrl Pts',(-5.0590408498619,-17.0522994902356,10.5));
#9068=CARTESIAN_POINT('Ctrl Pts',(-5.09728813302463,-17.6633443087449,10.));
#9069=CARTESIAN_POINT('Ctrl Pts',(-5.09728813302463,-17.6633443087449,10.5));
#9070=CARTESIAN_POINT('Ctrl Pts',(-5.31213579913828,-18.2399655175361,10.));
#9071=CARTESIAN_POINT('Ctrl Pts',(-5.31213579913828,-18.2399655175361,10.5));
#9072=CARTESIAN_POINT('Ctrl Pts',(-5.45751735568047,-18.6301493644714,10.));
#9073=CARTESIAN_POINT('Ctrl Pts',(-5.45751735568047,-18.6301493644714,10.5));
#9074=CARTESIAN_POINT('',(-5.04667446017265,-16.8547320365906,10.));
#9075=CARTESIAN_POINT('Ctrl Pts',(-5.45751735568047,-18.6301493644714,10.));
#9076=CARTESIAN_POINT('Ctrl Pts',(-5.31213579913828,-18.2399655175361,10.));
#9077=CARTESIAN_POINT('Ctrl Pts',(-5.09728813302463,-17.6633443087449,10.));
#9078=CARTESIAN_POINT('Ctrl Pts',(-5.0590408498619,-17.0522994902356,10.));
#9079=CARTESIAN_POINT('Ctrl Pts',(-5.04667446017265,-16.8547320365906,10.));
#9080=CARTESIAN_POINT('',(-5.04667446017265,-16.8547320365906,10.5));
#9081=CARTESIAN_POINT('Ctrl Pts',(-5.04667446017265,-16.8547320365906,10.5));
#9082=CARTESIAN_POINT('Ctrl Pts',(-5.0590408498619,-17.0522994902356,10.5));
#9083=CARTESIAN_POINT('Ctrl Pts',(-5.09728813302463,-17.6633443087449,10.5));
#9084=CARTESIAN_POINT('Ctrl Pts',(-5.31213579913828,-18.2399655175361,10.5));
#9085=CARTESIAN_POINT('Ctrl Pts',(-5.45751735568047,-18.6301493644714,10.5));
#9086=CARTESIAN_POINT('',(-5.04667446017265,-16.8547320365906,10.));
#9087=CARTESIAN_POINT('Ctrl Pts',(-5.79959079623222,-16.5642237663269,10.));
#9088=CARTESIAN_POINT('Ctrl Pts',(-5.79959079623222,-16.5642237663269,10.5));
#9089=CARTESIAN_POINT('Ctrl Pts',(-5.61323620050626,-16.559270069263,10.));
#9090=CARTESIAN_POINT('Ctrl Pts',(-5.61323620050626,-16.559270069263,10.5));
#9091=CARTESIAN_POINT('Ctrl Pts',(-5.31251218649846,-16.5512761925388,10.));
#9092=CARTESIAN_POINT('Ctrl Pts',(-5.31251218649846,-16.5512761925388,10.5));
#9093=CARTESIAN_POINT('Ctrl Pts',(-5.11991991228578,-16.7711217800587,10.));
#9094=CARTESIAN_POINT('Ctrl Pts',(-5.11991991228578,-16.7711217800587,10.5));
#9095=CARTESIAN_POINT('Ctrl Pts',(-5.04667446017265,-16.8547320365906,10.));
#9096=CARTESIAN_POINT('Ctrl Pts',(-5.04667446017265,-16.8547320365906,10.5));
#9097=CARTESIAN_POINT('',(-5.79959079623222,-16.5642237663269,10.));
#9098=CARTESIAN_POINT('Ctrl Pts',(-5.04667446017265,-16.8547320365906,10.));
#9099=CARTESIAN_POINT('Ctrl Pts',(-5.11991991228578,-16.7711217800587,10.));
#9100=CARTESIAN_POINT('Ctrl Pts',(-5.31251218649846,-16.5512761925388,10.));
#9101=CARTESIAN_POINT('Ctrl Pts',(-5.61323620050626,-16.559270069263,10.));
#9102=CARTESIAN_POINT('Ctrl Pts',(-5.79959079623222,-16.5642237663269,10.));
#9103=CARTESIAN_POINT('',(-5.79959079623222,-16.5642237663269,10.5));
#9104=CARTESIAN_POINT('Ctrl Pts',(-5.79959079623222,-16.5642237663269,10.5));
#9105=CARTESIAN_POINT('Ctrl Pts',(-5.61323620050626,-16.559270069263,10.5));
#9106=CARTESIAN_POINT('Ctrl Pts',(-5.31251218649846,-16.5512761925388,10.5));
#9107=CARTESIAN_POINT('Ctrl Pts',(-5.11991991228578,-16.7711217800587,10.5));
#9108=CARTESIAN_POINT('Ctrl Pts',(-5.04667446017265,-16.8547320365906,10.5));
#9109=CARTESIAN_POINT('',(-5.79959079623222,-16.5642237663269,10.));
#9110=CARTESIAN_POINT('Origin',(-8.7891785800457,-25.353410243988,10.));
#9111=CARTESIAN_POINT('',(-8.7891785800457,-25.353410243988,10.));
#9112=CARTESIAN_POINT('',(-4.46870068398884,-12.6514965866415,10.));
#9113=CARTESIAN_POINT('',(-8.7891785800457,-25.353410243988,10.5));
#9114=CARTESIAN_POINT('',(-5.79959079623222,-16.5642237663269,10.5));
#9115=CARTESIAN_POINT('',(-8.7891785800457,-25.353410243988,10.));
#9116=CARTESIAN_POINT('Origin',(-14.3700043857098,-25.353410243988,10.));
#9117=CARTESIAN_POINT('',(-14.3700043857098,-25.353410243988,10.));
#9118=CARTESIAN_POINT('',(-7.18500219285488,-25.353410243988,10.));
#9119=CARTESIAN_POINT('',(-14.3700043857098,-25.353410243988,10.5));
#9120=CARTESIAN_POINT('',(-8.7891785800457,-25.353410243988,10.5));
#9121=CARTESIAN_POINT('',(-14.3700043857098,-25.353410243988,10.));
#9122=CARTESIAN_POINT('Origin',(-7.56741687655449,-5.35341024398804,10.));
#9123=CARTESIAN_POINT('',(-6.35905424940424,-1.80075435966763,10.));
#9124=CARTESIAN_POINT('',(-14.3700043857098,-25.353410243988,10.5));
#9125=CARTESIAN_POINT('Origin',(0.013403445482254,0.208976268768311,10.5));
#9126=CARTESIAN_POINT('Origin',(0.,0.,10.));
#9127=CARTESIAN_POINT('Origin',(-37.9594342410564,-25.353410243988,10.));
#9128=CARTESIAN_POINT('',(-31.1568419635296,-5.35341024398804,10.));
#9129=CARTESIAN_POINT('',(-37.9594342410564,-25.353410243988,10.));
#9130=CARTESIAN_POINT('',(-32.1267548895263,-8.205008242007,10.));
#9131=CARTESIAN_POINT('',(-31.1568419635296,-5.35341024398804,10.5));
#9132=CARTESIAN_POINT('',(-31.1568419635296,-5.35341024398804,10.));
#9133=CARTESIAN_POINT('',(-37.9594342410564,-25.353410243988,10.5));
#9134=CARTESIAN_POINT('',(-31.1568419635296,-5.35341024398804,10.5));
#9135=CARTESIAN_POINT('',(-37.9594342410564,-25.353410243988,10.));
#9136=CARTESIAN_POINT('Origin',(-42.9008500277996,-25.353410243988,10.));
#9137=CARTESIAN_POINT('',(-42.9008500277996,-25.353410243988,10.));
#9138=CARTESIAN_POINT('',(-21.4504250138998,-25.353410243988,10.));
#9139=CARTESIAN_POINT('',(-42.9008500277996,-25.353410243988,10.5));
#9140=CARTESIAN_POINT('',(-37.9594342410564,-25.353410243988,10.5));
#9141=CARTESIAN_POINT('',(-42.9008500277996,-25.353410243988,10.));
#9142=CARTESIAN_POINT('Origin',(-38.4257809817791,-12.1832728385925,10.));
#9143=CARTESIAN_POINT('',(-38.4257809817791,-12.1832728385925,10.));
#9144=CARTESIAN_POINT('',(-34.5815013791019,-0.86955006217163,10.));
#9145=CARTESIAN_POINT('',(-38.4257809817791,-12.1832728385925,10.5));
#9146=CARTESIAN_POINT('',(-42.9008500277996,-25.353410243988,10.5));
#9147=CARTESIAN_POINT('',(-38.4257809817791,-12.1832728385925,10.));
#9148=CARTESIAN_POINT('Origin',(-44.1994445025921,-25.353410243988,10.));
#9149=CARTESIAN_POINT('',(-44.1994445025921,-25.353410243988,10.));
#9150=CARTESIAN_POINT('',(-35.9753852807628,-6.59374584872895,10.));
#9151=CARTESIAN_POINT('',(-44.1994445025921,-25.353410243988,10.5));
#9152=CARTESIAN_POINT('',(-38.4257809817791,-12.1832728385925,10.5));
#9153=CARTESIAN_POINT('',(-44.1994445025921,-25.353410243988,10.));
#9154=CARTESIAN_POINT('Origin',(-47.7881066501141,-25.353410243988,10.));
#9155=CARTESIAN_POINT('',(-47.7881066501141,-25.353410243988,10.));
#9156=CARTESIAN_POINT('',(-23.894053325057,-25.353410243988,10.));
#9157=CARTESIAN_POINT('',(-47.7881066501141,-25.353410243988,10.5));
#9158=CARTESIAN_POINT('',(-44.1994445025921,-25.353410243988,10.5));
#9159=CARTESIAN_POINT('',(-47.7881066501141,-25.353410243988,10.));
#9160=CARTESIAN_POINT('Origin',(-44.7989003360271,-12.4782919883728,10.));
#9161=CARTESIAN_POINT('',(-44.7989003360271,-12.4782919883728,10.));
#9162=CARTESIAN_POINT('',(-42.2788141496389,-1.62376933090876,10.));
#9163=CARTESIAN_POINT('',(-44.7989003360271,-12.4782919883728,10.5));
#9164=CARTESIAN_POINT('',(-47.7881066501141,-25.353410243988,10.5));
#9165=CARTESIAN_POINT('',(-44.7989003360271,-12.4782919883728,10.));
#9166=CARTESIAN_POINT('Origin',(-49.1827361285686,-25.353410243988,10.));
#9167=CARTESIAN_POINT('',(-49.1827361285686,-25.353410243988,10.));
#9168=CARTESIAN_POINT('',(-42.7601062107094,-6.49045012920006,10.));
#9169=CARTESIAN_POINT('',(-49.1827361285686,-25.353410243988,10.5));
#9170=CARTESIAN_POINT('',(-44.7989003360271,-12.4782919883728,10.5));
#9171=CARTESIAN_POINT('',(-49.1827361285686,-25.353410243988,10.));
#9172=CARTESIAN_POINT('Origin',(-54.1241519153118,-25.353410243988,10.));
#9173=CARTESIAN_POINT('',(-54.1241519153118,-25.353410243988,10.));
#9174=CARTESIAN_POINT('',(-27.0620759576559,-25.353410243988,10.));
#9175=CARTESIAN_POINT('',(-54.1241519153118,-25.353410243988,10.5));
#9176=CARTESIAN_POINT('',(-49.1827361285686,-25.353410243988,10.5));
#9177=CARTESIAN_POINT('',(-54.1241519153118,-25.353410243988,10.));
#9178=CARTESIAN_POINT('Origin',(-47.3215644061565,-5.35341024398804,10.));
#9179=CARTESIAN_POINT('',(-47.3215644061565,-5.35341024398804,10.));
#9180=CARTESIAN_POINT('',(-44.0521069495803,4.25898342879016,10.));
#9181=CARTESIAN_POINT('',(-47.3215644061565,-5.35341024398804,10.5));
#9182=CARTESIAN_POINT('',(-54.1241519153118,-25.353410243988,10.5));
#9183=CARTESIAN_POINT('',(-47.3215644061565,-5.35341024398804,10.));
#9184=CARTESIAN_POINT('Origin',(-40.2810017764568,-5.35341024398804,10.));
#9185=CARTESIAN_POINT('',(-40.2810017764568,-5.35341024398804,10.));
#9186=CARTESIAN_POINT('',(-20.1405008882284,-5.35341024398804,10.));
#9187=CARTESIAN_POINT('',(-40.2810017764568,-5.35341024398804,10.5));
#9188=CARTESIAN_POINT('',(-47.3215644061565,-5.35341024398804,10.5));
#9189=CARTESIAN_POINT('',(-40.2810017764568,-5.35341024398804,10.));
#9190=CARTESIAN_POINT('Ctrl Pts',(-41.1213128268719,-9.65330839157104,10.));
#9191=CARTESIAN_POINT('Ctrl Pts',(-41.1213128268719,-9.65330839157104,10.5));
#9192=CARTESIAN_POINT('Ctrl Pts',(-40.9671080527655,-8.8997198417295,10.));
#9193=CARTESIAN_POINT('Ctrl Pts',(-40.9671080527655,-8.8997198417295,10.5));
#9194=CARTESIAN_POINT('Ctrl Pts',(-40.6743221907835,-7.46889466511808,10.));
#9195=CARTESIAN_POINT('Ctrl Pts',(-40.6743221907835,-7.46889466511808,10.5));
#9196=CARTESIAN_POINT('Ctrl Pts',(-40.4073600218418,-6.03303146337183,10.));
#9197=CARTESIAN_POINT('Ctrl Pts',(-40.4073600218418,-6.03303146337183,10.5));
#9198=CARTESIAN_POINT('Ctrl Pts',(-40.2810017764568,-5.35341024398804,10.));
#9199=CARTESIAN_POINT('Ctrl Pts',(-40.2810017764568,-5.35341024398804,10.5));
#9200=CARTESIAN_POINT('',(-41.1213128268719,-9.65330839157104,10.));
#9201=CARTESIAN_POINT('Ctrl Pts',(-40.2810017764568,-5.35341024398804,10.));
#9202=CARTESIAN_POINT('Ctrl Pts',(-40.4073600218418,-6.03303146337183,10.));
#9203=CARTESIAN_POINT('Ctrl Pts',(-40.6743221907835,-7.46889466511808,10.));
#9204=CARTESIAN_POINT('Ctrl Pts',(-40.9671080527655,-8.8997198417295,10.));
#9205=CARTESIAN_POINT('Ctrl Pts',(-41.1213128268719,-9.65330839157104,10.));
#9206=CARTESIAN_POINT('',(-41.1213128268719,-9.65330839157104,10.5));
#9207=CARTESIAN_POINT('Ctrl Pts',(-41.1213128268719,-9.65330839157104,10.5));
#9208=CARTESIAN_POINT('Ctrl Pts',(-40.9671080527655,-8.8997198417295,10.5));
#9209=CARTESIAN_POINT('Ctrl Pts',(-40.6743221907835,-7.46889466511808,10.5));
#9210=CARTESIAN_POINT('Ctrl Pts',(-40.4073600218418,-6.03303146337183,10.5));
#9211=CARTESIAN_POINT('Ctrl Pts',(-40.2810017764568,-5.35341024398804,10.5));
#9212=CARTESIAN_POINT('',(-41.1213128268719,-9.65330839157104,10.));
#9213=CARTESIAN_POINT('Origin',(-42.2987096011639,-14.4629645347595,10.));
#9214=CARTESIAN_POINT('',(-42.2987096011639,-14.4629645347595,10.));
#9215=CARTESIAN_POINT('',(-39.4327940655624,-2.75572313353019,10.));
#9216=CARTESIAN_POINT('',(-42.2987096011639,-14.4629645347595,10.5));
#9217=CARTESIAN_POINT('',(-41.1213128268719,-9.65330839157104,10.5));
#9218=CARTESIAN_POINT('',(-42.2987096011639,-14.4629645347595,10.));
#9219=CARTESIAN_POINT('Origin',(-38.2436959445477,-5.35341024398804,10.));
#9220=CARTESIAN_POINT('',(-38.2436959445477,-5.35341024398804,10.));
#9221=CARTESIAN_POINT('',(-34.0868928978963,3.98481306081657,10.));
#9222=CARTESIAN_POINT('',(-38.2436959445477,-5.35341024398804,10.5));
#9223=CARTESIAN_POINT('',(-42.2987096011639,-14.4629645347595,10.5));
#9224=CARTESIAN_POINT('',(-38.2436959445477,-5.35341024398804,10.));
#9225=CARTESIAN_POINT('Origin',(-31.1568419635296,-5.35341024398804,10.));
#9226=CARTESIAN_POINT('',(-15.5784209817648,-5.35341024398804,10.));
#9227=CARTESIAN_POINT('',(-38.2436959445477,-5.35341024398804,10.5));
#9228=CARTESIAN_POINT('Origin',(0.013403445482254,0.208976268768311,10.5));
#9229=CARTESIAN_POINT('Origin',(63.4545882046223,18.9612793922424,10.));
#9230=CARTESIAN_POINT('',(68.6666472256184,18.9612793922424,10.));
#9231=CARTESIAN_POINT('',(63.4545882046223,18.9612793922424,10.));
#9232=CARTESIAN_POINT('',(31.7272941023111,18.9612793922424,10.));
#9233=CARTESIAN_POINT('',(68.6666472256184,18.9612793922424,10.5));
#9234=CARTESIAN_POINT('',(68.6666472256184,18.9612793922424,10.));
#9235=CARTESIAN_POINT('',(63.4545882046223,18.9612793922424,10.5));
#9236=CARTESIAN_POINT('',(68.6666472256184,18.9612793922424,10.5));
#9237=CARTESIAN_POINT('',(63.4545882046223,18.9612793922424,10.));
#9238=CARTESIAN_POINT('Origin',(64.0298445522785,20.6526589393616,10.));
#9239=CARTESIAN_POINT('',(64.0298445522785,20.6526589393616,10.));
#9240=CARTESIAN_POINT('',(57.5625223279597,1.63731633704319,10.));
#9241=CARTESIAN_POINT('',(64.0298445522785,20.6526589393616,10.5));
#9242=CARTESIAN_POINT('',(63.4545882046223,18.9612793922424,10.5));
#9243=CARTESIAN_POINT('',(64.0298445522785,20.6526589393616,10.));
#9244=CARTESIAN_POINT('Ctrl Pts',(64.285581856966,21.7789673805237,10.));
#9245=CARTESIAN_POINT('Ctrl Pts',(64.285581856966,21.7789673805237,10.5));
#9246=CARTESIAN_POINT('Ctrl Pts',(64.278602515521,21.6519918457582,10.));
#9247=CARTESIAN_POINT('Ctrl Pts',(64.278602515521,21.6519918457582,10.5));
#9248=CARTESIAN_POINT('Ctrl Pts',(64.2572961924641,21.2643647629827,10.));
#9249=CARTESIAN_POINT('Ctrl Pts',(64.2572961924641,21.2643647629827,10.5));
#9250=CARTESIAN_POINT('Ctrl Pts',(64.1212953872998,20.8986057626595,10.));
#9251=CARTESIAN_POINT('Ctrl Pts',(64.1212953872998,20.8986057626595,10.5));
#9252=CARTESIAN_POINT('Ctrl Pts',(64.0298445522785,20.6526589393616,10.));
#9253=CARTESIAN_POINT('Ctrl Pts',(64.0298445522785,20.6526589393616,10.5));
#9254=CARTESIAN_POINT('',(64.285581856966,21.7789673805237,10.));
#9255=CARTESIAN_POINT('Ctrl Pts',(64.0298445522785,20.6526589393616,10.));
#9256=CARTESIAN_POINT('Ctrl Pts',(64.1212953872998,20.8986057626595,10.));
#9257=CARTESIAN_POINT('Ctrl Pts',(64.2572961924641,21.2643647629827,10.));
#9258=CARTESIAN_POINT('Ctrl Pts',(64.278602515521,21.6519918457582,10.));
#9259=CARTESIAN_POINT('Ctrl Pts',(64.285581856966,21.7789673805237,10.));
#9260=CARTESIAN_POINT('',(64.285581856966,21.7789673805237,10.5));
#9261=CARTESIAN_POINT('Ctrl Pts',(64.285581856966,21.7789673805237,10.5));
#9262=CARTESIAN_POINT('Ctrl Pts',(64.278602515521,21.6519918457582,10.5));
#9263=CARTESIAN_POINT('Ctrl Pts',(64.2572961924641,21.2643647629827,10.5));
#9264=CARTESIAN_POINT('Ctrl Pts',(64.1212953872998,20.8986057626595,10.5));
#9265=CARTESIAN_POINT('Ctrl Pts',(64.0298445522785,20.6526589393616,10.5));
#9266=CARTESIAN_POINT('',(64.285581856966,21.7789673805237,10.));
#9267=CARTESIAN_POINT('Ctrl Pts',(63.9370711147785,21.9729590415955,10.));
#9268=CARTESIAN_POINT('Ctrl Pts',(63.9370711147785,21.9729590415955,10.5));
#9269=CARTESIAN_POINT('Ctrl Pts',(64.0216268339445,21.9693089879612,10.));
#9270=CARTESIAN_POINT('Ctrl Pts',(64.0216268339445,21.9693089879612,10.5));
#9271=CARTESIAN_POINT('Ctrl Pts',(64.1733240140673,21.9627606095774,10.));
#9272=CARTESIAN_POINT('Ctrl Pts',(64.1733240140673,21.9627606095774,10.5));
#9273=CARTESIAN_POINT('Ctrl Pts',(64.251140244923,21.8353566262792,10.));
#9274=CARTESIAN_POINT('Ctrl Pts',(64.251140244923,21.8353566262792,10.5));
#9275=CARTESIAN_POINT('Ctrl Pts',(64.285581856966,21.7789673805237,10.));
#9276=CARTESIAN_POINT('Ctrl Pts',(64.285581856966,21.7789673805237,10.5));
#9277=CARTESIAN_POINT('',(63.9370711147785,21.9729590415955,10.));
#9278=CARTESIAN_POINT('Ctrl Pts',(64.285581856966,21.7789673805237,10.));
#9279=CARTESIAN_POINT('Ctrl Pts',(64.251140244923,21.8353566262792,10.));
#9280=CARTESIAN_POINT('Ctrl Pts',(64.1733240140673,21.9627606095774,10.));
#9281=CARTESIAN_POINT('Ctrl Pts',(64.0216268339445,21.9693089879612,10.));
#9282=CARTESIAN_POINT('Ctrl Pts',(63.9370711147785,21.9729590415955,10.));
#9283=CARTESIAN_POINT('',(63.9370711147785,21.9729590415955,10.5));
#9284=CARTESIAN_POINT('Ctrl Pts',(63.9370711147785,21.9729590415955,10.5));
#9285=CARTESIAN_POINT('Ctrl Pts',(64.0216268339445,21.9693089879612,10.5));
#9286=CARTESIAN_POINT('Ctrl Pts',(64.1733240140673,21.9627606095774,10.5));
#9287=CARTESIAN_POINT('Ctrl Pts',(64.251140244923,21.8353566262792,10.5));
#9288=CARTESIAN_POINT('Ctrl Pts',(64.285581856966,21.7789673805237,10.5));
#9289=CARTESIAN_POINT('',(63.9370711147785,21.9729590415955,10.));
#9290=CARTESIAN_POINT('Ctrl Pts',(63.345869332552,21.6881155967712,10.));
#9291=CARTESIAN_POINT('Ctrl Pts',(63.345869332552,21.6881155967712,10.5));
#9292=CARTESIAN_POINT('Ctrl Pts',(63.435964121681,21.7710814078365,10.));
#9293=CARTESIAN_POINT('Ctrl Pts',(63.435964121681,21.7710814078365,10.5));
#9294=CARTESIAN_POINT('Ctrl Pts',(63.6048696091717,21.926621821422,10.));
#9295=CARTESIAN_POINT('Ctrl Pts',(63.6048696091717,21.926621821422,10.5));
#9296=CARTESIAN_POINT('Ctrl Pts',(63.8313814822518,21.9582168935624,10.));
#9297=CARTESIAN_POINT('Ctrl Pts',(63.8313814822518,21.9582168935624,10.5));
#9298=CARTESIAN_POINT('Ctrl Pts',(63.9370711147785,21.9729590415955,10.));
#9299=CARTESIAN_POINT('Ctrl Pts',(63.9370711147785,21.9729590415955,10.5));
#9300=CARTESIAN_POINT('',(63.345869332552,21.6881155967712,10.));
#9301=CARTESIAN_POINT('Ctrl Pts',(63.9370711147785,21.9729590415955,10.));
#9302=CARTESIAN_POINT('Ctrl Pts',(63.8313814822518,21.9582168935624,10.));
#9303=CARTESIAN_POINT('Ctrl Pts',(63.6048696091717,21.926621821422,10.));
#9304=CARTESIAN_POINT('Ctrl Pts',(63.435964121681,21.7710814078365,10.));
#9305=CARTESIAN_POINT('Ctrl Pts',(63.345869332552,21.6881155967712,10.));
#9306=CARTESIAN_POINT('',(63.345869332552,21.6881155967712,10.5));
#9307=CARTESIAN_POINT('Ctrl Pts',(63.345869332552,21.6881155967712,10.5));
#9308=CARTESIAN_POINT('Ctrl Pts',(63.435964121681,21.7710814078365,10.5));
#9309=CARTESIAN_POINT('Ctrl Pts',(63.6048696091717,21.926621821422,10.5));
#9310=CARTESIAN_POINT('Ctrl Pts',(63.8313814822518,21.9582168935624,10.5));
#9311=CARTESIAN_POINT('Ctrl Pts',(63.9370711147785,21.9729590415955,10.5));
#9312=CARTESIAN_POINT('',(63.345869332552,21.6881155967712,10.));
#9313=CARTESIAN_POINT('Ctrl Pts',(62.8349669277668,20.7173895835876,10.));
#9314=CARTESIAN_POINT('Ctrl Pts',(62.8349669277668,20.7173895835876,10.5));
#9315=CARTESIAN_POINT('Ctrl Pts',(62.9051991452286,20.9187240094545,10.));
#9316=CARTESIAN_POINT('Ctrl Pts',(62.9051991452286,20.9187240094545,10.5));
#9317=CARTESIAN_POINT('Ctrl Pts',(63.0272719491107,21.268669643692,10.));
#9318=CARTESIAN_POINT('Ctrl Pts',(63.0272719491107,21.268669643692,10.5));
#9319=CARTESIAN_POINT('Ctrl Pts',(63.2509009396016,21.5630859820794,10.));
#9320=CARTESIAN_POINT('Ctrl Pts',(63.2509009396016,21.5630859820794,10.5));
#9321=CARTESIAN_POINT('Ctrl Pts',(63.345869332552,21.6881155967712,10.));
#9322=CARTESIAN_POINT('Ctrl Pts',(63.345869332552,21.6881155967712,10.5));
#9323=CARTESIAN_POINT('',(62.8349669277668,20.7173895835876,10.));
#9324=CARTESIAN_POINT('Ctrl Pts',(63.345869332552,21.6881155967712,10.));
#9325=CARTESIAN_POINT('Ctrl Pts',(63.2509009396016,21.5630859820794,10.));
#9326=CARTESIAN_POINT('Ctrl Pts',(63.0272719491107,21.268669643692,10.));
#9327=CARTESIAN_POINT('Ctrl Pts',(62.9051991452286,20.9187240094545,10.));
#9328=CARTESIAN_POINT('Ctrl Pts',(62.8349669277668,20.7173895835876,10.));
#9329=CARTESIAN_POINT('',(62.8349669277668,20.7173895835876,10.5));
#9330=CARTESIAN_POINT('Ctrl Pts',(62.8349669277668,20.7173895835876,10.5));
#9331=CARTESIAN_POINT('Ctrl Pts',(62.9051991452286,20.9187240094545,10.5));
#9332=CARTESIAN_POINT('Ctrl Pts',(63.0272719491107,21.268669643692,10.5));
#9333=CARTESIAN_POINT('Ctrl Pts',(63.2509009396016,21.5630859820794,10.5));
#9334=CARTESIAN_POINT('Ctrl Pts',(63.345869332552,21.6881155967712,10.5));
#9335=CARTESIAN_POINT('',(62.8349669277668,20.7173895835876,10.));
#9336=CARTESIAN_POINT('Ctrl Pts',(62.5954420864582,19.4495272636414,10.));
#9337=CARTESIAN_POINT('Ctrl Pts',(62.5954420864582,19.4495272636414,10.5));
#9338=CARTESIAN_POINT('Ctrl Pts',(62.5964655390322,19.6148083194525,10.));
#9339=CARTESIAN_POINT('Ctrl Pts',(62.5964655390322,19.6148083194525,10.5));
#9340=CARTESIAN_POINT('Ctrl Pts',(62.5991594751752,20.0498618053755,10.));
#9341=CARTESIAN_POINT('Ctrl Pts',(62.5991594751752,20.0498618053755,10.5));
#9342=CARTESIAN_POINT('Ctrl Pts',(62.7447115213226,20.4618930321718,10.));
#9343=CARTESIAN_POINT('Ctrl Pts',(62.7447115213226,20.4618930321718,10.5));
#9344=CARTESIAN_POINT('Ctrl Pts',(62.8349669277668,20.7173895835876,10.));
#9345=CARTESIAN_POINT('Ctrl Pts',(62.8349669277668,20.7173895835876,10.5));
#9346=CARTESIAN_POINT('',(62.5954420864582,19.4495272636414,10.));
#9347=CARTESIAN_POINT('Ctrl Pts',(62.8349669277668,20.7173895835876,10.));
#9348=CARTESIAN_POINT('Ctrl Pts',(62.7447115213226,20.4618930321718,10.));
#9349=CARTESIAN_POINT('Ctrl Pts',(62.5991594751752,20.0498618053755,10.));
#9350=CARTESIAN_POINT('Ctrl Pts',(62.5964655390322,19.6148083194525,10.));
#9351=CARTESIAN_POINT('Ctrl Pts',(62.5954420864582,19.4495272636414,10.));
#9352=CARTESIAN_POINT('',(62.5954420864582,19.4495272636414,10.5));
#9353=CARTESIAN_POINT('Ctrl Pts',(62.5954420864582,19.4495272636414,10.5));
#9354=CARTESIAN_POINT('Ctrl Pts',(62.5964655390322,19.6148083194525,10.5));
#9355=CARTESIAN_POINT('Ctrl Pts',(62.5991594751752,20.0498618053755,10.5));
#9356=CARTESIAN_POINT('Ctrl Pts',(62.7447115213226,20.4618930321718,10.5));
#9357=CARTESIAN_POINT('Ctrl Pts',(62.8349669277668,20.7173895835876,10.5));
#9358=CARTESIAN_POINT('',(62.5954420864582,19.4495272636414,10.));
#9359=CARTESIAN_POINT('Ctrl Pts',(63.215254098177,18.3038210868835,10.));
#9360=CARTESIAN_POINT('Ctrl Pts',(63.215254098177,18.3038210868835,10.5));
#9361=CARTESIAN_POINT('Ctrl Pts',(63.0607080110792,18.4960910931046,10.));
#9362=CARTESIAN_POINT('Ctrl Pts',(63.0607080110792,18.4960910931046,10.5));
#9363=CARTESIAN_POINT('Ctrl Pts',(62.7834121265936,18.8410735021476,10.));
#9364=CARTESIAN_POINT('Ctrl Pts',(62.7834121265936,18.8410735021476,10.5));
#9365=CARTESIAN_POINT('Ctrl Pts',(62.6531187103716,19.2628296455256,10.));
#9366=CARTESIAN_POINT('Ctrl Pts',(62.6531187103716,19.2628296455256,10.5));
#9367=CARTESIAN_POINT('Ctrl Pts',(62.5954420864582,19.4495272636414,10.));
#9368=CARTESIAN_POINT('Ctrl Pts',(62.5954420864582,19.4495272636414,10.5));
#9369=CARTESIAN_POINT('',(63.215254098177,18.3038210868835,10.));
#9370=CARTESIAN_POINT('Ctrl Pts',(62.5954420864582,19.4495272636414,10.));
#9371=CARTESIAN_POINT('Ctrl Pts',(62.6531187103716,19.2628296455256,10.));
#9372=CARTESIAN_POINT('Ctrl Pts',(62.7834121265936,18.8410735021476,10.));
#9373=CARTESIAN_POINT('Ctrl Pts',(63.0607080110792,18.4960910931046,10.));
#9374=CARTESIAN_POINT('Ctrl Pts',(63.215254098177,18.3038210868835,10.));
#9375=CARTESIAN_POINT('',(63.215254098177,18.3038210868835,10.5));
#9376=CARTESIAN_POINT('Ctrl Pts',(63.215254098177,18.3038210868835,10.5));
#9377=CARTESIAN_POINT('Ctrl Pts',(63.0607080110792,18.4960910931046,10.5));
#9378=CARTESIAN_POINT('Ctrl Pts',(62.7834121265936,18.8410735021476,10.5));
#9379=CARTESIAN_POINT('Ctrl Pts',(62.6531187103716,19.2628296455256,10.5));
#9380=CARTESIAN_POINT('Ctrl Pts',(62.5954420864582,19.4495272636414,10.5));
#9381=CARTESIAN_POINT('',(63.215254098177,18.3038210868835,10.));
#9382=CARTESIAN_POINT('Ctrl Pts',(66.7705138027668,14.8868727684021,10.));
#9383=CARTESIAN_POINT('Ctrl Pts',(66.7705138027668,14.8868727684021,10.5));
#9384=CARTESIAN_POINT('Ctrl Pts',(66.4218970685619,15.4150437776552,10.));
#9385=CARTESIAN_POINT('Ctrl Pts',(66.4218970685619,15.4150437776552,10.5));
#9386=CARTESIAN_POINT('Ctrl Pts',(65.5006783753218,16.8107341138096,10.));
#9387=CARTESIAN_POINT('Ctrl Pts',(65.5006783753218,16.8107341138096,10.5));
#9388=CARTESIAN_POINT('Ctrl Pts',(64.0912885915591,17.7315003571561,10.));
#9389=CARTESIAN_POINT('Ctrl Pts',(64.0912885915591,17.7315003571561,10.5));
#9390=CARTESIAN_POINT('Ctrl Pts',(63.215254098177,18.3038210868835,10.));
#9391=CARTESIAN_POINT('Ctrl Pts',(63.215254098177,18.3038210868835,10.5));
#9392=CARTESIAN_POINT('',(66.7705138027668,14.8868727684021,10.));
#9393=CARTESIAN_POINT('Ctrl Pts',(63.215254098177,18.3038210868835,10.));
#9394=CARTESIAN_POINT('Ctrl Pts',(64.0912885915591,17.7315003571561,10.));
#9395=CARTESIAN_POINT('Ctrl Pts',(65.5006783753218,16.8107341138096,10.));
#9396=CARTESIAN_POINT('Ctrl Pts',(66.4218970685619,15.4150437776552,10.));
#9397=CARTESIAN_POINT('Ctrl Pts',(66.7705138027668,14.8868727684021,10.));
#9398=CARTESIAN_POINT('',(66.7705138027668,14.8868727684021,10.5));
#9399=CARTESIAN_POINT('Ctrl Pts',(66.7705138027668,14.8868727684021,10.5));
#9400=CARTESIAN_POINT('Ctrl Pts',(66.4218970685619,15.4150437776552,10.5));
#9401=CARTESIAN_POINT('Ctrl Pts',(65.5006783753218,16.8107341138096,10.5));
#9402=CARTESIAN_POINT('Ctrl Pts',(64.0912885915591,17.7315003571561,10.5));
#9403=CARTESIAN_POINT('Ctrl Pts',(63.215254098177,18.3038210868835,10.5));
#9404=CARTESIAN_POINT('',(66.7705138027668,14.8868727684021,10.));
#9405=CARTESIAN_POINT('Ctrl Pts',(66.237715035677,10.5915856361389,10.));
#9406=CARTESIAN_POINT('Ctrl Pts',(66.237715035677,10.5915856361389,10.5));
#9407=CARTESIAN_POINT('Ctrl Pts',(66.5263379499765,11.4313586533558,10.));
#9408=CARTESIAN_POINT('Ctrl Pts',(66.5263379499765,11.4313586533558,10.5));
#9409=CARTESIAN_POINT('Ctrl Pts',(67.0085932892624,12.8345217470552,10.));
#9410=CARTESIAN_POINT('Ctrl Pts',(67.0085932892624,12.8345217470552,10.5));
#9411=CARTESIAN_POINT('Ctrl Pts',(66.8387202576644,14.2989028032785,10.));
#9412=CARTESIAN_POINT('Ctrl Pts',(66.8387202576644,14.2989028032785,10.5));
#9413=CARTESIAN_POINT('Ctrl Pts',(66.7705138027668,14.8868727684021,10.));
#9414=CARTESIAN_POINT('Ctrl Pts',(66.7705138027668,14.8868727684021,10.5));
#9415=CARTESIAN_POINT('',(66.237715035677,10.5915856361389,10.));
#9416=CARTESIAN_POINT('Ctrl Pts',(66.7705138027668,14.8868727684021,10.));
#9417=CARTESIAN_POINT('Ctrl Pts',(66.8387202576644,14.2989028032785,10.));
#9418=CARTESIAN_POINT('Ctrl Pts',(67.0085932892624,12.8345217470552,10.));
#9419=CARTESIAN_POINT('Ctrl Pts',(66.5263379499765,11.4313586533558,10.));
#9420=CARTESIAN_POINT('Ctrl Pts',(66.237715035677,10.5915856361389,10.));
#9421=CARTESIAN_POINT('',(66.237715035677,10.5915856361389,10.5));
#9422=CARTESIAN_POINT('Ctrl Pts',(66.237715035677,10.5915856361389,10.5));
#9423=CARTESIAN_POINT('Ctrl Pts',(66.5263379499765,11.4313586533558,10.5));
#9424=CARTESIAN_POINT('Ctrl Pts',(67.0085932892624,12.8345217470552,10.5));
#9425=CARTESIAN_POINT('Ctrl Pts',(66.8387202576644,14.2989028032785,10.5));
#9426=CARTESIAN_POINT('Ctrl Pts',(66.7705138027668,14.8868727684021,10.5));
#9427=CARTESIAN_POINT('',(66.237715035677,10.5915856361389,10.));
#9428=CARTESIAN_POINT('Ctrl Pts',(64.6333296597004,7.40127801895142,10.));
#9429=CARTESIAN_POINT('Ctrl Pts',(64.6333296597004,7.40127801895142,10.5));
#9430=CARTESIAN_POINT('Ctrl Pts',(64.9310829616427,7.83315691307423,10.));
#9431=CARTESIAN_POINT('Ctrl Pts',(64.9310829616427,7.83315691307423,10.5));
#9432=CARTESIAN_POINT('Ctrl Pts',(65.6121338045279,8.82099309473175,10.));
#9433=CARTESIAN_POINT('Ctrl Pts',(65.6121338045279,8.82099309473175,10.5));
#9434=CARTESIAN_POINT('Ctrl Pts',(66.0124281360088,9.95395252892996,10.));
#9435=CARTESIAN_POINT('Ctrl Pts',(66.0124281360088,9.95395252892996,10.5));
#9436=CARTESIAN_POINT('Ctrl Pts',(66.237715035677,10.5915856361389,10.));
#9437=CARTESIAN_POINT('Ctrl Pts',(66.237715035677,10.5915856361389,10.5));
#9438=CARTESIAN_POINT('',(64.6333296597004,7.40127801895142,10.));
#9439=CARTESIAN_POINT('Ctrl Pts',(66.237715035677,10.5915856361389,10.));
#9440=CARTESIAN_POINT('Ctrl Pts',(66.0124281360088,9.95395252892996,10.));
#9441=CARTESIAN_POINT('Ctrl Pts',(65.6121338045279,8.82099309473175,10.));
#9442=CARTESIAN_POINT('Ctrl Pts',(64.9310829616427,7.83315691307423,10.));
#9443=CARTESIAN_POINT('Ctrl Pts',(64.6333296597004,7.40127801895142,10.));
#9444=CARTESIAN_POINT('',(64.6333296597004,7.40127801895142,10.5));
#9445=CARTESIAN_POINT('Ctrl Pts',(64.6333296597004,7.40127801895142,10.5));
#9446=CARTESIAN_POINT('Ctrl Pts',(64.9310829616427,7.83315691307423,10.5));
#9447=CARTESIAN_POINT('Ctrl Pts',(65.6121338045279,8.82099309473175,10.5));
#9448=CARTESIAN_POINT('Ctrl Pts',(66.0124281360088,9.95395252892996,10.5));
#9449=CARTESIAN_POINT('Ctrl Pts',(66.237715035677,10.5915856361389,10.5));
#9450=CARTESIAN_POINT('',(64.6333296597004,7.40127801895142,10.));
#9451=CARTESIAN_POINT('Ctrl Pts',(62.0532400906086,5.6487250328064,10.));
#9452=CARTESIAN_POINT('Ctrl Pts',(62.0532400906086,5.6487250328064,10.5));
#9453=CARTESIAN_POINT('Ctrl Pts',(62.5729742960431,5.88146949915489,10.));
#9454=CARTESIAN_POINT('Ctrl Pts',(62.5729742960431,5.88146949915489,10.5));
#9455=CARTESIAN_POINT('Ctrl Pts',(63.5382770156471,6.31374596660646,10.));
#9456=CARTESIAN_POINT('Ctrl Pts',(63.5382770156471,6.31374596660646,10.5));
#9457=CARTESIAN_POINT('Ctrl Pts',(64.2875000985978,7.05782354268498,10.));
#9458=CARTESIAN_POINT('Ctrl Pts',(64.2875000985978,7.05782354268498,10.5));
#9459=CARTESIAN_POINT('Ctrl Pts',(64.6333296597004,7.40127801895142,10.));
#9460=CARTESIAN_POINT('Ctrl Pts',(64.6333296597004,7.40127801895142,10.5));
#9461=CARTESIAN_POINT('',(62.0532400906086,5.6487250328064,10.));
#9462=CARTESIAN_POINT('Ctrl Pts',(64.6333296597004,7.40127801895142,10.));
#9463=CARTESIAN_POINT('Ctrl Pts',(64.2875000985978,7.05782354268498,10.));
#9464=CARTESIAN_POINT('Ctrl Pts',(63.5382770156471,6.31374596660646,10.));
#9465=CARTESIAN_POINT('Ctrl Pts',(62.5729742960431,5.88146949915489,10.));
#9466=CARTESIAN_POINT('Ctrl Pts',(62.0532400906086,5.6487250328064,10.));
#9467=CARTESIAN_POINT('',(62.0532400906086,5.6487250328064,10.5));
#9468=CARTESIAN_POINT('Ctrl Pts',(62.0532400906086,5.6487250328064,10.5));
#9469=CARTESIAN_POINT('Ctrl Pts',(62.5729742960431,5.88146949915489,10.5));
#9470=CARTESIAN_POINT('Ctrl Pts',(63.5382770156471,6.31374596660646,10.5));
#9471=CARTESIAN_POINT('Ctrl Pts',(64.2875000985978,7.05782354268498,10.5));
#9472=CARTESIAN_POINT('Ctrl Pts',(64.6333296597004,7.40127801895142,10.5));
#9473=CARTESIAN_POINT('',(62.0532400906086,5.6487250328064,10.));
#9474=CARTESIAN_POINT('Ctrl Pts',(58.4342177212238,4.94776010513306,10.));
#9475=CARTESIAN_POINT('Ctrl Pts',(58.4342177212238,4.94776010513306,10.5));
#9476=CARTESIAN_POINT('Ctrl Pts',(59.0610456097238,4.97575981926367,10.));
#9477=CARTESIAN_POINT('Ctrl Pts',(59.0610456097238,4.97575981926367,10.5));
#9478=CARTESIAN_POINT('Ctrl Pts',(60.3020911772989,5.03119596330365,10.));
#9479=CARTESIAN_POINT('Ctrl Pts',(60.3020911772989,5.03119596330365,10.5));
#9480=CARTESIAN_POINT('Ctrl Pts',(61.4734913012172,5.44428112301828,10.));
#9481=CARTESIAN_POINT('Ctrl Pts',(61.4734913012172,5.44428112301828,10.5));
#9482=CARTESIAN_POINT('Ctrl Pts',(62.0532400906086,5.6487250328064,10.));
#9483=CARTESIAN_POINT('Ctrl Pts',(62.0532400906086,5.6487250328064,10.5));
#9484=CARTESIAN_POINT('',(58.4342177212238,4.94776010513306,10.));
#9485=CARTESIAN_POINT('Ctrl Pts',(62.0532400906086,5.6487250328064,10.));
#9486=CARTESIAN_POINT('Ctrl Pts',(61.4734913012172,5.44428112301828,10.));
#9487=CARTESIAN_POINT('Ctrl Pts',(60.3020911772989,5.03119596330365,10.));
#9488=CARTESIAN_POINT('Ctrl Pts',(59.0610456097238,4.97575981926367,10.));
#9489=CARTESIAN_POINT('Ctrl Pts',(58.4342177212238,4.94776010513306,10.));
#9490=CARTESIAN_POINT('',(58.4342177212238,4.94776010513306,10.5));
#9491=CARTESIAN_POINT('Ctrl Pts',(58.4342177212238,4.94776010513306,10.5));
#9492=CARTESIAN_POINT('Ctrl Pts',(59.0610456097238,4.97575981926367,10.5));
#9493=CARTESIAN_POINT('Ctrl Pts',(60.3020911772989,5.03119596330365,10.5));
#9494=CARTESIAN_POINT('Ctrl Pts',(61.4734913012172,5.44428112301828,10.5));
#9495=CARTESIAN_POINT('Ctrl Pts',(62.0532400906086,5.6487250328064,10.5));
#9496=CARTESIAN_POINT('',(58.4342177212238,4.94776010513306,10.));
#9497=CARTESIAN_POINT('Ctrl Pts',(55.0997717678547,5.75359582901001,10.));
#9498=CARTESIAN_POINT('Ctrl Pts',(55.0997717678547,5.75359582901001,10.5));
#9499=CARTESIAN_POINT('Ctrl Pts',(55.5741343136417,5.51910939580136,10.));
#9500=CARTESIAN_POINT('Ctrl Pts',(55.5741343136417,5.51910939580136,10.5));
#9501=CARTESIAN_POINT('Ctrl Pts',(56.6217478146984,5.0012541067915,10.));
#9502=CARTESIAN_POINT('Ctrl Pts',(56.6217478146984,5.0012541067915,10.5));
#9503=CARTESIAN_POINT('Ctrl Pts',(57.7932016873056,4.96667932285803,10.));
#9504=CARTESIAN_POINT('Ctrl Pts',(57.7932016873056,4.96667932285803,10.5));
#9505=CARTESIAN_POINT('Ctrl Pts',(58.4342177212238,4.94776010513306,10.));
#9506=CARTESIAN_POINT('Ctrl Pts',(58.4342177212238,4.94776010513306,10.5));
#9507=CARTESIAN_POINT('',(55.0997717678547,5.75359582901001,10.));
#9508=CARTESIAN_POINT('Ctrl Pts',(58.4342177212238,4.94776010513306,10.));
#9509=CARTESIAN_POINT('Ctrl Pts',(57.7932016873056,4.96667932285803,10.));
#9510=CARTESIAN_POINT('Ctrl Pts',(56.6217478146984,5.0012541067915,10.));
#9511=CARTESIAN_POINT('Ctrl Pts',(55.5741343136417,5.51910939580136,10.));
#9512=CARTESIAN_POINT('Ctrl Pts',(55.0997717678547,5.75359582901001,10.));
#9513=CARTESIAN_POINT('',(55.0997717678547,5.75359582901001,10.5));
#9514=CARTESIAN_POINT('Ctrl Pts',(55.0997717678547,5.75359582901001,10.5));
#9515=CARTESIAN_POINT('Ctrl Pts',(55.5741343136417,5.51910939580136,10.5));
#9516=CARTESIAN_POINT('Ctrl Pts',(56.6217478146984,5.0012541067915,10.5));
#9517=CARTESIAN_POINT('Ctrl Pts',(57.7932016873056,4.96667932285803,10.5));
#9518=CARTESIAN_POINT('Ctrl Pts',(58.4342177212238,4.94776010513306,10.5));
#9519=CARTESIAN_POINT('',(55.0997717678547,5.75359582901001,10.));
#9520=CARTESIAN_POINT('Ctrl Pts',(53.8279803097248,7.81739950180054,10.));
#9521=CARTESIAN_POINT('Ctrl Pts',(53.8279803097248,7.81739950180054,10.5));
#9522=CARTESIAN_POINT('Ctrl Pts',(53.9002945632073,7.41134889684987,10.));
#9523=CARTESIAN_POINT('Ctrl Pts',(53.9002945632073,7.41134889684987,10.5));
#9524=CARTESIAN_POINT('Ctrl Pts',(54.0519064820196,6.56003524308481,10.));
#9525=CARTESIAN_POINT('Ctrl Pts',(54.0519064820196,6.56003524308481,10.5));
#9526=CARTESIAN_POINT('Ctrl Pts',(54.739919789187,6.03053869824457,10.));
#9527=CARTESIAN_POINT('Ctrl Pts',(54.739919789187,6.03053869824457,10.5));
#9528=CARTESIAN_POINT('Ctrl Pts',(55.0997717678547,5.75359582901001,10.));
#9529=CARTESIAN_POINT('Ctrl Pts',(55.0997717678547,5.75359582901001,10.5));
#9530=CARTESIAN_POINT('',(53.8279803097248,7.81739950180054,10.));
#9531=CARTESIAN_POINT('Ctrl Pts',(55.0997717678547,5.75359582901001,10.));
#9532=CARTESIAN_POINT('Ctrl Pts',(54.739919789187,6.03053869824457,10.));
#9533=CARTESIAN_POINT('Ctrl Pts',(54.0519064820196,6.56003524308481,10.));
#9534=CARTESIAN_POINT('Ctrl Pts',(53.9002945632073,7.41134889684987,10.));
#9535=CARTESIAN_POINT('Ctrl Pts',(53.8279803097248,7.81739950180054,10.));
#9536=CARTESIAN_POINT('',(53.8279803097248,7.81739950180054,10.5));
#9537=CARTESIAN_POINT('Ctrl Pts',(53.8279803097248,7.81739950180054,10.5));
#9538=CARTESIAN_POINT('Ctrl Pts',(53.9002945632073,7.41134889684987,10.5));
#9539=CARTESIAN_POINT('Ctrl Pts',(54.0519064820196,6.56003524308481,10.5));
#9540=CARTESIAN_POINT('Ctrl Pts',(54.739919789187,6.03053869824457,10.5));
#9541=CARTESIAN_POINT('Ctrl Pts',(55.0997717678547,5.75359582901001,10.5));
#9542=CARTESIAN_POINT('',(53.8279803097248,7.81739950180054,10.));
#9543=CARTESIAN_POINT('Ctrl Pts',(54.5480521023273,11.3162684440613,10.));
#9544=CARTESIAN_POINT('Ctrl Pts',(54.5480521023273,11.3162684440613,10.5));
#9545=CARTESIAN_POINT('Ctrl Pts',(54.3279552769116,10.6575649636839,10.));
#9546=CARTESIAN_POINT('Ctrl Pts',(54.3279552769116,10.6575649636839,10.5));
#9547=CARTESIAN_POINT('Ctrl Pts',(53.9472811068361,9.51828728330438,10.));
#9548=CARTESIAN_POINT('Ctrl Pts',(53.9472811068361,9.51828728330438,10.5));
#9549=CARTESIAN_POINT('Ctrl Pts',(53.8633742156897,8.32201526006171,10.));
#9550=CARTESIAN_POINT('Ctrl Pts',(53.8633742156897,8.32201526006171,10.5));
#9551=CARTESIAN_POINT('Ctrl Pts',(53.8279803097248,7.81739950180054,10.));
#9552=CARTESIAN_POINT('Ctrl Pts',(53.8279803097248,7.81739950180054,10.5));
#9553=CARTESIAN_POINT('',(54.5480521023273,11.3162684440613,10.));
#9554=CARTESIAN_POINT('Ctrl Pts',(53.8279803097248,7.81739950180054,10.));
#9555=CARTESIAN_POINT('Ctrl Pts',(53.8633742156897,8.32201526006171,10.));
#9556=CARTESIAN_POINT('Ctrl Pts',(53.9472811068361,9.51828728330438,10.));
#9557=CARTESIAN_POINT('Ctrl Pts',(54.3279552769116,10.6575649636839,10.));
#9558=CARTESIAN_POINT('Ctrl Pts',(54.5480521023273,11.3162684440613,10.));
#9559=CARTESIAN_POINT('',(54.5480521023273,11.3162684440613,10.5));
#9560=CARTESIAN_POINT('Ctrl Pts',(54.5480521023273,11.3162684440613,10.5));
#9561=CARTESIAN_POINT('Ctrl Pts',(54.3279552769116,10.6575649636839,10.5));
#9562=CARTESIAN_POINT('Ctrl Pts',(53.9472811068361,9.51828728330438,10.5));
#9563=CARTESIAN_POINT('Ctrl Pts',(53.8633742156897,8.32201526006171,10.5));
#9564=CARTESIAN_POINT('Ctrl Pts',(53.8279803097248,7.81739950180054,10.5));
#9565=CARTESIAN_POINT('',(54.5480521023273,11.3162684440613,10.));
#9566=CARTESIAN_POINT('Origin',(55.0662596523762,12.8395867347717,10.));
#9567=CARTESIAN_POINT('',(55.0662596523762,12.8395867347717,10.));
#9568=CARTESIAN_POINT('',(50.2530913954655,-1.30915973047772,10.));
#9569=CARTESIAN_POINT('',(55.0662596523762,12.8395867347717,10.5));
#9570=CARTESIAN_POINT('',(54.5480521023273,11.3162684440613,10.5));
#9571=CARTESIAN_POINT('',(55.0662596523762,12.8395867347717,10.));
#9572=CARTESIAN_POINT('Origin',(60.2783186733723,12.8395867347717,10.));
#9573=CARTESIAN_POINT('',(60.2783186733723,12.8395867347717,10.));
#9574=CARTESIAN_POINT('',(30.1391593366861,12.8395867347717,10.));
#9575=CARTESIAN_POINT('',(60.2783186733723,12.8395867347717,10.5));
#9576=CARTESIAN_POINT('',(55.0662596523762,12.8395867347717,10.5));
#9577=CARTESIAN_POINT('',(60.2783186733723,12.8395867347717,10.));
#9578=CARTESIAN_POINT('Origin',(59.3880446255207,10.2220368385315,10.));
#9579=CARTESIAN_POINT('',(59.3880446255207,10.2220368385315,10.));
#9580=CARTESIAN_POINT('',(54.7511011521788,-3.41132800772951,10.));
#9581=CARTESIAN_POINT('',(59.3880446255207,10.2220368385315,10.5));
#9582=CARTESIAN_POINT('',(60.2783186733723,12.8395867347717,10.5));
#9583=CARTESIAN_POINT('',(59.3880446255207,10.2220368385315,10.));
#9584=CARTESIAN_POINT('Ctrl Pts',(59.1042692959309,8.96982908248901,10.));
#9585=CARTESIAN_POINT('Ctrl Pts',(59.1042692959309,8.96982908248901,10.5));
#9586=CARTESIAN_POINT('Ctrl Pts',(59.1122767175662,9.11233954588462,10.));
#9587=CARTESIAN_POINT('Ctrl Pts',(59.1122767175662,9.11233954588462,10.5));
#9588=CARTESIAN_POINT('Ctrl Pts',(59.1364859105344,9.5431977503701,10.));
#9589=CARTESIAN_POINT('Ctrl Pts',(59.1364859105344,9.5431977503701,10.5));
#9590=CARTESIAN_POINT('Ctrl Pts',(59.2871884136609,9.94987318521483,10.));
#9591=CARTESIAN_POINT('Ctrl Pts',(59.2871884136609,9.94987318521483,10.5));
#9592=CARTESIAN_POINT('Ctrl Pts',(59.3880446255207,10.2220368385315,10.));
#9593=CARTESIAN_POINT('Ctrl Pts',(59.3880446255207,10.2220368385315,10.5));
#9594=CARTESIAN_POINT('',(59.1042692959309,8.96982908248901,10.));
#9595=CARTESIAN_POINT('Ctrl Pts',(59.3880446255207,10.2220368385315,10.));
#9596=CARTESIAN_POINT('Ctrl Pts',(59.2871884136609,9.94987318521483,10.));
#9597=CARTESIAN_POINT('Ctrl Pts',(59.1364859105344,9.5431977503701,10.));
#9598=CARTESIAN_POINT('Ctrl Pts',(59.1122767175662,9.11233954588462,10.));
#9599=CARTESIAN_POINT('Ctrl Pts',(59.1042692959309,8.96982908248901,10.));
#9600=CARTESIAN_POINT('',(59.1042692959309,8.96982908248901,10.5));
#9601=CARTESIAN_POINT('Ctrl Pts',(59.1042692959309,8.96982908248901,10.5));
#9602=CARTESIAN_POINT('Ctrl Pts',(59.1122767175662,9.11233954588462,10.5));
#9603=CARTESIAN_POINT('Ctrl Pts',(59.1364859105344,9.5431977503701,10.5));
#9604=CARTESIAN_POINT('Ctrl Pts',(59.2871884136609,9.94987318521483,10.5));
#9605=CARTESIAN_POINT('Ctrl Pts',(59.3880446255207,10.2220368385315,10.5));
#9606=CARTESIAN_POINT('',(59.1042692959309,8.96982908248901,10.));
#9607=CARTESIAN_POINT('Ctrl Pts',(59.5322974026203,8.74616384506226,10.));
#9608=CARTESIAN_POINT('Ctrl Pts',(59.5322974026203,8.74616384506226,10.5));
#9609=CARTESIAN_POINT('Ctrl Pts',(59.4267768508361,8.74864114727734,10.));
#9610=CARTESIAN_POINT('Ctrl Pts',(59.4267768508361,8.74864114727734,10.5));
#9611=CARTESIAN_POINT('Ctrl Pts',(59.2426293771345,8.75296437092229,10.));
#9612=CARTESIAN_POINT('Ctrl Pts',(59.2426293771345,8.75296437092229,10.5));
#9613=CARTESIAN_POINT('Ctrl Pts',(59.1456691715757,8.90493918062925,10.));
#9614=CARTESIAN_POINT('Ctrl Pts',(59.1456691715757,8.90493918062925,10.5));
#9615=CARTESIAN_POINT('Ctrl Pts',(59.1042692959309,8.96982908248901,10.));
#9616=CARTESIAN_POINT('Ctrl Pts',(59.1042692959309,8.96982908248901,10.5));
#9617=CARTESIAN_POINT('',(59.5322974026203,8.74616384506226,10.));
#9618=CARTESIAN_POINT('Ctrl Pts',(59.1042692959309,8.96982908248901,10.));
#9619=CARTESIAN_POINT('Ctrl Pts',(59.1456691715757,8.90493918062925,10.));
#9620=CARTESIAN_POINT('Ctrl Pts',(59.2426293771345,8.75296437092229,10.));
#9621=CARTESIAN_POINT('Ctrl Pts',(59.4267768508361,8.74864114727734,10.));
#9622=CARTESIAN_POINT('Ctrl Pts',(59.5322974026203,8.74616384506226,10.));
#9623=CARTESIAN_POINT('',(59.5322974026203,8.74616384506226,10.5));
#9624=CARTESIAN_POINT('Ctrl Pts',(59.5322974026203,8.74616384506226,10.5));
#9625=CARTESIAN_POINT('Ctrl Pts',(59.4267768508361,8.74864114727734,10.5));
#9626=CARTESIAN_POINT('Ctrl Pts',(59.2426293771345,8.75296437092229,10.5));
#9627=CARTESIAN_POINT('Ctrl Pts',(59.1456691715757,8.90493918062925,10.5));
#9628=CARTESIAN_POINT('Ctrl Pts',(59.1042692959309,8.96982908248901,10.5));
#9629=CARTESIAN_POINT('',(59.5322974026203,8.74616384506226,10.));
#9630=CARTESIAN_POINT('Ctrl Pts',(60.1998503506184,9.05587434768677,10.));
#9631=CARTESIAN_POINT('Ctrl Pts',(60.1998503506184,9.05587434768677,10.5));
#9632=CARTESIAN_POINT('Ctrl Pts',(60.10034336132,8.96559211961748,10.));
#9633=CARTESIAN_POINT('Ctrl Pts',(60.10034336132,8.96559211961748,10.5));
#9634=CARTESIAN_POINT('Ctrl Pts',(59.9094972498919,8.79243833133014,10.));
#9635=CARTESIAN_POINT('Ctrl Pts',(59.9094972498919,8.79243833133014,10.5));
#9636=CARTESIAN_POINT('Ctrl Pts',(59.6543913282409,8.76114220129805,10.));
#9637=CARTESIAN_POINT('Ctrl Pts',(59.6543913282409,8.76114220129805,10.5));
#9638=CARTESIAN_POINT('Ctrl Pts',(59.5322974026203,8.74616384506226,10.));
#9639=CARTESIAN_POINT('Ctrl Pts',(59.5322974026203,8.74616384506226,10.5));
#9640=CARTESIAN_POINT('',(60.1998503506184,9.05587434768677,10.));
#9641=CARTESIAN_POINT('Ctrl Pts',(59.5322974026203,8.74616384506226,10.));
#9642=CARTESIAN_POINT('Ctrl Pts',(59.6543913282409,8.76114220129805,10.));
#9643=CARTESIAN_POINT('Ctrl Pts',(59.9094972498919,8.79243833133014,10.));
#9644=CARTESIAN_POINT('Ctrl Pts',(60.10034336132,8.96559211961748,10.));
#9645=CARTESIAN_POINT('Ctrl Pts',(60.1998503506184,9.05587434768677,10.));
#9646=CARTESIAN_POINT('',(60.1998503506184,9.05587434768677,10.5));
#9647=CARTESIAN_POINT('Ctrl Pts',(60.1998503506184,9.05587434768677,10.5));
#9648=CARTESIAN_POINT('Ctrl Pts',(60.10034336132,8.96559211961748,10.5));
#9649=CARTESIAN_POINT('Ctrl Pts',(59.9094972498919,8.79243833133014,10.5));
#9650=CARTESIAN_POINT('Ctrl Pts',(59.6543913282409,8.76114220129805,10.5));
#9651=CARTESIAN_POINT('Ctrl Pts',(59.5322974026203,8.74616384506226,10.5));
#9652=CARTESIAN_POINT('',(60.1998503506184,9.05587434768677,10.));
#9653=CARTESIAN_POINT('Ctrl Pts',(60.7398588955402,10.0764489173889,10.));
#9654=CARTESIAN_POINT('Ctrl Pts',(60.7398588955402,10.0764489173889,10.5));
#9655=CARTESIAN_POINT('Ctrl Pts',(60.6660713582794,9.86661306106221,10.));
#9656=CARTESIAN_POINT('Ctrl Pts',(60.6660713582794,9.86661306106221,10.5));
#9657=CARTESIAN_POINT('Ctrl Pts',(60.5366879061447,9.49867440256966,10.));
#9658=CARTESIAN_POINT('Ctrl Pts',(60.5366879061447,9.49867440256966,10.5));
#9659=CARTESIAN_POINT('Ctrl Pts',(60.3010875446159,9.18895878059164,10.));
#9660=CARTESIAN_POINT('Ctrl Pts',(60.3010875446159,9.18895878059164,10.5));
#9661=CARTESIAN_POINT('Ctrl Pts',(60.1998503506184,9.05587434768677,10.));
#9662=CARTESIAN_POINT('Ctrl Pts',(60.1998503506184,9.05587434768677,10.5));
#9663=CARTESIAN_POINT('',(60.7398588955402,10.0764489173889,10.));
#9664=CARTESIAN_POINT('Ctrl Pts',(60.1998503506184,9.05587434768677,10.));
#9665=CARTESIAN_POINT('Ctrl Pts',(60.3010875446159,9.18895878059164,10.));
#9666=CARTESIAN_POINT('Ctrl Pts',(60.5366879061447,9.49867440256966,10.));
#9667=CARTESIAN_POINT('Ctrl Pts',(60.6660713582794,9.86661306106221,10.));
#9668=CARTESIAN_POINT('Ctrl Pts',(60.7398588955402,10.0764489173889,10.));
#9669=CARTESIAN_POINT('',(60.7398588955402,10.0764489173889,10.5));
#9670=CARTESIAN_POINT('Ctrl Pts',(60.7398588955402,10.0764489173889,10.5));
#9671=CARTESIAN_POINT('Ctrl Pts',(60.6660713582794,9.86661306106221,10.5));
#9672=CARTESIAN_POINT('Ctrl Pts',(60.5366879061447,9.49867440256966,10.5));
#9673=CARTESIAN_POINT('Ctrl Pts',(60.3010875446159,9.18895878059164,10.5));
#9674=CARTESIAN_POINT('Ctrl Pts',(60.1998503506184,9.05587434768677,10.5));
#9675=CARTESIAN_POINT('',(60.7398588955402,10.0764489173889,10.));
#9676=CARTESIAN_POINT('Ctrl Pts',(61.1514647305012,12.0805191993713,10.));
#9677=CARTESIAN_POINT('Ctrl Pts',(61.1514647305012,12.0805191993713,10.5));
#9678=CARTESIAN_POINT('Ctrl Pts',(61.1495537755208,11.8487490655809,10.));
#9679=CARTESIAN_POINT('Ctrl Pts',(61.1495537755208,11.8487490655809,10.5));
#9680=CARTESIAN_POINT('Ctrl Pts',(61.1438664171432,11.1589579268219,10.));
#9681=CARTESIAN_POINT('Ctrl Pts',(61.1438664171432,11.1589579268219,10.5));
#9682=CARTESIAN_POINT('Ctrl Pts',(60.9010733695904,10.508411470754,10.));
#9683=CARTESIAN_POINT('Ctrl Pts',(60.9010733695904,10.508411470754,10.5));
#9684=CARTESIAN_POINT('Ctrl Pts',(60.7398588955402,10.0764489173889,10.));
#9685=CARTESIAN_POINT('Ctrl Pts',(60.7398588955402,10.0764489173889,10.5));
#9686=CARTESIAN_POINT('',(61.1514647305012,12.0805191993713,10.));
#9687=CARTESIAN_POINT('Ctrl Pts',(60.7398588955402,10.0764489173889,10.));
#9688=CARTESIAN_POINT('Ctrl Pts',(60.9010733695904,10.508411470754,10.));
#9689=CARTESIAN_POINT('Ctrl Pts',(61.1438664171432,11.1589579268219,10.));
#9690=CARTESIAN_POINT('Ctrl Pts',(61.1495537755208,11.8487490655809,10.));
#9691=CARTESIAN_POINT('Ctrl Pts',(61.1514647305012,12.0805191993713,10.));
#9692=CARTESIAN_POINT('',(61.1514647305012,12.0805191993713,10.5));
#9693=CARTESIAN_POINT('Ctrl Pts',(61.1514647305012,12.0805191993713,10.5));
#9694=CARTESIAN_POINT('Ctrl Pts',(61.1495537755208,11.8487490655809,10.5));
#9695=CARTESIAN_POINT('Ctrl Pts',(61.1438664171432,11.1589579268219,10.5));
#9696=CARTESIAN_POINT('Ctrl Pts',(60.9010733695904,10.508411470754,10.5));
#9697=CARTESIAN_POINT('Ctrl Pts',(60.7398588955402,10.0764489173889,10.5));
#9698=CARTESIAN_POINT('',(61.1514647305012,12.0805191993713,10.));
#9699=CARTESIAN_POINT('Ctrl Pts',(59.2993147671223,13.8925194740295,10.));
#9700=CARTESIAN_POINT('Ctrl Pts',(59.2993147671223,13.8925194740295,10.5));
#9701=CARTESIAN_POINT('Ctrl Pts',(59.7072814848588,13.5497768631934,10.));
#9702=CARTESIAN_POINT('Ctrl Pts',(59.7072814848588,13.5497768631934,10.5));
#9703=CARTESIAN_POINT('Ctrl Pts',(60.3711128092592,12.9920762680514,10.));
#9704=CARTESIAN_POINT('Ctrl Pts',(60.3711128092592,12.9920762680514,10.5));
#9705=CARTESIAN_POINT('Ctrl Pts',(60.934366415021,12.3341195285145,10.));
#9706=CARTESIAN_POINT('Ctrl Pts',(60.934366415021,12.3341195285145,10.5));
#9707=CARTESIAN_POINT('Ctrl Pts',(61.1514647305012,12.0805191993713,10.));
#9708=CARTESIAN_POINT('Ctrl Pts',(61.1514647305012,12.0805191993713,10.5));
#9709=CARTESIAN_POINT('',(59.2993147671223,13.8925194740295,10.));
#9710=CARTESIAN_POINT('Ctrl Pts',(61.1514647305012,12.0805191993713,10.));
#9711=CARTESIAN_POINT('Ctrl Pts',(60.934366415021,12.3341195285145,10.));
#9712=CARTESIAN_POINT('Ctrl Pts',(60.3711128092592,12.9920762680514,10.));
#9713=CARTESIAN_POINT('Ctrl Pts',(59.7072814848588,13.5497768631934,10.));
#9714=CARTESIAN_POINT('Ctrl Pts',(59.2993147671223,13.8925194740295,10.));
#9715=CARTESIAN_POINT('',(59.2993147671223,13.8925194740295,10.5));
#9716=CARTESIAN_POINT('Ctrl Pts',(59.2993147671223,13.8925194740295,10.5));
#9717=CARTESIAN_POINT('Ctrl Pts',(59.7072814848588,13.5497768631934,10.5));
#9718=CARTESIAN_POINT('Ctrl Pts',(60.3711128092592,12.9920762680514,10.5));
#9719=CARTESIAN_POINT('Ctrl Pts',(60.934366415021,12.3341195285145,10.5));
#9720=CARTESIAN_POINT('Ctrl Pts',(61.1514647305012,12.0805191993713,10.5));
#9721=CARTESIAN_POINT('',(59.2993147671223,13.8925194740295,10.));
#9722=CARTESIAN_POINT('Ctrl Pts',(57.3816759884357,15.7510018348694,10.));
#9723=CARTESIAN_POINT('Ctrl Pts',(57.3816759884357,15.7510018348694,10.5));
#9724=CARTESIAN_POINT('Ctrl Pts',(57.6103022168661,15.493607278168,10.));
#9725=CARTESIAN_POINT('Ctrl Pts',(57.6103022168661,15.493607278168,10.5));
#9726=CARTESIAN_POINT('Ctrl Pts',(58.2026288226102,14.8267474644242,10.));
#9727=CARTESIAN_POINT('Ctrl Pts',(58.2026288226102,14.8267474644242,10.5));
#9728=CARTESIAN_POINT('Ctrl Pts',(58.882103643501,14.2479268826331,10.));
#9729=CARTESIAN_POINT('Ctrl Pts',(58.882103643501,14.2479268826331,10.5));
#9730=CARTESIAN_POINT('Ctrl Pts',(59.2993147671223,13.8925194740295,10.));
#9731=CARTESIAN_POINT('Ctrl Pts',(59.2993147671223,13.8925194740295,10.5));
#9732=CARTESIAN_POINT('',(57.3816759884357,15.7510018348694,10.));
#9733=CARTESIAN_POINT('Ctrl Pts',(59.2993147671223,13.8925194740295,10.));
#9734=CARTESIAN_POINT('Ctrl Pts',(58.882103643501,14.2479268826331,10.));
#9735=CARTESIAN_POINT('Ctrl Pts',(58.2026288226102,14.8267474644242,10.));
#9736=CARTESIAN_POINT('Ctrl Pts',(57.6103022168661,15.493607278168,10.));
#9737=CARTESIAN_POINT('Ctrl Pts',(57.3816759884357,15.7510018348694,10.));
#9738=CARTESIAN_POINT('',(57.3816759884357,15.7510018348694,10.5));
#9739=CARTESIAN_POINT('Ctrl Pts',(57.3816759884357,15.7510018348694,10.5));
#9740=CARTESIAN_POINT('Ctrl Pts',(57.6103022168661,15.493607278168,10.5));
#9741=CARTESIAN_POINT('Ctrl Pts',(58.2026288226102,14.8267474644242,10.5));
#9742=CARTESIAN_POINT('Ctrl Pts',(58.882103643501,14.2479268826331,10.5));
#9743=CARTESIAN_POINT('Ctrl Pts',(59.2993147671223,13.8925194740295,10.5));
#9744=CARTESIAN_POINT('',(57.3816759884357,15.7510018348694,10.));
#9745=CARTESIAN_POINT('Ctrl Pts',(56.8761523067951,17.3872590065002,10.));
#9746=CARTESIAN_POINT('Ctrl Pts',(56.8761523067951,17.3872590065002,10.5));
#9747=CARTESIAN_POINT('Ctrl Pts',(56.9058893640773,17.0687316950259,10.));
#9748=CARTESIAN_POINT('Ctrl Pts',(56.9058893640773,17.0687316950259,10.5));
#9749=CARTESIAN_POINT('Ctrl Pts',(56.9602598037709,16.4863448833481,10.));
#9750=CARTESIAN_POINT('Ctrl Pts',(56.9602598037709,16.4863448833481,10.5));
#9751=CARTESIAN_POINT('Ctrl Pts',(57.2502784717764,15.9802817106285,10.));
#9752=CARTESIAN_POINT('Ctrl Pts',(57.2502784717764,15.9802817106285,10.5));
#9753=CARTESIAN_POINT('Ctrl Pts',(57.3816759884357,15.7510018348694,10.));
#9754=CARTESIAN_POINT('Ctrl Pts',(57.3816759884357,15.7510018348694,10.5));
#9755=CARTESIAN_POINT('',(56.8761523067951,17.3872590065002,10.));
#9756=CARTESIAN_POINT('Ctrl Pts',(57.3816759884357,15.7510018348694,10.));
#9757=CARTESIAN_POINT('Ctrl Pts',(57.2502784717764,15.9802817106285,10.));
#9758=CARTESIAN_POINT('Ctrl Pts',(56.9602598037709,16.4863448833481,10.));
#9759=CARTESIAN_POINT('Ctrl Pts',(56.9058893640773,17.0687316950259,10.));
#9760=CARTESIAN_POINT('Ctrl Pts',(56.8761523067951,17.3872590065002,10.));
#9761=CARTESIAN_POINT('',(56.8761523067951,17.3872590065002,10.5));
#9762=CARTESIAN_POINT('Ctrl Pts',(56.8761523067951,17.3872590065002,10.5));
#9763=CARTESIAN_POINT('Ctrl Pts',(56.9058893640773,17.0687316950259,10.5));
#9764=CARTESIAN_POINT('Ctrl Pts',(56.9602598037709,16.4863448833481,10.5));
#9765=CARTESIAN_POINT('Ctrl Pts',(57.2502784717764,15.9802817106285,10.5));
#9766=CARTESIAN_POINT('Ctrl Pts',(57.3816759884357,15.7510018348694,10.5));
#9767=CARTESIAN_POINT('',(56.8761523067951,17.3872590065002,10.));
#9768=CARTESIAN_POINT('Ctrl Pts',(57.3567087948322,20.0432181358337,10.));
#9769=CARTESIAN_POINT('Ctrl Pts',(57.3567087948322,20.0432181358337,10.5));
#9770=CARTESIAN_POINT('Ctrl Pts',(57.1990200289476,19.5582595839493,10.));
#9771=CARTESIAN_POINT('Ctrl Pts',(57.1990200289476,19.5582595839493,10.5));
#9772=CARTESIAN_POINT('Ctrl Pts',(56.9178036367866,18.6934021951336,10.));
#9773=CARTESIAN_POINT('Ctrl Pts',(56.9178036367866,18.6934021951336,10.5));
#9774=CARTESIAN_POINT('Ctrl Pts',(56.8888642671719,17.7858931068677,10.));
#9775=CARTESIAN_POINT('Ctrl Pts',(56.8888642671719,17.7858931068677,10.5));
#9776=CARTESIAN_POINT('Ctrl Pts',(56.8761523067951,17.3872590065002,10.));
#9777=CARTESIAN_POINT('Ctrl Pts',(56.8761523067951,17.3872590065002,10.5));
#9778=CARTESIAN_POINT('',(57.3567087948322,20.0432181358337,10.));
#9779=CARTESIAN_POINT('Ctrl Pts',(56.8761523067951,17.3872590065002,10.));
#9780=CARTESIAN_POINT('Ctrl Pts',(56.8888642671719,17.7858931068677,10.));
#9781=CARTESIAN_POINT('Ctrl Pts',(56.9178036367866,18.6934021951336,10.));
#9782=CARTESIAN_POINT('Ctrl Pts',(57.1990200289476,19.5582595839493,10.));
#9783=CARTESIAN_POINT('Ctrl Pts',(57.3567087948322,20.0432181358337,10.));
#9784=CARTESIAN_POINT('',(57.3567087948322,20.0432181358337,10.5));
#9785=CARTESIAN_POINT('Ctrl Pts',(57.3567087948322,20.0432181358337,10.5));
#9786=CARTESIAN_POINT('Ctrl Pts',(57.1990200289476,19.5582595839493,10.5));
#9787=CARTESIAN_POINT('Ctrl Pts',(56.9178036367866,18.6934021951336,10.5));
#9788=CARTESIAN_POINT('Ctrl Pts',(56.8888642671719,17.7858931068677,10.5));
#9789=CARTESIAN_POINT('Ctrl Pts',(56.8761523067951,17.3872590065002,10.5));
#9790=CARTESIAN_POINT('',(57.3567087948322,20.0432181358337,10.));
#9791=CARTESIAN_POINT('Ctrl Pts',(59.1209776699543,23.4481596946716,10.));
#9792=CARTESIAN_POINT('Ctrl Pts',(59.1209776699543,23.4481596946716,10.5));
#9793=CARTESIAN_POINT('Ctrl Pts',(58.7899500142326,22.9926320000866,10.));
#9794=CARTESIAN_POINT('Ctrl Pts',(58.7899500142326,22.9926320000866,10.5));
#9795=CARTESIAN_POINT('Ctrl Pts',(58.0313290907064,21.9486925153195,10.));
#9796=CARTESIAN_POINT('Ctrl Pts',(58.0313290907064,21.9486925153195,10.5));
#9797=CARTESIAN_POINT('Ctrl Pts',(57.5998883984386,20.7300822979696,10.));
#9798=CARTESIAN_POINT('Ctrl Pts',(57.5998883984386,20.7300822979696,10.5));
#9799=CARTESIAN_POINT('Ctrl Pts',(57.3567087948322,20.0432181358337,10.));
#9800=CARTESIAN_POINT('Ctrl Pts',(57.3567087948322,20.0432181358337,10.5));
#9801=CARTESIAN_POINT('',(59.1209776699543,23.4481596946716,10.));
#9802=CARTESIAN_POINT('Ctrl Pts',(57.3567087948322,20.0432181358337,10.));
#9803=CARTESIAN_POINT('Ctrl Pts',(57.5998883984386,20.7300822979696,10.));
#9804=CARTESIAN_POINT('Ctrl Pts',(58.0313290907064,21.9486925153195,10.));
#9805=CARTESIAN_POINT('Ctrl Pts',(58.7899500142326,22.9926320000866,10.));
#9806=CARTESIAN_POINT('Ctrl Pts',(59.1209776699543,23.4481596946716,10.));
#9807=CARTESIAN_POINT('',(59.1209776699543,23.4481596946716,10.5));
#9808=CARTESIAN_POINT('Ctrl Pts',(59.1209776699543,23.4481596946716,10.5));
#9809=CARTESIAN_POINT('Ctrl Pts',(58.7899500142326,22.9926320000866,10.5));
#9810=CARTESIAN_POINT('Ctrl Pts',(58.0313290907064,21.9486925153195,10.5));
#9811=CARTESIAN_POINT('Ctrl Pts',(57.5998883984386,20.7300822979696,10.5));
#9812=CARTESIAN_POINT('Ctrl Pts',(57.3567087948322,20.0432181358337,10.5));
#9813=CARTESIAN_POINT('',(59.1209776699543,23.4481596946716,10.));
#9814=CARTESIAN_POINT('Ctrl Pts',(61.6492064297199,25.1583647727966,10.));
#9815=CARTESIAN_POINT('Ctrl Pts',(61.6492064297199,25.1583647727966,10.5));
#9816=CARTESIAN_POINT('Ctrl Pts',(61.1623577875122,24.9401239017767,10.));
#9817=CARTESIAN_POINT('Ctrl Pts',(61.1623577875122,24.9401239017767,10.5));
#9818=CARTESIAN_POINT('Ctrl Pts',(60.219175724033,24.5173212949321,10.));
#9819=CARTESIAN_POINT('Ctrl Pts',(60.219175724033,24.5173212949321,10.5));
#9820=CARTESIAN_POINT('Ctrl Pts',(59.4790619360536,23.7967761810594,10.));
#9821=CARTESIAN_POINT('Ctrl Pts',(59.4790619360536,23.7967761810594,10.5));
#9822=CARTESIAN_POINT('Ctrl Pts',(59.1209776699543,23.4481596946716,10.));
#9823=CARTESIAN_POINT('Ctrl Pts',(59.1209776699543,23.4481596946716,10.5));
#9824=CARTESIAN_POINT('',(61.6492064297199,25.1583647727966,10.));
#9825=CARTESIAN_POINT('Ctrl Pts',(59.1209776699543,23.4481596946716,10.));
#9826=CARTESIAN_POINT('Ctrl Pts',(59.4790619360536,23.7967761810594,10.));
#9827=CARTESIAN_POINT('Ctrl Pts',(60.219175724033,24.5173212949321,10.));
#9828=CARTESIAN_POINT('Ctrl Pts',(61.1623577875122,24.9401239017767,10.));
#9829=CARTESIAN_POINT('Ctrl Pts',(61.6492064297199,25.1583647727966,10.));
#9830=CARTESIAN_POINT('',(61.6492064297199,25.1583647727966,10.5));
#9831=CARTESIAN_POINT('Ctrl Pts',(61.6492064297199,25.1583647727966,10.5));
#9832=CARTESIAN_POINT('Ctrl Pts',(61.1623577875122,24.9401239017767,10.5));
#9833=CARTESIAN_POINT('Ctrl Pts',(60.219175724033,24.5173212949321,10.5));
#9834=CARTESIAN_POINT('Ctrl Pts',(59.4790619360536,23.7967761810594,10.5));
#9835=CARTESIAN_POINT('Ctrl Pts',(59.1209776699543,23.4481596946716,10.5));
#9836=CARTESIAN_POINT('',(61.6492064297199,25.1583647727966,10.));
#9837=CARTESIAN_POINT('Ctrl Pts',(65.0595457851887,25.7713627815247,10.));
#9838=CARTESIAN_POINT('Ctrl Pts',(65.0595457851887,25.7713627815247,10.5));
#9839=CARTESIAN_POINT('Ctrl Pts',(64.4598709302761,25.7488626115796,10.));
#9840=CARTESIAN_POINT('Ctrl Pts',(64.4598709302761,25.7488626115796,10.5));
#9841=CARTESIAN_POINT('Ctrl Pts',(63.2937774366841,25.7051100654079,10.));
#9842=CARTESIAN_POINT('Ctrl Pts',(63.2937774366841,25.7051100654079,10.5));
#9843=CARTESIAN_POINT('Ctrl Pts',(62.1868740475247,25.337114877097,10.));
#9844=CARTESIAN_POINT('Ctrl Pts',(62.1868740475247,25.337114877097,10.5));
#9845=CARTESIAN_POINT('Ctrl Pts',(61.6492064297199,25.1583647727966,10.));
#9846=CARTESIAN_POINT('Ctrl Pts',(61.6492064297199,25.1583647727966,10.5));
#9847=CARTESIAN_POINT('',(65.0595457851887,25.7713627815247,10.));
#9848=CARTESIAN_POINT('Ctrl Pts',(61.6492064297199,25.1583647727966,10.));
#9849=CARTESIAN_POINT('Ctrl Pts',(62.1868740475247,25.337114877097,10.));
#9850=CARTESIAN_POINT('Ctrl Pts',(63.2937774366841,25.7051100654079,10.));
#9851=CARTESIAN_POINT('Ctrl Pts',(64.4598709302761,25.7488626115796,10.));
#9852=CARTESIAN_POINT('Ctrl Pts',(65.0595457851887,25.7713627815247,10.));
#9853=CARTESIAN_POINT('',(65.0595457851887,25.7713627815247,10.5));
#9854=CARTESIAN_POINT('Ctrl Pts',(65.0595457851887,25.7713627815247,10.5));
#9855=CARTESIAN_POINT('Ctrl Pts',(64.4598709302761,25.7488626115796,10.5));
#9856=CARTESIAN_POINT('Ctrl Pts',(63.2937774366841,25.7051100654079,10.5));
#9857=CARTESIAN_POINT('Ctrl Pts',(62.1868740475247,25.337114877097,10.5));
#9858=CARTESIAN_POINT('Ctrl Pts',(61.6492064297199,25.1583647727966,10.5));
#9859=CARTESIAN_POINT('',(65.0595457851887,25.7713627815247,10.));
#9860=CARTESIAN_POINT('Ctrl Pts',(68.3264906704426,25.09929895401,10.));
#9861=CARTESIAN_POINT('Ctrl Pts',(68.3264906704426,25.09929895401,10.5));
#9862=CARTESIAN_POINT('Ctrl Pts',(67.8543482294057,25.2948534363348,10.));
#9863=CARTESIAN_POINT('Ctrl Pts',(67.8543482294057,25.2948534363348,10.5));
#9864=CARTESIAN_POINT('Ctrl Pts',(66.810764166889,25.7270906668191,10.));
#9865=CARTESIAN_POINT('Ctrl Pts',(66.810764166889,25.7270906668191,10.5));
#9866=CARTESIAN_POINT('Ctrl Pts',(65.6791762229708,25.7556980591216,10.));
#9867=CARTESIAN_POINT('Ctrl Pts',(65.6791762229708,25.7556980591216,10.5));
#9868=CARTESIAN_POINT('Ctrl Pts',(65.0595457851887,25.7713627815247,10.));
#9869=CARTESIAN_POINT('Ctrl Pts',(65.0595457851887,25.7713627815247,10.5));
#9870=CARTESIAN_POINT('',(68.3264906704426,25.09929895401,10.));
#9871=CARTESIAN_POINT('Ctrl Pts',(65.0595457851887,25.7713627815247,10.));
#9872=CARTESIAN_POINT('Ctrl Pts',(65.6791762229708,25.7556980591216,10.));
#9873=CARTESIAN_POINT('Ctrl Pts',(66.810764166889,25.7270906668191,10.));
#9874=CARTESIAN_POINT('Ctrl Pts',(67.8543482294057,25.2948534363348,10.));
#9875=CARTESIAN_POINT('Ctrl Pts',(68.3264906704426,25.09929895401,10.));
#9876=CARTESIAN_POINT('',(68.3264906704426,25.09929895401,10.5));
#9877=CARTESIAN_POINT('Ctrl Pts',(68.3264906704426,25.09929895401,10.5));
#9878=CARTESIAN_POINT('Ctrl Pts',(67.8543482294057,25.2948534363348,10.5));
#9879=CARTESIAN_POINT('Ctrl Pts',(66.810764166889,25.7270906668191,10.5));
#9880=CARTESIAN_POINT('Ctrl Pts',(65.6791762229708,25.7556980591216,10.5));
#9881=CARTESIAN_POINT('Ctrl Pts',(65.0595457851887,25.7713627815247,10.5));
#9882=CARTESIAN_POINT('',(68.3264906704426,25.09929895401,10.));
#9883=CARTESIAN_POINT('Ctrl Pts',(69.6918089687824,23.3923649787903,10.));
#9884=CARTESIAN_POINT('Ctrl Pts',(69.6918089687824,23.3923649787903,10.5));
#9885=CARTESIAN_POINT('Ctrl Pts',(69.5866460926537,23.730227235062,10.));
#9886=CARTESIAN_POINT('Ctrl Pts',(69.5866460926537,23.730227235062,10.5));
#9887=CARTESIAN_POINT('Ctrl Pts',(69.3561158931657,24.4708636288631,10.));
#9888=CARTESIAN_POINT('Ctrl Pts',(69.3561158931657,24.4708636288631,10.5));
#9889=CARTESIAN_POINT('Ctrl Pts',(68.6891831590086,24.8779283358957,10.));
#9890=CARTESIAN_POINT('Ctrl Pts',(68.6891831590086,24.8779283358957,10.5));
#9891=CARTESIAN_POINT('Ctrl Pts',(68.3264906704426,25.09929895401,10.));
#9892=CARTESIAN_POINT('Ctrl Pts',(68.3264906704426,25.09929895401,10.5));
#9893=CARTESIAN_POINT('',(69.6918089687824,23.3923649787903,10.));
#9894=CARTESIAN_POINT('Ctrl Pts',(68.3264906704426,25.09929895401,10.));
#9895=CARTESIAN_POINT('Ctrl Pts',(68.6891831590086,24.8779283358957,10.));
#9896=CARTESIAN_POINT('Ctrl Pts',(69.3561158931657,24.4708636288631,10.));
#9897=CARTESIAN_POINT('Ctrl Pts',(69.5866460926537,23.730227235062,10.));
#9898=CARTESIAN_POINT('Ctrl Pts',(69.6918089687824,23.3923649787903,10.));
#9899=CARTESIAN_POINT('',(69.6918089687824,23.3923649787903,10.5));
#9900=CARTESIAN_POINT('Ctrl Pts',(69.6918089687824,23.3923649787903,10.5));
#9901=CARTESIAN_POINT('Ctrl Pts',(69.5866460926537,23.730227235062,10.5));
#9902=CARTESIAN_POINT('Ctrl Pts',(69.3561158931657,24.4708636288631,10.5));
#9903=CARTESIAN_POINT('Ctrl Pts',(68.6891831590086,24.8779283358957,10.5));
#9904=CARTESIAN_POINT('Ctrl Pts',(68.3264906704426,25.09929895401,10.5));
#9905=CARTESIAN_POINT('',(69.6918089687824,23.3923649787903,10.));
#9906=CARTESIAN_POINT('Ctrl Pts',(69.0127547085285,19.9788737297058,10.));
#9907=CARTESIAN_POINT('Ctrl Pts',(69.0127547085285,19.9788737297058,10.5));
#9908=CARTESIAN_POINT('Ctrl Pts',(69.2458987122888,20.6523824762307,10.));
#9909=CARTESIAN_POINT('Ctrl Pts',(69.2458987122888,20.6523824762307,10.5));
#9910=CARTESIAN_POINT('Ctrl Pts',(69.6301025520687,21.7622743986762,10.));
#9911=CARTESIAN_POINT('Ctrl Pts',(69.6301025520687,21.7622743986762,10.5));
#9912=CARTESIAN_POINT('Ctrl Pts',(69.6743944465356,22.932327754405,10.));
#9913=CARTESIAN_POINT('Ctrl Pts',(69.6743944465356,22.932327754405,10.5));
#9914=CARTESIAN_POINT('Ctrl Pts',(69.6918089687824,23.3923649787903,10.));
#9915=CARTESIAN_POINT('Ctrl Pts',(69.6918089687824,23.3923649787903,10.5));
#9916=CARTESIAN_POINT('',(69.0127547085285,19.9788737297058,10.));
#9917=CARTESIAN_POINT('Ctrl Pts',(69.6918089687824,23.3923649787903,10.));
#9918=CARTESIAN_POINT('Ctrl Pts',(69.6743944465356,22.932327754405,10.));
#9919=CARTESIAN_POINT('Ctrl Pts',(69.6301025520687,21.7622743986762,10.));
#9920=CARTESIAN_POINT('Ctrl Pts',(69.2458987122888,20.6523824762307,10.));
#9921=CARTESIAN_POINT('Ctrl Pts',(69.0127547085285,19.9788737297058,10.));
#9922=CARTESIAN_POINT('',(69.0127547085285,19.9788737297058,10.5));
#9923=CARTESIAN_POINT('Ctrl Pts',(69.0127547085285,19.9788737297058,10.5));
#9924=CARTESIAN_POINT('Ctrl Pts',(69.2458987122888,20.6523824762307,10.5));
#9925=CARTESIAN_POINT('Ctrl Pts',(69.6301025520687,21.7622743986762,10.5));
#9926=CARTESIAN_POINT('Ctrl Pts',(69.6743944465356,22.932327754405,10.5));
#9927=CARTESIAN_POINT('Ctrl Pts',(69.6918089687824,23.3923649787903,10.5));
#9928=CARTESIAN_POINT('',(69.0127547085285,19.9788737297058,10.));
#9929=CARTESIAN_POINT('Origin',(68.6666472256184,18.9612793922424,10.));
#9930=CARTESIAN_POINT('',(62.2164363851438,-0.0030549570834304,10.));
#9931=CARTESIAN_POINT('',(69.0127547085285,19.9788737297058,10.5));
#9932=CARTESIAN_POINT('Origin',(0.013403445482254,0.208976268768311,10.5));
#9933=CARTESIAN_POINT('Origin',(46.5212042629719,5.35341501235963,10.));
#9934=CARTESIAN_POINT('',(53.3237917721272,25.3534150123596,10.));
#9935=CARTESIAN_POINT('',(46.5212042629719,5.35341501235962,10.));
#9936=CARTESIAN_POINT('',(43.293241577639,-4.13698163741079,10.));
#9937=CARTESIAN_POINT('',(53.3237917721272,25.3534150123596,10.5));
#9938=CARTESIAN_POINT('',(53.3237917721272,25.3534150123596,10.));
#9939=CARTESIAN_POINT('',(46.5212042629719,5.35341501235962,10.5));
#9940=CARTESIAN_POINT('',(53.3237917721272,25.3534150123596,10.5));
#9941=CARTESIAN_POINT('',(46.5212042629719,5.35341501235962,10.));
#9942=CARTESIAN_POINT('Origin',(41.6264612972736,5.35341501235962,10.));
#9943=CARTESIAN_POINT('',(41.6264612972736,5.35341501235962,10.));
#9944=CARTESIAN_POINT('',(20.8132306486368,5.35341501235962,10.));
#9945=CARTESIAN_POINT('',(41.6264612972736,5.35341501235962,10.5));
#9946=CARTESIAN_POINT('',(46.5212042629719,5.35341501235962,10.5));
#9947=CARTESIAN_POINT('',(41.6264612972736,5.35341501235962,10.));
#9948=CARTESIAN_POINT('Origin',(42.444875985384,14.2219233512878,10.));
#9949=CARTESIAN_POINT('',(42.444875985384,14.2219233512878,10.));
#9950=CARTESIAN_POINT('',(41.6149864493208,5.22907122156965,10.));
#9951=CARTESIAN_POINT('',(42.444875985384,14.2219233512878,10.5));
#9952=CARTESIAN_POINT('',(41.6264612972736,5.35341501235962,10.5));
#9953=CARTESIAN_POINT('',(42.444875985384,14.2219233512878,10.));
#9954=CARTESIAN_POINT('Origin',(39.4283945858479,5.35341501235962,10.));
#9955=CARTESIAN_POINT('',(39.4283945858479,5.35341501235962,10.));
#9956=CARTESIAN_POINT('',(36.5681070611458,-3.05588058895026,10.));
#9957=CARTESIAN_POINT('',(39.4283945858479,5.35341501235962,10.5));
#9958=CARTESIAN_POINT('',(42.444875985384,14.2219233512878,10.5));
#9959=CARTESIAN_POINT('',(39.4283945858479,5.35341501235962,10.));
#9960=CARTESIAN_POINT('Origin',(34.6834643185139,5.35341501235962,10.));
#9961=CARTESIAN_POINT('',(34.6834643185139,5.35341501235962,10.));
#9962=CARTESIAN_POINT('',(17.3417321592569,5.35341501235962,10.));
#9963=CARTESIAN_POINT('',(34.6834643185139,5.35341501235962,10.5));
#9964=CARTESIAN_POINT('',(39.4283945858479,5.35341501235962,10.5));
#9965=CARTESIAN_POINT('',(34.6834643185139,5.35341501235962,10.));
#9966=CARTESIAN_POINT('Origin',(41.4860518276691,25.3534150123596,10.));
#9967=CARTESIAN_POINT('',(41.4860518276691,25.3534150123596,10.));
#9968=CARTESIAN_POINT('',(35.4705352390143,7.66744895735805,10.));
#9969=CARTESIAN_POINT('',(41.4860518276691,25.3534150123596,10.5));
#9970=CARTESIAN_POINT('',(34.6834643185139,5.35341501235962,10.5));
#9971=CARTESIAN_POINT('',(41.4860518276691,25.3534150123596,10.));
#9972=CARTESIAN_POINT('Origin',(46.1712534725666,25.3534150123596,10.));
#9973=CARTESIAN_POINT('',(46.1712534725666,25.3534150123596,10.));
#9974=CARTESIAN_POINT('',(23.0856267362833,25.3534150123596,10.));
#9975=CARTESIAN_POINT('',(46.1712534725666,25.3534150123596,10.5));
#9976=CARTESIAN_POINT('',(41.4860518276691,25.3534150123596,10.5));
#9977=CARTESIAN_POINT('',(46.1712534725666,25.3534150123596,10.));
#9978=CARTESIAN_POINT('Origin',(45.5911906063557,16.5692257881165,10.));
#9979=CARTESIAN_POINT('',(45.5911906063557,16.5692257881165,10.));
#9980=CARTESIAN_POINT('',(44.9475213992951,6.82181315063469,10.));
#9981=CARTESIAN_POINT('',(45.5911906063557,16.5692257881165,10.5));
#9982=CARTESIAN_POINT('',(46.1712534725666,25.3534150123596,10.5));
#9983=CARTESIAN_POINT('',(45.5911906063557,16.5692257881165,10.));
#9984=CARTESIAN_POINT('Origin',(48.5788615047932,25.3534150123596,10.));
#9985=CARTESIAN_POINT('',(48.5788615047932,25.3534150123596,10.));
#9986=CARTESIAN_POINT('',(42.1958388849261,6.58639534333904,10.));
#9987=CARTESIAN_POINT('',(48.5788615047932,25.3534150123596,10.5));
#9988=CARTESIAN_POINT('',(45.5911906063557,16.5692257881165,10.5));
#9989=CARTESIAN_POINT('',(48.5788615047932,25.3534150123596,10.));
#9990=CARTESIAN_POINT('Origin',(53.3237917721272,25.3534150123596,10.));
#9991=CARTESIAN_POINT('',(26.6618958860636,25.3534150123596,10.));
#9992=CARTESIAN_POINT('',(48.5788615047932,25.3534150123596,10.5));
#9993=CARTESIAN_POINT('Origin',(0.013403445482254,0.208976268768311,10.5));
#9994=CARTESIAN_POINT('Origin',(12.9567416012287,18.9612793922424,10.));
#9995=CARTESIAN_POINT('',(18.1687910854816,18.9612793922424,10.));
#9996=CARTESIAN_POINT('',(12.9567416012287,18.9612793922424,10.));
#9997=CARTESIAN_POINT('',(6.47837080061436,18.9612793922424,10.));
#9998=CARTESIAN_POINT('',(18.1687910854816,18.9612793922424,10.5));
#9999=CARTESIAN_POINT('',(18.1687910854816,18.9612793922424,10.));
#10000=CARTESIAN_POINT('',(12.9567416012287,18.9612793922424,10.5));
#10001=CARTESIAN_POINT('',(18.1687910854816,18.9612793922424,10.5));
#10002=CARTESIAN_POINT('',(12.9567416012287,18.9612793922424,10.));
#10003=CARTESIAN_POINT('Origin',(13.531997948885,20.6526589393616,10.));
#10004=CARTESIAN_POINT('',(13.531997948885,20.6526589393616,10.));
#10005=CARTESIAN_POINT('',(9.68253157542066,9.33438541152025,10.));
#10006=CARTESIAN_POINT('',(13.531997948885,20.6526589393616,10.5));
#10007=CARTESIAN_POINT('',(12.9567416012287,18.9612793922424,10.5));
#10008=CARTESIAN_POINT('',(13.531997948885,20.6526589393616,10.));
#10009=CARTESIAN_POINT('Ctrl Pts',(13.7877352535725,21.7789673805237,10.));
#10010=CARTESIAN_POINT('Ctrl Pts',(13.7877352535725,21.7789673805237,10.5));
#10011=CARTESIAN_POINT('Ctrl Pts',(13.7807520082058,21.6519919557636,10.));
#10012=CARTESIAN_POINT('Ctrl Pts',(13.7807520082058,21.6519919557636,10.5));
#10013=CARTESIAN_POINT('Ctrl Pts',(13.7594338488245,21.2643666897997,10.));
#10014=CARTESIAN_POINT('Ctrl Pts',(13.7594338488245,21.2643666897997,10.5));
#10015=CARTESIAN_POINT('Ctrl Pts',(13.6234423535025,20.8986062636564,10.));
#10016=CARTESIAN_POINT('Ctrl Pts',(13.6234423535025,20.8986062636564,10.5));
#10017=CARTESIAN_POINT('Ctrl Pts',(13.531997948885,20.6526589393616,10.));
#10018=CARTESIAN_POINT('Ctrl Pts',(13.531997948885,20.6526589393616,10.5));
#10019=CARTESIAN_POINT('',(13.7877352535725,21.7789673805237,10.));
#10020=CARTESIAN_POINT('Ctrl Pts',(13.531997948885,20.6526589393616,10.));
#10021=CARTESIAN_POINT('Ctrl Pts',(13.6234423535025,20.8986062636564,10.));
#10022=CARTESIAN_POINT('Ctrl Pts',(13.7594338488245,21.2643666897997,10.));
#10023=CARTESIAN_POINT('Ctrl Pts',(13.7807520082058,21.6519919557636,10.));
#10024=CARTESIAN_POINT('Ctrl Pts',(13.7877352535725,21.7789673805237,10.));
#10025=CARTESIAN_POINT('',(13.7877352535725,21.7789673805237,10.5));
#10026=CARTESIAN_POINT('Ctrl Pts',(13.7877352535725,21.7789673805237,10.5));
#10027=CARTESIAN_POINT('Ctrl Pts',(13.7807520082058,21.6519919557636,10.5));
#10028=CARTESIAN_POINT('Ctrl Pts',(13.7594338488245,21.2643666897997,10.5));
#10029=CARTESIAN_POINT('Ctrl Pts',(13.6234423535025,20.8986062636564,10.5));
#10030=CARTESIAN_POINT('Ctrl Pts',(13.531997948885,20.6526589393616,10.5));
#10031=CARTESIAN_POINT('',(13.7877352535725,21.7789673805237,10.));
#10032=CARTESIAN_POINT('Ctrl Pts',(13.439224511385,21.9729590415955,10.));
#10033=CARTESIAN_POINT('Ctrl Pts',(13.439224511385,21.9729590415955,10.5));
#10034=CARTESIAN_POINT('Ctrl Pts',(13.5237757947601,21.9693073716299,10.));
#10035=CARTESIAN_POINT('Ctrl Pts',(13.5237757947601,21.9693073716299,10.5));
#10036=CARTESIAN_POINT('Ctrl Pts',(13.6754698270789,21.962755885719,10.));
#10037=CARTESIAN_POINT('Ctrl Pts',(13.6754698270789,21.962755885719,10.5));
#10038=CARTESIAN_POINT('Ctrl Pts',(13.7532903613444,21.835356737888,10.));
#10039=CARTESIAN_POINT('Ctrl Pts',(13.7532903613444,21.835356737888,10.5));
#10040=CARTESIAN_POINT('Ctrl Pts',(13.7877352535725,21.7789673805237,10.));
#10041=CARTESIAN_POINT('Ctrl Pts',(13.7877352535725,21.7789673805237,10.5));
#10042=CARTESIAN_POINT('',(13.439224511385,21.9729590415955,10.));
#10043=CARTESIAN_POINT('Ctrl Pts',(13.7877352535725,21.7789673805237,10.));
#10044=CARTESIAN_POINT('Ctrl Pts',(13.7532903613444,21.835356737888,10.));
#10045=CARTESIAN_POINT('Ctrl Pts',(13.6754698270789,21.962755885719,10.));
#10046=CARTESIAN_POINT('Ctrl Pts',(13.5237757947601,21.9693073716299,10.));
#10047=CARTESIAN_POINT('Ctrl Pts',(13.439224511385,21.9729590415955,10.));
#10048=CARTESIAN_POINT('',(13.439224511385,21.9729590415955,10.5));
#10049=CARTESIAN_POINT('Ctrl Pts',(13.439224511385,21.9729590415955,10.5));
#10050=CARTESIAN_POINT('Ctrl Pts',(13.5237757947601,21.9693073716299,10.5));
#10051=CARTESIAN_POINT('Ctrl Pts',(13.6754698270789,21.962755885719,10.5));
#10052=CARTESIAN_POINT('Ctrl Pts',(13.7532903613444,21.835356737888,10.5));
#10053=CARTESIAN_POINT('Ctrl Pts',(13.7877352535725,21.7789673805237,10.5));
#10054=CARTESIAN_POINT('',(13.439224511385,21.9729590415955,10.));
#10055=CARTESIAN_POINT('Ctrl Pts',(12.8480322659016,21.6881155967712,10.));
#10056=CARTESIAN_POINT('Ctrl Pts',(12.8480322659016,21.6881155967712,10.5));
#10057=CARTESIAN_POINT('Ctrl Pts',(12.9381204599721,21.7710815347885,10.));
#10058=CARTESIAN_POINT('Ctrl Pts',(12.9381204599721,21.7710815347885,10.5));
#10059=CARTESIAN_POINT('Ctrl Pts',(13.1070192945948,21.9266274460933,10.));
#10060=CARTESIAN_POINT('Ctrl Pts',(13.1070192945948,21.9266274460933,10.5));
#10061=CARTESIAN_POINT('Ctrl Pts',(13.3335309124157,21.9582182945298,10.));
#10062=CARTESIAN_POINT('Ctrl Pts',(13.3335309124157,21.9582182945298,10.5));
#10063=CARTESIAN_POINT('Ctrl Pts',(13.439224511385,21.9729590415955,10.));
#10064=CARTESIAN_POINT('Ctrl Pts',(13.439224511385,21.9729590415955,10.5));
#10065=CARTESIAN_POINT('',(12.8480322659016,21.6881155967712,10.));
#10066=CARTESIAN_POINT('Ctrl Pts',(13.439224511385,21.9729590415955,10.));
#10067=CARTESIAN_POINT('Ctrl Pts',(13.3335309124157,21.9582182945298,10.));
#10068=CARTESIAN_POINT('Ctrl Pts',(13.1070192945948,21.9266274460933,10.));
#10069=CARTESIAN_POINT('Ctrl Pts',(12.9381204599721,21.7710815347885,10.));
#10070=CARTESIAN_POINT('Ctrl Pts',(12.8480322659016,21.6881155967712,10.));
#10071=CARTESIAN_POINT('',(12.8480322659016,21.6881155967712,10.5));
#10072=CARTESIAN_POINT('Ctrl Pts',(12.8480322659016,21.6881155967712,10.5));
#10073=CARTESIAN_POINT('Ctrl Pts',(12.9381204599721,21.7710815347885,10.5));
#10074=CARTESIAN_POINT('Ctrl Pts',(13.1070192945948,21.9266274460933,10.5));
#10075=CARTESIAN_POINT('Ctrl Pts',(13.3335309124157,21.9582182945298,10.5));
#10076=CARTESIAN_POINT('Ctrl Pts',(13.439224511385,21.9729590415955,10.5));
#10077=CARTESIAN_POINT('',(12.8480322659016,21.6881155967712,10.));
#10078=CARTESIAN_POINT('Ctrl Pts',(12.3371203243732,20.7173895835876,10.));
#10079=CARTESIAN_POINT('Ctrl Pts',(12.3371203243732,20.7173895835876,10.5));
#10080=CARTESIAN_POINT('Ctrl Pts',(12.4073517594719,20.9187245590832,10.));
#10081=CARTESIAN_POINT('Ctrl Pts',(12.4073517594719,20.9187245590832,10.5));
#10082=CARTESIAN_POINT('Ctrl Pts',(12.5294238043014,21.2686728709736,10.));
#10083=CARTESIAN_POINT('Ctrl Pts',(12.5294238043014,21.2686728709736,10.5));
#10084=CARTESIAN_POINT('Ctrl Pts',(12.7530601262577,21.5630863589192,10.));
#10085=CARTESIAN_POINT('Ctrl Pts',(12.7530601262577,21.5630863589192,10.5));
#10086=CARTESIAN_POINT('Ctrl Pts',(12.8480322659016,21.6881155967712,10.));
#10087=CARTESIAN_POINT('Ctrl Pts',(12.8480322659016,21.6881155967712,10.5));
#10088=CARTESIAN_POINT('',(12.3371203243732,20.7173895835876,10.));
#10089=CARTESIAN_POINT('Ctrl Pts',(12.8480322659016,21.6881155967712,10.));
#10090=CARTESIAN_POINT('Ctrl Pts',(12.7530601262577,21.5630863589192,10.));
#10091=CARTESIAN_POINT('Ctrl Pts',(12.5294238043014,21.2686728709736,10.));
#10092=CARTESIAN_POINT('Ctrl Pts',(12.4073517594719,20.9187245590832,10.));
#10093=CARTESIAN_POINT('Ctrl Pts',(12.3371203243732,20.7173895835876,10.));
#10094=CARTESIAN_POINT('',(12.3371203243732,20.7173895835876,10.5));
#10095=CARTESIAN_POINT('Ctrl Pts',(12.3371203243732,20.7173895835876,10.5));
#10096=CARTESIAN_POINT('Ctrl Pts',(12.4073517594719,20.9187245590832,10.5));
#10097=CARTESIAN_POINT('Ctrl Pts',(12.5294238043014,21.2686728709736,10.5));
#10098=CARTESIAN_POINT('Ctrl Pts',(12.7530601262577,21.5630863589192,10.5));
#10099=CARTESIAN_POINT('Ctrl Pts',(12.8480322659016,21.6881155967712,10.5));
#10100=CARTESIAN_POINT('',(12.3371203243732,20.7173895835876,10.));
#10101=CARTESIAN_POINT('Ctrl Pts',(12.0976050198078,19.4495272636414,10.));
#10102=CARTESIAN_POINT('Ctrl Pts',(12.0976050198078,19.4495272636414,10.5));
#10103=CARTESIAN_POINT('Ctrl Pts',(12.0986206005209,19.614808467449,10.));
#10104=CARTESIAN_POINT('Ctrl Pts',(12.0986206005209,19.614808467449,10.5));
#10105=CARTESIAN_POINT('Ctrl Pts',(12.1012938246655,20.0498637013575,10.));
#10106=CARTESIAN_POINT('Ctrl Pts',(12.1012938246655,20.0498637013575,10.5));
#10107=CARTESIAN_POINT('Ctrl Pts',(12.2468575210543,20.4618934561688,10.));
#10108=CARTESIAN_POINT('Ctrl Pts',(12.2468575210543,20.4618934561688,10.5));
#10109=CARTESIAN_POINT('Ctrl Pts',(12.3371203243732,20.7173895835876,10.));
#10110=CARTESIAN_POINT('Ctrl Pts',(12.3371203243732,20.7173895835876,10.5));
#10111=CARTESIAN_POINT('',(12.0976050198078,19.4495272636414,10.));
#10112=CARTESIAN_POINT('Ctrl Pts',(12.3371203243732,20.7173895835876,10.));
#10113=CARTESIAN_POINT('Ctrl Pts',(12.2468575210543,20.4618934561688,10.));
#10114=CARTESIAN_POINT('Ctrl Pts',(12.1012938246655,20.0498637013575,10.));
#10115=CARTESIAN_POINT('Ctrl Pts',(12.0986206005209,19.614808467449,10.));
#10116=CARTESIAN_POINT('Ctrl Pts',(12.0976050198078,19.4495272636414,10.));
#10117=CARTESIAN_POINT('',(12.0976050198078,19.4495272636414,10.5));
#10118=CARTESIAN_POINT('Ctrl Pts',(12.0976050198078,19.4495272636414,10.5));
#10119=CARTESIAN_POINT('Ctrl Pts',(12.0986206005209,19.614808467449,10.5));
#10120=CARTESIAN_POINT('Ctrl Pts',(12.1012938246655,20.0498637013575,10.5));
#10121=CARTESIAN_POINT('Ctrl Pts',(12.2468575210543,20.4618934561688,10.5));
#10122=CARTESIAN_POINT('Ctrl Pts',(12.3371203243732,20.7173895835876,10.5));
#10123=CARTESIAN_POINT('',(12.0976050198078,19.4495272636414,10.));
#10124=CARTESIAN_POINT('Ctrl Pts',(12.7174265682697,18.3038210868835,10.));
#10125=CARTESIAN_POINT('Ctrl Pts',(12.7174265682697,18.3038210868835,10.5));
#10126=CARTESIAN_POINT('Ctrl Pts',(12.5628715834861,18.4960897084403,10.));
#10127=CARTESIAN_POINT('Ctrl Pts',(12.5628715834861,18.4960897084403,10.5));
#10128=CARTESIAN_POINT('Ctrl Pts',(12.2855622612416,18.8410664894054,10.));
#10129=CARTESIAN_POINT('Ctrl Pts',(12.2855622612416,18.8410664894054,10.5));
#10130=CARTESIAN_POINT('Ctrl Pts',(12.1552772579215,19.2628289785053,10.));
#10131=CARTESIAN_POINT('Ctrl Pts',(12.1552772579215,19.2628289785053,10.5));
#10132=CARTESIAN_POINT('Ctrl Pts',(12.0976050198078,19.4495272636414,10.));
#10133=CARTESIAN_POINT('Ctrl Pts',(12.0976050198078,19.4495272636414,10.5));
#10134=CARTESIAN_POINT('',(12.7174265682697,18.3038210868835,10.));
#10135=CARTESIAN_POINT('Ctrl Pts',(12.0976050198078,19.4495272636414,10.));
#10136=CARTESIAN_POINT('Ctrl Pts',(12.1552772579215,19.2628289785053,10.));
#10137=CARTESIAN_POINT('Ctrl Pts',(12.2855622612416,18.8410664894054,10.));
#10138=CARTESIAN_POINT('Ctrl Pts',(12.5628715834861,18.4960897084403,10.));
#10139=CARTESIAN_POINT('Ctrl Pts',(12.7174265682697,18.3038210868835,10.));
#10140=CARTESIAN_POINT('',(12.7174265682697,18.3038210868835,10.5));
#10141=CARTESIAN_POINT('Ctrl Pts',(12.7174265682697,18.3038210868835,10.5));
#10142=CARTESIAN_POINT('Ctrl Pts',(12.5628715834861,18.4960897084403,10.5));
#10143=CARTESIAN_POINT('Ctrl Pts',(12.2855622612416,18.8410664894054,10.5));
#10144=CARTESIAN_POINT('Ctrl Pts',(12.1552772579215,19.2628289785053,10.5));
#10145=CARTESIAN_POINT('Ctrl Pts',(12.0976050198078,19.4495272636414,10.5));
#10146=CARTESIAN_POINT('',(12.7174265682697,18.3038210868835,10.));
#10147=CARTESIAN_POINT('Ctrl Pts',(16.2726576626301,14.8868727684021,10.));
#10148=CARTESIAN_POINT('Ctrl Pts',(16.2726576626301,14.8868727684021,10.5));
#10149=CARTESIAN_POINT('Ctrl Pts',(15.9240477368091,15.4150439879274,10.));
#10150=CARTESIAN_POINT('Ctrl Pts',(15.9240477368091,15.4150439879274,10.5));
#10151=CARTESIAN_POINT('Ctrl Pts',(15.0028449900373,16.8107379775538,10.));
#10152=CARTESIAN_POINT('Ctrl Pts',(15.0028449900373,16.8107379775538,10.5));
#10153=CARTESIAN_POINT('Ctrl Pts',(13.5934595472455,17.7315013612409,10.));
#10154=CARTESIAN_POINT('Ctrl Pts',(13.5934595472455,17.7315013612409,10.5));
#10155=CARTESIAN_POINT('Ctrl Pts',(12.7174265682697,18.3038210868835,10.));
#10156=CARTESIAN_POINT('Ctrl Pts',(12.7174265682697,18.3038210868835,10.5));
#10157=CARTESIAN_POINT('',(16.2726576626301,14.8868727684021,10.));
#10158=CARTESIAN_POINT('Ctrl Pts',(12.7174265682697,18.3038210868835,10.));
#10159=CARTESIAN_POINT('Ctrl Pts',(13.5934595472455,17.7315013612409,10.));
#10160=CARTESIAN_POINT('Ctrl Pts',(15.0028449900373,16.8107379775538,10.));
#10161=CARTESIAN_POINT('Ctrl Pts',(15.9240477368091,15.4150439879274,10.));
#10162=CARTESIAN_POINT('Ctrl Pts',(16.2726576626301,14.8868727684021,10.));
#10163=CARTESIAN_POINT('',(16.2726576626301,14.8868727684021,10.5));
#10164=CARTESIAN_POINT('Ctrl Pts',(16.2726576626301,14.8868727684021,10.5));
#10165=CARTESIAN_POINT('Ctrl Pts',(15.9240477368091,15.4150439879274,10.5));
#10166=CARTESIAN_POINT('Ctrl Pts',(15.0028449900373,16.8107379775538,10.5));
#10167=CARTESIAN_POINT('Ctrl Pts',(13.5934595472455,17.7315013612409,10.5));
#10168=CARTESIAN_POINT('Ctrl Pts',(12.7174265682697,18.3038210868835,10.5));
#10169=CARTESIAN_POINT('',(16.2726576626301,14.8868727684021,10.));
#10170=CARTESIAN_POINT('Ctrl Pts',(15.7398588955402,10.5915856361389,10.));
#10171=CARTESIAN_POINT('Ctrl Pts',(15.7398588955402,10.5915856361389,10.5));
#10172=CARTESIAN_POINT('Ctrl Pts',(16.0284873842927,11.4313585025322,10.));
#10173=CARTESIAN_POINT('Ctrl Pts',(16.0284873842927,11.4313585025322,10.5));
#10174=CARTESIAN_POINT('Ctrl Pts',(16.5107519271023,12.8345210220246,10.));
#10175=CARTESIAN_POINT('Ctrl Pts',(16.5107519271023,12.8345210220246,10.5));
#10176=CARTESIAN_POINT('Ctrl Pts',(16.340868334554,14.2989027391579,10.));
#10177=CARTESIAN_POINT('Ctrl Pts',(16.340868334554,14.2989027391579,10.5));
#10178=CARTESIAN_POINT('Ctrl Pts',(16.2726576626301,14.8868727684021,10.));
#10179=CARTESIAN_POINT('Ctrl Pts',(16.2726576626301,14.8868727684021,10.5));
#10180=CARTESIAN_POINT('',(15.7398588955402,10.5915856361389,10.));
#10181=CARTESIAN_POINT('Ctrl Pts',(16.2726576626301,14.8868727684021,10.));
#10182=CARTESIAN_POINT('Ctrl Pts',(16.340868334554,14.2989027391579,10.));
#10183=CARTESIAN_POINT('Ctrl Pts',(16.5107519271023,12.8345210220246,10.));
#10184=CARTESIAN_POINT('Ctrl Pts',(16.0284873842927,11.4313585025322,10.));
#10185=CARTESIAN_POINT('Ctrl Pts',(15.7398588955402,10.5915856361389,10.));
#10186=CARTESIAN_POINT('',(15.7398588955402,10.5915856361389,10.5));
#10187=CARTESIAN_POINT('Ctrl Pts',(15.7398588955402,10.5915856361389,10.5));
#10188=CARTESIAN_POINT('Ctrl Pts',(16.0284873842927,11.4313585025322,10.5));
#10189=CARTESIAN_POINT('Ctrl Pts',(16.5107519271023,12.8345210220246,10.5));
#10190=CARTESIAN_POINT('Ctrl Pts',(16.340868334554,14.2989027391579,10.5));
#10191=CARTESIAN_POINT('Ctrl Pts',(16.2726576626301,14.8868727684021,10.5));
#10192=CARTESIAN_POINT('',(15.7398588955402,10.5915856361389,10.));
#10193=CARTESIAN_POINT('Ctrl Pts',(14.1354830563068,7.40127801895142,10.));
#10194=CARTESIAN_POINT('Ctrl Pts',(14.1354830563068,7.40127801895142,10.5));
#10195=CARTESIAN_POINT('Ctrl Pts',(14.4332325927307,7.83315727452362,10.));
#10196=CARTESIAN_POINT('Ctrl Pts',(14.4332325927307,7.83315727452362,10.5));
#10197=CARTESIAN_POINT('Ctrl Pts',(15.1142760722279,8.82099609526638,10.));
#10198=CARTESIAN_POINT('Ctrl Pts',(15.1142760722279,8.82099609526638,10.5));
#10199=CARTESIAN_POINT('Ctrl Pts',(15.5145712170452,9.95395302800747,10.));
#10200=CARTESIAN_POINT('Ctrl Pts',(15.5145712170452,9.95395302800747,10.5));
#10201=CARTESIAN_POINT('Ctrl Pts',(15.7398588955402,10.5915856361389,10.));
#10202=CARTESIAN_POINT('Ctrl Pts',(15.7398588955402,10.5915856361389,10.5));
#10203=CARTESIAN_POINT('',(14.1354830563068,7.40127801895142,10.));
#10204=CARTESIAN_POINT('Ctrl Pts',(15.7398588955402,10.5915856361389,10.));
#10205=CARTESIAN_POINT('Ctrl Pts',(15.5145712170452,9.95395302800747,10.));
#10206=CARTESIAN_POINT('Ctrl Pts',(15.1142760722279,8.82099609526638,10.));
#10207=CARTESIAN_POINT('Ctrl Pts',(14.4332325927307,7.83315727452362,10.));
#10208=CARTESIAN_POINT('Ctrl Pts',(14.1354830563068,7.40127801895142,10.));
#10209=CARTESIAN_POINT('',(14.1354830563068,7.40127801895142,10.5));
#10210=CARTESIAN_POINT('Ctrl Pts',(14.1354830563068,7.40127801895142,10.5));
#10211=CARTESIAN_POINT('Ctrl Pts',(14.4332325927307,7.83315727452362,10.5));
#10212=CARTESIAN_POINT('Ctrl Pts',(15.1142760722279,8.82099609526638,10.5));
#10213=CARTESIAN_POINT('Ctrl Pts',(15.5145712170452,9.95395302800747,10.5));
#10214=CARTESIAN_POINT('Ctrl Pts',(15.7398588955402,10.5915856361389,10.5));
#10215=CARTESIAN_POINT('',(14.1354830563068,7.40127801895142,10.));
#10216=CARTESIAN_POINT('Ctrl Pts',(11.555393487215,5.6487250328064,10.));
#10217=CARTESIAN_POINT('Ctrl Pts',(11.555393487215,5.6487250328064,10.5));
#10218=CARTESIAN_POINT('Ctrl Pts',(12.0751316981298,5.88146836250662,10.));
#10219=CARTESIAN_POINT('Ctrl Pts',(12.0751316981298,5.88146836250662,10.5));
#10220=CARTESIAN_POINT('Ctrl Pts',(13.0404374456886,6.31374074338495,10.));
#10221=CARTESIAN_POINT('Ctrl Pts',(13.0404374456886,6.31374074338495,10.5));
#10222=CARTESIAN_POINT('Ctrl Pts',(13.7896569777362,7.05782314578293,10.));
#10223=CARTESIAN_POINT('Ctrl Pts',(13.7896569777362,7.05782314578293,10.5));
#10224=CARTESIAN_POINT('Ctrl Pts',(14.1354830563068,7.40127801895142,10.));
#10225=CARTESIAN_POINT('Ctrl Pts',(14.1354830563068,7.40127801895142,10.5));
#10226=CARTESIAN_POINT('',(11.555393487215,5.6487250328064,10.));
#10227=CARTESIAN_POINT('Ctrl Pts',(14.1354830563068,7.40127801895142,10.));
#10228=CARTESIAN_POINT('Ctrl Pts',(13.7896569777362,7.05782314578293,10.));
#10229=CARTESIAN_POINT('Ctrl Pts',(13.0404374456886,6.31374074338495,10.));
#10230=CARTESIAN_POINT('Ctrl Pts',(12.0751316981298,5.88146836250662,10.));
#10231=CARTESIAN_POINT('Ctrl Pts',(11.555393487215,5.6487250328064,10.));
#10232=CARTESIAN_POINT('',(11.555393487215,5.6487250328064,10.5));
#10233=CARTESIAN_POINT('Ctrl Pts',(11.555393487215,5.6487250328064,10.5));
#10234=CARTESIAN_POINT('Ctrl Pts',(12.0751316981298,5.88146836250662,10.5));
#10235=CARTESIAN_POINT('Ctrl Pts',(13.0404374456886,6.31374074338495,10.5));
#10236=CARTESIAN_POINT('Ctrl Pts',(13.7896569777362,7.05782314578293,10.5));
#10237=CARTESIAN_POINT('Ctrl Pts',(14.1354830563068,7.40127801895142,10.5));
#10238=CARTESIAN_POINT('',(11.555393487215,5.6487250328064,10.));
#10239=CARTESIAN_POINT('Ctrl Pts',(7.93638065457344,4.94776010513306,10.));
#10240=CARTESIAN_POINT('Ctrl Pts',(7.93638065457344,4.94776010513306,10.5));
#10241=CARTESIAN_POINT('Ctrl Pts',(8.56320862505447,4.97575951917595,10.));
#10242=CARTESIAN_POINT('Ctrl Pts',(8.56320862505447,4.97575951917595,10.5));
#10243=CARTESIAN_POINT('Ctrl Pts',(9.80425129400727,5.03119493235033,10.));
#10244=CARTESIAN_POINT('Ctrl Pts',(9.80425129400727,5.03119493235033,10.5));
#10245=CARTESIAN_POINT('Ctrl Pts',(10.9756478987766,5.44428112593466,10.));
#10246=CARTESIAN_POINT('Ctrl Pts',(10.9756478987766,5.44428112593466,10.5));
#10247=CARTESIAN_POINT('Ctrl Pts',(11.555393487215,5.6487250328064,10.));
#10248=CARTESIAN_POINT('Ctrl Pts',(11.555393487215,5.6487250328064,10.5));
#10249=CARTESIAN_POINT('',(7.93638065457344,4.94776010513306,10.));
#10250=CARTESIAN_POINT('Ctrl Pts',(11.555393487215,5.6487250328064,10.));
#10251=CARTESIAN_POINT('Ctrl Pts',(10.9756478987766,5.44428112593466,10.));
#10252=CARTESIAN_POINT('Ctrl Pts',(9.80425129400727,5.03119493235033,10.));
#10253=CARTESIAN_POINT('Ctrl Pts',(8.56320862505447,4.97575951917595,10.));
#10254=CARTESIAN_POINT('Ctrl Pts',(7.93638065457344,4.94776010513306,10.));
#10255=CARTESIAN_POINT('',(7.93638065457344,4.94776010513306,10.5));
#10256=CARTESIAN_POINT('Ctrl Pts',(7.93638065457344,4.94776010513306,10.5));
#10257=CARTESIAN_POINT('Ctrl Pts',(8.56320862505447,4.97575951917595,10.5));
#10258=CARTESIAN_POINT('Ctrl Pts',(9.80425129400727,5.03119493235033,10.5));
#10259=CARTESIAN_POINT('Ctrl Pts',(10.9756478987766,5.44428112593466,10.5));
#10260=CARTESIAN_POINT('Ctrl Pts',(11.555393487215,5.6487250328064,10.5));
#10261=CARTESIAN_POINT('',(7.93638065457344,4.94776010513306,10.));
#10262=CARTESIAN_POINT('Ctrl Pts',(4.60192516446114,5.75359582901001,10.));
#10263=CARTESIAN_POINT('Ctrl Pts',(4.60192516446114,5.75359582901001,10.5));
#10264=CARTESIAN_POINT('Ctrl Pts',(5.07629092244809,5.51910936500286,10.));
#10265=CARTESIAN_POINT('Ctrl Pts',(5.07629092244809,5.51910936500286,10.5));
#10266=CARTESIAN_POINT('Ctrl Pts',(6.12390830291243,5.00125559701591,10.));
#10267=CARTESIAN_POINT('Ctrl Pts',(6.12390830291243,5.00125559701591,10.5));
#10268=CARTESIAN_POINT('Ctrl Pts',(7.29536480788914,4.9666798188554,10.));
#10269=CARTESIAN_POINT('Ctrl Pts',(7.29536480788914,4.9666798188554,10.5));
#10270=CARTESIAN_POINT('Ctrl Pts',(7.93638065457344,4.94776010513306,10.));
#10271=CARTESIAN_POINT('Ctrl Pts',(7.93638065457344,4.94776010513306,10.5));
#10272=CARTESIAN_POINT('',(4.60192516446114,5.75359582901001,10.));
#10273=CARTESIAN_POINT('Ctrl Pts',(7.93638065457344,4.94776010513306,10.));
#10274=CARTESIAN_POINT('Ctrl Pts',(7.29536480788914,4.9666798188554,10.));
#10275=CARTESIAN_POINT('Ctrl Pts',(6.12390830291243,5.00125559701591,10.));
#10276=CARTESIAN_POINT('Ctrl Pts',(5.07629092244809,5.51910936500286,10.));
#10277=CARTESIAN_POINT('Ctrl Pts',(4.60192516446114,5.75359582901001,10.));
#10278=CARTESIAN_POINT('',(4.60192516446114,5.75359582901001,10.5));
#10279=CARTESIAN_POINT('Ctrl Pts',(4.60192516446114,5.75359582901001,10.5));
#10280=CARTESIAN_POINT('Ctrl Pts',(5.07629092244809,5.51910936500286,10.5));
#10281=CARTESIAN_POINT('Ctrl Pts',(6.12390830291243,5.00125559701591,10.5));
#10282=CARTESIAN_POINT('Ctrl Pts',(7.29536480788914,4.9666798188554,10.5));
#10283=CARTESIAN_POINT('Ctrl Pts',(7.93638065457344,4.94776010513306,10.5));
#10284=CARTESIAN_POINT('',(4.60192516446114,5.75359582901001,10.));
#10285=CARTESIAN_POINT('Ctrl Pts',(3.33013370633125,7.81739950180054,10.));
#10286=CARTESIAN_POINT('Ctrl Pts',(3.33013370633125,7.81739950180054,10.5));
#10287=CARTESIAN_POINT('Ctrl Pts',(3.40244795981375,7.41134889684987,10.));
#10288=CARTESIAN_POINT('Ctrl Pts',(3.40244795981375,7.41134889684987,10.5));
#10289=CARTESIAN_POINT('Ctrl Pts',(3.55405987862607,6.56003524308481,10.));
#10290=CARTESIAN_POINT('Ctrl Pts',(3.55405987862607,6.56003524308481,10.5));
#10291=CARTESIAN_POINT('Ctrl Pts',(4.24207318579342,6.03053869824457,10.));
#10292=CARTESIAN_POINT('Ctrl Pts',(4.24207318579342,6.03053869824457,10.5));
#10293=CARTESIAN_POINT('Ctrl Pts',(4.60192516446114,5.75359582901001,10.));
#10294=CARTESIAN_POINT('Ctrl Pts',(4.60192516446114,5.75359582901001,10.5));
#10295=CARTESIAN_POINT('',(3.33013370633125,7.81739950180054,10.));
#10296=CARTESIAN_POINT('Ctrl Pts',(4.60192516446114,5.75359582901001,10.));
#10297=CARTESIAN_POINT('Ctrl Pts',(4.24207318579342,6.03053869824457,10.));
#10298=CARTESIAN_POINT('Ctrl Pts',(3.55405987862607,6.56003524308481,10.));
#10299=CARTESIAN_POINT('Ctrl Pts',(3.40244795981375,7.41134889684987,10.));
#10300=CARTESIAN_POINT('Ctrl Pts',(3.33013370633125,7.81739950180054,10.));
#10301=CARTESIAN_POINT('',(3.33013370633125,7.81739950180054,10.5));
#10302=CARTESIAN_POINT('Ctrl Pts',(3.33013370633125,7.81739950180054,10.5));
#10303=CARTESIAN_POINT('Ctrl Pts',(3.40244795981375,7.41134889684987,10.5));
#10304=CARTESIAN_POINT('Ctrl Pts',(3.55405987862607,6.56003524308481,10.5));
#10305=CARTESIAN_POINT('Ctrl Pts',(4.24207318579342,6.03053869824457,10.5));
#10306=CARTESIAN_POINT('Ctrl Pts',(4.60192516446114,5.75359582901001,10.5));
#10307=CARTESIAN_POINT('',(3.33013370633125,7.81739950180054,10.));
#10308=CARTESIAN_POINT('Ctrl Pts',(4.05020549893379,11.3162684440613,10.));
#10309=CARTESIAN_POINT('Ctrl Pts',(4.05020549893379,11.3162684440613,10.5));
#10310=CARTESIAN_POINT('Ctrl Pts',(3.83010867351805,10.6575649636839,10.));
#10311=CARTESIAN_POINT('Ctrl Pts',(3.83010867351805,10.6575649636839,10.5));
#10312=CARTESIAN_POINT('Ctrl Pts',(3.44943450344253,9.51828728330438,10.));
#10313=CARTESIAN_POINT('Ctrl Pts',(3.44943450344253,9.51828728330438,10.5));
#10314=CARTESIAN_POINT('Ctrl Pts',(3.36552761229619,8.32201526006171,10.));
#10315=CARTESIAN_POINT('Ctrl Pts',(3.36552761229619,8.32201526006171,10.5));
#10316=CARTESIAN_POINT('Ctrl Pts',(3.33013370633125,7.81739950180054,10.));
#10317=CARTESIAN_POINT('Ctrl Pts',(3.33013370633125,7.81739950180054,10.5));
#10318=CARTESIAN_POINT('',(4.05020549893379,11.3162684440613,10.));
#10319=CARTESIAN_POINT('Ctrl Pts',(3.33013370633125,7.81739950180054,10.));
#10320=CARTESIAN_POINT('Ctrl Pts',(3.36552761229619,8.32201526006171,10.));
#10321=CARTESIAN_POINT('Ctrl Pts',(3.44943450344253,9.51828728330438,10.));
#10322=CARTESIAN_POINT('Ctrl Pts',(3.83010867351805,10.6575649636839,10.));
#10323=CARTESIAN_POINT('Ctrl Pts',(4.05020549893379,11.3162684440613,10.));
#10324=CARTESIAN_POINT('',(4.05020549893379,11.3162684440613,10.5));
#10325=CARTESIAN_POINT('Ctrl Pts',(4.05020549893379,11.3162684440613,10.5));
#10326=CARTESIAN_POINT('Ctrl Pts',(3.83010867351805,10.6575649636839,10.5));
#10327=CARTESIAN_POINT('Ctrl Pts',(3.44943450344253,9.51828728330438,10.5));
#10328=CARTESIAN_POINT('Ctrl Pts',(3.36552761229619,8.32201526006171,10.5));
#10329=CARTESIAN_POINT('Ctrl Pts',(3.33013370633125,7.81739950180054,10.5));
#10330=CARTESIAN_POINT('',(4.05020549893379,11.3162684440613,10.));
#10331=CARTESIAN_POINT('Origin',(4.56841304898262,12.8395867347717,10.));
#10332=CARTESIAN_POINT('',(4.56841304898262,12.8395867347717,10.));
#10333=CARTESIAN_POINT('',(2.37410287471905,6.38921212399508,10.));
#10334=CARTESIAN_POINT('',(4.56841304898262,12.8395867347717,10.5));
#10335=CARTESIAN_POINT('',(4.05020549893379,11.3162684440613,10.5));
#10336=CARTESIAN_POINT('',(4.56841304898262,12.8395867347717,10.));
#10337=CARTESIAN_POINT('Origin',(9.78046253323555,12.8395867347717,10.));
#10338=CARTESIAN_POINT('',(9.78046253323555,12.8395867347717,10.));
#10339=CARTESIAN_POINT('',(4.89023126661777,12.8395867347717,10.));
#10340=CARTESIAN_POINT('',(9.78046253323555,12.8395867347717,10.5));
#10341=CARTESIAN_POINT('',(4.56841304898262,12.8395867347717,10.5));
#10342=CARTESIAN_POINT('',(9.78046253323555,12.8395867347717,10.));
#10343=CARTESIAN_POINT('Origin',(8.89020755887032,10.2220368385315,10.));
#10344=CARTESIAN_POINT('',(8.89020755887032,10.2220368385315,10.));
#10345=CARTESIAN_POINT('',(6.87125436654068,4.28586026971825,10.));
#10346=CARTESIAN_POINT('',(8.89020755887032,10.2220368385315,10.5));
#10347=CARTESIAN_POINT('',(9.78046253323555,12.8395867347717,10.5));
#10348=CARTESIAN_POINT('',(8.89020755887032,10.2220368385315,10.));
#10349=CARTESIAN_POINT('Ctrl Pts',(8.60642269253731,8.96982908248901,10.));
#10350=CARTESIAN_POINT('Ctrl Pts',(8.60642269253731,8.96982908248901,10.5));
#10351=CARTESIAN_POINT('Ctrl Pts',(8.61442988515517,9.11233961499033,10.));
#10352=CARTESIAN_POINT('Ctrl Pts',(8.61442988515517,9.11233961499033,10.5));
#10353=CARTESIAN_POINT('Ctrl Pts',(8.63863843673107,9.54319893620561,10.));
#10354=CARTESIAN_POINT('Ctrl Pts',(8.63863843673107,9.54319893620561,10.5));
#10355=CARTESIAN_POINT('Ctrl Pts',(8.78934711160168,9.94987349086284,10.));
#10356=CARTESIAN_POINT('Ctrl Pts',(8.78934711160168,9.94987349086284,10.5));
#10357=CARTESIAN_POINT('Ctrl Pts',(8.89020755887032,10.2220368385315,10.));
#10358=CARTESIAN_POINT('Ctrl Pts',(8.89020755887032,10.2220368385315,10.5));
#10359=CARTESIAN_POINT('',(8.60642269253731,8.96982908248901,10.));
#10360=CARTESIAN_POINT('Ctrl Pts',(8.89020755887032,10.2220368385315,10.));
#10361=CARTESIAN_POINT('Ctrl Pts',(8.78934711160168,9.94987349086284,10.));
#10362=CARTESIAN_POINT('Ctrl Pts',(8.63863843673107,9.54319893620561,10.));
#10363=CARTESIAN_POINT('Ctrl Pts',(8.61442988515517,9.11233961499033,10.));
#10364=CARTESIAN_POINT('Ctrl Pts',(8.60642269253731,8.96982908248901,10.));
#10365=CARTESIAN_POINT('',(8.60642269253731,8.96982908248901,10.5));
#10366=CARTESIAN_POINT('Ctrl Pts',(8.60642269253731,8.96982908248901,10.5));
#10367=CARTESIAN_POINT('Ctrl Pts',(8.61442988515517,9.11233961499033,10.5));
#10368=CARTESIAN_POINT('Ctrl Pts',(8.63863843673107,9.54319893620561,10.5));
#10369=CARTESIAN_POINT('Ctrl Pts',(8.78934711160168,9.94987349086284,10.5));
#10370=CARTESIAN_POINT('Ctrl Pts',(8.89020755887032,10.2220368385315,10.5));
#10371=CARTESIAN_POINT('',(8.60642269253731,8.96982908248901,10.));
#10372=CARTESIAN_POINT('Ctrl Pts',(9.03445079922676,8.74616384506226,10.));
#10373=CARTESIAN_POINT('Ctrl Pts',(9.03445079922676,8.74616384506226,10.5));
#10374=CARTESIAN_POINT('Ctrl Pts',(8.9289302474425,8.74864114727734,10.));
#10375=CARTESIAN_POINT('Ctrl Pts',(8.9289302474425,8.74864114727734,10.5));
#10376=CARTESIAN_POINT('Ctrl Pts',(8.74478277374097,8.75296437092229,10.));
#10377=CARTESIAN_POINT('Ctrl Pts',(8.74478277374097,8.75296437092229,10.5));
#10378=CARTESIAN_POINT('Ctrl Pts',(8.64782256818215,8.90493918062925,10.));
#10379=CARTESIAN_POINT('Ctrl Pts',(8.64782256818215,8.90493918062925,10.5));
#10380=CARTESIAN_POINT('Ctrl Pts',(8.60642269253731,8.96982908248901,10.));
#10381=CARTESIAN_POINT('Ctrl Pts',(8.60642269253731,8.96982908248901,10.5));
#10382=CARTESIAN_POINT('',(9.03445079922676,8.74616384506226,10.));
#10383=CARTESIAN_POINT('Ctrl Pts',(8.60642269253731,8.96982908248901,10.));
#10384=CARTESIAN_POINT('Ctrl Pts',(8.64782256818215,8.90493918062925,10.));
#10385=CARTESIAN_POINT('Ctrl Pts',(8.74478277374097,8.75296437092229,10.));
#10386=CARTESIAN_POINT('Ctrl Pts',(8.9289302474425,8.74864114727734,10.));
#10387=CARTESIAN_POINT('Ctrl Pts',(9.03445079922676,8.74616384506226,10.));
#10388=CARTESIAN_POINT('',(9.03445079922676,8.74616384506226,10.5));
#10389=CARTESIAN_POINT('Ctrl Pts',(9.03445079922676,8.74616384506226,10.5));
#10390=CARTESIAN_POINT('Ctrl Pts',(8.9289302474425,8.74864114727734,10.5));
#10391=CARTESIAN_POINT('Ctrl Pts',(8.74478277374097,8.75296437092229,10.5));
#10392=CARTESIAN_POINT('Ctrl Pts',(8.64782256818215,8.90493918062925,10.5));
#10393=CARTESIAN_POINT('Ctrl Pts',(8.60642269253731,8.96982908248901,10.5));
#10394=CARTESIAN_POINT('',(9.03445079922676,8.74616384506226,10.));
#10395=CARTESIAN_POINT('Ctrl Pts',(9.70199421048164,9.05587434768677,10.));
#10396=CARTESIAN_POINT('Ctrl Pts',(9.70199421048164,9.05587434768677,10.5));
#10397=CARTESIAN_POINT('Ctrl Pts',(9.60249052212257,8.96559209654281,10.));
#10398=CARTESIAN_POINT('Ctrl Pts',(9.60249052212257,8.96559209654281,10.5));
#10399=CARTESIAN_POINT('Ctrl Pts',(9.41164895203336,8.79243664026144,10.));
#10400=CARTESIAN_POINT('Ctrl Pts',(9.41164895203336,8.79243664026144,10.5));
#10401=CARTESIAN_POINT('Ctrl Pts',(9.1565450199354,8.76114175740836,10.));
#10402=CARTESIAN_POINT('Ctrl Pts',(9.1565450199354,8.76114175740836,10.5));
#10403=CARTESIAN_POINT('Ctrl Pts',(9.03445079922676,8.74616384506226,10.));
#10404=CARTESIAN_POINT('Ctrl Pts',(9.03445079922676,8.74616384506226,10.5));
#10405=CARTESIAN_POINT('',(9.70199421048164,9.05587434768677,10.));
#10406=CARTESIAN_POINT('Ctrl Pts',(9.03445079922676,8.74616384506226,10.));
#10407=CARTESIAN_POINT('Ctrl Pts',(9.1565450199354,8.76114175740836,10.));
#10408=CARTESIAN_POINT('Ctrl Pts',(9.41164895203336,8.79243664026144,10.));
#10409=CARTESIAN_POINT('Ctrl Pts',(9.60249052212257,8.96559209654281,10.));
#10410=CARTESIAN_POINT('Ctrl Pts',(9.70199421048164,9.05587434768677,10.));
#10411=CARTESIAN_POINT('',(9.70199421048164,9.05587434768677,10.5));
#10412=CARTESIAN_POINT('Ctrl Pts',(9.70199421048164,9.05587434768677,10.5));
#10413=CARTESIAN_POINT('Ctrl Pts',(9.60249052212257,8.96559209654281,10.5));
#10414=CARTESIAN_POINT('Ctrl Pts',(9.41164895203336,8.79243664026144,10.5));
#10415=CARTESIAN_POINT('Ctrl Pts',(9.1565450199354,8.76114175740836,10.5));
#10416=CARTESIAN_POINT('Ctrl Pts',(9.03445079922676,8.74616384506226,10.5));
#10417=CARTESIAN_POINT('',(9.70199421048164,9.05587434768677,10.));
#10418=CARTESIAN_POINT('Ctrl Pts',(10.2420027554035,10.0764489173889,10.));
#10419=CARTESIAN_POINT('Ctrl Pts',(10.2420027554035,10.0764489173889,10.5));
#10420=CARTESIAN_POINT('Ctrl Pts',(10.1682152181427,9.86661306106221,10.));
#10421=CARTESIAN_POINT('Ctrl Pts',(10.1682152181427,9.86661306106221,10.5));
#10422=CARTESIAN_POINT('Ctrl Pts',(10.0388317660079,9.49867440256966,10.));
#10423=CARTESIAN_POINT('Ctrl Pts',(10.0388317660079,9.49867440256966,10.5));
#10424=CARTESIAN_POINT('Ctrl Pts',(9.80323140447913,9.18895878059164,10.));
#10425=CARTESIAN_POINT('Ctrl Pts',(9.80323140447913,9.18895878059164,10.5));
#10426=CARTESIAN_POINT('Ctrl Pts',(9.70199421048164,9.05587434768677,10.));
#10427=CARTESIAN_POINT('Ctrl Pts',(9.70199421048164,9.05587434768677,10.5));
#10428=CARTESIAN_POINT('',(10.2420027554035,10.0764489173889,10.));
#10429=CARTESIAN_POINT('Ctrl Pts',(9.70199421048164,9.05587434768677,10.));
#10430=CARTESIAN_POINT('Ctrl Pts',(9.80323140447913,9.18895878059164,10.));
#10431=CARTESIAN_POINT('Ctrl Pts',(10.0388317660079,9.49867440256966,10.));
#10432=CARTESIAN_POINT('Ctrl Pts',(10.1682152181427,9.86661306106221,10.));
#10433=CARTESIAN_POINT('Ctrl Pts',(10.2420027554035,10.0764489173889,10.));
#10434=CARTESIAN_POINT('',(10.2420027554035,10.0764489173889,10.5));
#10435=CARTESIAN_POINT('Ctrl Pts',(10.2420027554035,10.0764489173889,10.5));
#10436=CARTESIAN_POINT('Ctrl Pts',(10.1682152181427,9.86661306106221,10.5));
#10437=CARTESIAN_POINT('Ctrl Pts',(10.0388317660079,9.49867440256966,10.5));
#10438=CARTESIAN_POINT('Ctrl Pts',(9.80323140447913,9.18895878059164,10.5));
#10439=CARTESIAN_POINT('Ctrl Pts',(9.70199421048164,9.05587434768677,10.5));
#10440=CARTESIAN_POINT('',(10.2420027554035,10.0764489173889,10.));
#10441=CARTESIAN_POINT('Ctrl Pts',(10.6536181271076,12.0805191993713,10.));
#10442=CARTESIAN_POINT('Ctrl Pts',(10.6536181271076,12.0805191993713,10.5));
#10443=CARTESIAN_POINT('Ctrl Pts',(10.6516995297924,11.8487491826643,10.));
#10444=CARTESIAN_POINT('Ctrl Pts',(10.6516995297924,11.8487491826643,10.5));
#10445=CARTESIAN_POINT('Ctrl Pts',(10.6459894386535,11.1589598724555,10.));
#10446=CARTESIAN_POINT('Ctrl Pts',(10.6459894386535,11.1589598724555,10.5));
#10447=CARTESIAN_POINT('Ctrl Pts',(10.4032088089634,10.508411965274,10.));
#10448=CARTESIAN_POINT('Ctrl Pts',(10.4032088089634,10.508411965274,10.5));
#10449=CARTESIAN_POINT('Ctrl Pts',(10.2420027554035,10.0764489173889,10.));
#10450=CARTESIAN_POINT('Ctrl Pts',(10.2420027554035,10.0764489173889,10.5));
#10451=CARTESIAN_POINT('',(10.6536181271076,12.0805191993713,10.));
#10452=CARTESIAN_POINT('Ctrl Pts',(10.2420027554035,10.0764489173889,10.));
#10453=CARTESIAN_POINT('Ctrl Pts',(10.4032088089634,10.508411965274,10.));
#10454=CARTESIAN_POINT('Ctrl Pts',(10.6459894386535,11.1589598724555,10.));
#10455=CARTESIAN_POINT('Ctrl Pts',(10.6516995297924,11.8487491826643,10.));
#10456=CARTESIAN_POINT('Ctrl Pts',(10.6536181271076,12.0805191993713,10.));
#10457=CARTESIAN_POINT('',(10.6536181271076,12.0805191993713,10.5));
#10458=CARTESIAN_POINT('Ctrl Pts',(10.6536181271076,12.0805191993713,10.5));
#10459=CARTESIAN_POINT('Ctrl Pts',(10.6516995297924,11.8487491826643,10.5));
#10460=CARTESIAN_POINT('Ctrl Pts',(10.6459894386535,11.1589598724555,10.5));
#10461=CARTESIAN_POINT('Ctrl Pts',(10.4032088089634,10.508411965274,10.5));
#10462=CARTESIAN_POINT('Ctrl Pts',(10.2420027554035,10.0764489173889,10.5));
#10463=CARTESIAN_POINT('',(10.6536181271076,12.0805191993713,10.));
#10464=CARTESIAN_POINT('Ctrl Pts',(8.80146816372871,13.8925194740295,10.));
#10465=CARTESIAN_POINT('Ctrl Pts',(8.80146816372871,13.8925194740295,10.5));
#10466=CARTESIAN_POINT('Ctrl Pts',(9.20942569979198,13.5497741269566,10.));
#10467=CARTESIAN_POINT('Ctrl Pts',(9.20942569979198,13.5497741269566,10.5));
#10468=CARTESIAN_POINT('Ctrl Pts',(9.87324761048585,12.9920644364557,10.));
#10469=CARTESIAN_POINT('Ctrl Pts',(9.87324761048585,12.9920644364557,10.5));
#10470=CARTESIAN_POINT('Ctrl Pts',(10.4365125581743,12.3341186666634,10.));
#10471=CARTESIAN_POINT('Ctrl Pts',(10.4365125581743,12.3341186666634,10.5));
#10472=CARTESIAN_POINT('Ctrl Pts',(10.6536181271076,12.0805191993713,10.));
#10473=CARTESIAN_POINT('Ctrl Pts',(10.6536181271076,12.0805191993713,10.5));
#10474=CARTESIAN_POINT('',(8.80146816372871,13.8925194740295,10.));
#10475=CARTESIAN_POINT('Ctrl Pts',(10.6536181271076,12.0805191993713,10.));
#10476=CARTESIAN_POINT('Ctrl Pts',(10.4365125581743,12.3341186666634,10.));
#10477=CARTESIAN_POINT('Ctrl Pts',(9.87324761048585,12.9920644364557,10.));
#10478=CARTESIAN_POINT('Ctrl Pts',(9.20942569979198,13.5497741269566,10.));
#10479=CARTESIAN_POINT('Ctrl Pts',(8.80146816372871,13.8925194740295,10.));
#10480=CARTESIAN_POINT('',(8.80146816372871,13.8925194740295,10.5));
#10481=CARTESIAN_POINT('Ctrl Pts',(8.80146816372871,13.8925194740295,10.5));
#10482=CARTESIAN_POINT('Ctrl Pts',(9.20942569979198,13.5497741269566,10.5));
#10483=CARTESIAN_POINT('Ctrl Pts',(9.87324761048585,12.9920644364557,10.5));
#10484=CARTESIAN_POINT('Ctrl Pts',(10.4365125581743,12.3341186666634,10.5));
#10485=CARTESIAN_POINT('Ctrl Pts',(10.6536181271076,12.0805191993713,10.5));
#10486=CARTESIAN_POINT('',(8.80146816372871,13.8925194740295,10.));
#10487=CARTESIAN_POINT('Ctrl Pts',(6.88382938504219,15.7510018348694,10.));
#10488=CARTESIAN_POINT('Ctrl Pts',(6.88382938504219,15.7510018348694,10.5));
#10489=CARTESIAN_POINT('Ctrl Pts',(7.1124519846947,15.4936068364216,10.));
#10490=CARTESIAN_POINT('Ctrl Pts',(7.1124519846947,15.4936068364216,10.5));
#10491=CARTESIAN_POINT('Ctrl Pts',(7.70477303496989,14.8267415481785,10.));
#10492=CARTESIAN_POINT('Ctrl Pts',(7.70477303496989,14.8267415481785,10.5));
#10493=CARTESIAN_POINT('Ctrl Pts',(8.38425249107726,14.2479255306909,10.));
#10494=CARTESIAN_POINT('Ctrl Pts',(8.38425249107726,14.2479255306909,10.5));
#10495=CARTESIAN_POINT('Ctrl Pts',(8.80146816372871,13.8925194740295,10.));
#10496=CARTESIAN_POINT('Ctrl Pts',(8.80146816372871,13.8925194740295,10.5));
#10497=CARTESIAN_POINT('',(6.88382938504219,15.7510018348694,10.));
#10498=CARTESIAN_POINT('Ctrl Pts',(8.80146816372871,13.8925194740295,10.));
#10499=CARTESIAN_POINT('Ctrl Pts',(8.38425249107726,14.2479255306909,10.));
#10500=CARTESIAN_POINT('Ctrl Pts',(7.70477303496989,14.8267415481785,10.));
#10501=CARTESIAN_POINT('Ctrl Pts',(7.1124519846947,15.4936068364216,10.));
#10502=CARTESIAN_POINT('Ctrl Pts',(6.88382938504219,15.7510018348694,10.));
#10503=CARTESIAN_POINT('',(6.88382938504219,15.7510018348694,10.5));
#10504=CARTESIAN_POINT('Ctrl Pts',(6.88382938504219,15.7510018348694,10.5));
#10505=CARTESIAN_POINT('Ctrl Pts',(7.1124519846947,15.4936068364216,10.5));
#10506=CARTESIAN_POINT('Ctrl Pts',(7.70477303496989,14.8267415481785,10.5));
#10507=CARTESIAN_POINT('Ctrl Pts',(8.38425249107726,14.2479255306909,10.5));
#10508=CARTESIAN_POINT('Ctrl Pts',(8.80146816372871,13.8925194740295,10.5));
#10509=CARTESIAN_POINT('',(6.88382938504219,15.7510018348694,10.));
#10510=CARTESIAN_POINT('Ctrl Pts',(6.3782961666584,17.3872590065002,10.));
#10511=CARTESIAN_POINT('Ctrl Pts',(6.3782961666584,17.3872590065002,10.5));
#10512=CARTESIAN_POINT('Ctrl Pts',(6.4080371893561,17.0687318208267,10.));
#10513=CARTESIAN_POINT('Ctrl Pts',(6.4080371893561,17.0687318208267,10.5));
#10514=CARTESIAN_POINT('Ctrl Pts',(6.46241483740809,16.4863456879219,10.));
#10515=CARTESIAN_POINT('Ctrl Pts',(6.46241483740809,16.4863456879219,10.5));
#10516=CARTESIAN_POINT('Ctrl Pts',(6.75243246292498,15.9802818147167,10.));
#10517=CARTESIAN_POINT('Ctrl Pts',(6.75243246292498,15.9802818147167,10.5));
#10518=CARTESIAN_POINT('Ctrl Pts',(6.88382938504219,15.7510018348694,10.));
#10519=CARTESIAN_POINT('Ctrl Pts',(6.88382938504219,15.7510018348694,10.5));
#10520=CARTESIAN_POINT('',(6.3782961666584,17.3872590065002,10.));
#10521=CARTESIAN_POINT('Ctrl Pts',(6.88382938504219,15.7510018348694,10.));
#10522=CARTESIAN_POINT('Ctrl Pts',(6.75243246292498,15.9802818147167,10.));
#10523=CARTESIAN_POINT('Ctrl Pts',(6.46241483740809,16.4863456879219,10.));
#10524=CARTESIAN_POINT('Ctrl Pts',(6.4080371893561,17.0687318208267,10.));
#10525=CARTESIAN_POINT('Ctrl Pts',(6.3782961666584,17.3872590065002,10.));
#10526=CARTESIAN_POINT('',(6.3782961666584,17.3872590065002,10.5));
#10527=CARTESIAN_POINT('Ctrl Pts',(6.3782961666584,17.3872590065002,10.5));
#10528=CARTESIAN_POINT('Ctrl Pts',(6.4080371893561,17.0687318208267,10.5));
#10529=CARTESIAN_POINT('Ctrl Pts',(6.46241483740809,16.4863456879219,10.5));
#10530=CARTESIAN_POINT('Ctrl Pts',(6.75243246292498,15.9802818147167,10.5));
#10531=CARTESIAN_POINT('Ctrl Pts',(6.88382938504219,15.7510018348694,10.5));
#10532=CARTESIAN_POINT('',(6.3782961666584,17.3872590065002,10.));
#10533=CARTESIAN_POINT('Ctrl Pts',(6.85886219143867,20.0432181358337,10.));
#10534=CARTESIAN_POINT('Ctrl Pts',(6.85886219143867,20.0432181358337,10.5));
#10535=CARTESIAN_POINT('Ctrl Pts',(6.70117456403414,19.5582595000767,10.));
#10536=CARTESIAN_POINT('Ctrl Pts',(6.70117456403414,19.5582595000767,10.5));
#10537=CARTESIAN_POINT('Ctrl Pts',(6.41996013007601,18.693401739882,10.));
#10538=CARTESIAN_POINT('Ctrl Pts',(6.41996013007601,18.693401739882,10.5));
#10539=CARTESIAN_POINT('Ctrl Pts',(6.39101198564148,17.7858930586018,10.));
#10540=CARTESIAN_POINT('Ctrl Pts',(6.39101198564148,17.7858930586018,10.5));
#10541=CARTESIAN_POINT('Ctrl Pts',(6.3782961666584,17.3872590065002,10.));
#10542=CARTESIAN_POINT('Ctrl Pts',(6.3782961666584,17.3872590065002,10.5));
#10543=CARTESIAN_POINT('',(6.85886219143867,20.0432181358337,10.));
#10544=CARTESIAN_POINT('Ctrl Pts',(6.3782961666584,17.3872590065002,10.));
#10545=CARTESIAN_POINT('Ctrl Pts',(6.39101198564148,17.7858930586018,10.));
#10546=CARTESIAN_POINT('Ctrl Pts',(6.41996013007601,18.693401739882,10.));
#10547=CARTESIAN_POINT('Ctrl Pts',(6.70117456403414,19.5582595000767,10.));
#10548=CARTESIAN_POINT('Ctrl Pts',(6.85886219143867,20.0432181358337,10.));
#10549=CARTESIAN_POINT('',(6.85886219143867,20.0432181358337,10.5));
#10550=CARTESIAN_POINT('Ctrl Pts',(6.85886219143867,20.0432181358337,10.5));
#10551=CARTESIAN_POINT('Ctrl Pts',(6.70117456403414,19.5582595000767,10.5));
#10552=CARTESIAN_POINT('Ctrl Pts',(6.41996013007601,18.693401739882,10.5));
#10553=CARTESIAN_POINT('Ctrl Pts',(6.39101198564148,17.7858930586018,10.5));
#10554=CARTESIAN_POINT('Ctrl Pts',(6.3782961666584,17.3872590065002,10.5));
#10555=CARTESIAN_POINT('',(6.85886219143867,20.0432181358337,10.));
#10556=CARTESIAN_POINT('Ctrl Pts',(8.62313106656075,23.4481596946716,10.));
#10557=CARTESIAN_POINT('Ctrl Pts',(8.62313106656075,23.4481596946716,10.5));
#10558=CARTESIAN_POINT('Ctrl Pts',(8.29209493201793,22.9926331502564,10.));
#10559=CARTESIAN_POINT('Ctrl Pts',(8.29209493201793,22.9926331502564,10.5));
#10560=CARTESIAN_POINT('Ctrl Pts',(7.5334587054841,21.9487019817802,10.));
#10561=CARTESIAN_POINT('Ctrl Pts',(7.5334587054841,21.9487019817802,10.5));
#10562=CARTESIAN_POINT('Ctrl Pts',(7.10203256732241,20.7300838598804,10.));
#10563=CARTESIAN_POINT('Ctrl Pts',(7.10203256732241,20.7300838598804,10.5));
#10564=CARTESIAN_POINT('Ctrl Pts',(6.85886219143867,20.0432181358337,10.));
#10565=CARTESIAN_POINT('Ctrl Pts',(6.85886219143867,20.0432181358337,10.5));
#10566=CARTESIAN_POINT('',(8.62313106656075,23.4481596946716,10.));
#10567=CARTESIAN_POINT('Ctrl Pts',(6.85886219143867,20.0432181358337,10.));
#10568=CARTESIAN_POINT('Ctrl Pts',(7.10203256732241,20.7300838598804,10.));
#10569=CARTESIAN_POINT('Ctrl Pts',(7.5334587054841,21.9487019817802,10.));
#10570=CARTESIAN_POINT('Ctrl Pts',(8.29209493201793,22.9926331502564,10.));
#10571=CARTESIAN_POINT('Ctrl Pts',(8.62313106656075,23.4481596946716,10.));
#10572=CARTESIAN_POINT('',(8.62313106656075,23.4481596946716,10.5));
#10573=CARTESIAN_POINT('Ctrl Pts',(8.62313106656075,23.4481596946716,10.5));
#10574=CARTESIAN_POINT('Ctrl Pts',(8.29209493201793,22.9926331502564,10.5));
#10575=CARTESIAN_POINT('Ctrl Pts',(7.5334587054841,21.9487019817802,10.5));
#10576=CARTESIAN_POINT('Ctrl Pts',(7.10203256732241,20.7300838598804,10.5));
#10577=CARTESIAN_POINT('Ctrl Pts',(6.85886219143867,20.0432181358337,10.5));
#10578=CARTESIAN_POINT('',(8.62313106656075,23.4481596946716,10.));
#10579=CARTESIAN_POINT('Ctrl Pts',(11.1513693630695,25.1583647727966,10.));
#10580=CARTESIAN_POINT('Ctrl Pts',(11.1513693630695,25.1583647727966,10.5));
#10581=CARTESIAN_POINT('Ctrl Pts',(10.6645211402549,24.9401234064277,10.));
#10582=CARTESIAN_POINT('Ctrl Pts',(10.6645211402549,24.9401234064277,10.5));
#10583=CARTESIAN_POINT('Ctrl Pts',(9.72133768152672,24.5173188502574,10.));
#10584=CARTESIAN_POINT('Ctrl Pts',(9.72133768152672,24.5173188502574,10.5));
#10585=CARTESIAN_POINT('Ctrl Pts',(8.9812187267264,23.7967759706538,10.));
#10586=CARTESIAN_POINT('Ctrl Pts',(8.9812187267264,23.7967759706538,10.5));
#10587=CARTESIAN_POINT('Ctrl Pts',(8.62313106656075,23.4481596946716,10.));
#10588=CARTESIAN_POINT('Ctrl Pts',(8.62313106656075,23.4481596946716,10.5));
#10589=CARTESIAN_POINT('',(11.1513693630695,25.1583647727966,10.));
#10590=CARTESIAN_POINT('Ctrl Pts',(8.62313106656075,23.4481596946716,10.));
#10591=CARTESIAN_POINT('Ctrl Pts',(8.9812187267264,23.7967759706538,10.));
#10592=CARTESIAN_POINT('Ctrl Pts',(9.72133768152672,24.5173188502574,10.));
#10593=CARTESIAN_POINT('Ctrl Pts',(10.6645211402549,24.9401234064277,10.));
#10594=CARTESIAN_POINT('Ctrl Pts',(11.1513693630695,25.1583647727966,10.));
#10595=CARTESIAN_POINT('',(11.1513693630695,25.1583647727966,10.5));
#10596=CARTESIAN_POINT('Ctrl Pts',(11.1513693630695,25.1583647727966,10.5));
#10597=CARTESIAN_POINT('Ctrl Pts',(10.6645211402549,24.9401234064277,10.5));
#10598=CARTESIAN_POINT('Ctrl Pts',(9.72133768152672,24.5173188502574,10.5));
#10599=CARTESIAN_POINT('Ctrl Pts',(8.9812187267264,23.7967759706538,10.5));
#10600=CARTESIAN_POINT('Ctrl Pts',(8.62313106656075,23.4481596946716,10.5));
#10601=CARTESIAN_POINT('',(11.1513693630695,25.1583647727966,10.));
#10602=CARTESIAN_POINT('Ctrl Pts',(14.561689645052,25.7713627815247,10.));
#10603=CARTESIAN_POINT('Ctrl Pts',(14.561689645052,25.7713627815247,10.5));
#10604=CARTESIAN_POINT('Ctrl Pts',(13.9620179384482,25.7488626182421,10.));
#10605=CARTESIAN_POINT('Ctrl Pts',(13.9620179384482,25.7488626182421,10.5));
#10606=CARTESIAN_POINT('Ctrl Pts',(12.7959306347469,25.7051100875722,10.));
#10607=CARTESIAN_POINT('Ctrl Pts',(12.7959306347469,25.7051100875722,10.5));
#10608=CARTESIAN_POINT('Ctrl Pts',(11.6890337757704,25.3371148769298,10.));
#10609=CARTESIAN_POINT('Ctrl Pts',(11.6890337757704,25.3371148769298,10.5));
#10610=CARTESIAN_POINT('Ctrl Pts',(11.1513693630695,25.1583647727966,10.));
#10611=CARTESIAN_POINT('Ctrl Pts',(11.1513693630695,25.1583647727966,10.5));
#10612=CARTESIAN_POINT('',(14.561689645052,25.7713627815247,10.));
#10613=CARTESIAN_POINT('Ctrl Pts',(11.1513693630695,25.1583647727966,10.));
#10614=CARTESIAN_POINT('Ctrl Pts',(11.6890337757704,25.3371148769298,10.));
#10615=CARTESIAN_POINT('Ctrl Pts',(12.7959306347469,25.7051100875722,10.));
#10616=CARTESIAN_POINT('Ctrl Pts',(13.9620179384482,25.7488626182421,10.));
#10617=CARTESIAN_POINT('Ctrl Pts',(14.561689645052,25.7713627815247,10.));
#10618=CARTESIAN_POINT('',(14.561689645052,25.7713627815247,10.5));
#10619=CARTESIAN_POINT('Ctrl Pts',(14.561689645052,25.7713627815247,10.5));
#10620=CARTESIAN_POINT('Ctrl Pts',(13.9620179384482,25.7488626182421,10.5));
#10621=CARTESIAN_POINT('Ctrl Pts',(12.7959306347469,25.7051100875722,10.5));
#10622=CARTESIAN_POINT('Ctrl Pts',(11.6890337757704,25.3371148769298,10.5));
#10623=CARTESIAN_POINT('Ctrl Pts',(11.1513693630695,25.1583647727966,10.5));
#10624=CARTESIAN_POINT('',(14.561689645052,25.7713627815247,10.));
#10625=CARTESIAN_POINT('Ctrl Pts',(17.8286345303059,25.09929895401,10.));
#10626=CARTESIAN_POINT('Ctrl Pts',(17.8286345303059,25.09929895401,10.5));
#10627=CARTESIAN_POINT('Ctrl Pts',(17.356492089269,25.2948534363348,10.));
#10628=CARTESIAN_POINT('Ctrl Pts',(17.356492089269,25.2948534363348,10.5));
#10629=CARTESIAN_POINT('Ctrl Pts',(16.3129080267523,25.7270906668191,10.));
#10630=CARTESIAN_POINT('Ctrl Pts',(16.3129080267523,25.7270906668191,10.5));
#10631=CARTESIAN_POINT('Ctrl Pts',(15.1813200828341,25.7556980591216,10.));
#10632=CARTESIAN_POINT('Ctrl Pts',(15.1813200828341,25.7556980591216,10.5));
#10633=CARTESIAN_POINT('Ctrl Pts',(14.561689645052,25.7713627815247,10.));
#10634=CARTESIAN_POINT('Ctrl Pts',(14.561689645052,25.7713627815247,10.5));
#10635=CARTESIAN_POINT('',(17.8286345303059,25.09929895401,10.));
#10636=CARTESIAN_POINT('Ctrl Pts',(14.561689645052,25.7713627815247,10.));
#10637=CARTESIAN_POINT('Ctrl Pts',(15.1813200828341,25.7556980591216,10.));
#10638=CARTESIAN_POINT('Ctrl Pts',(16.3129080267523,25.7270906668191,10.));
#10639=CARTESIAN_POINT('Ctrl Pts',(17.356492089269,25.2948534363348,10.));
#10640=CARTESIAN_POINT('Ctrl Pts',(17.8286345303059,25.09929895401,10.));
#10641=CARTESIAN_POINT('',(17.8286345303059,25.09929895401,10.5));
#10642=CARTESIAN_POINT('Ctrl Pts',(17.8286345303059,25.09929895401,10.5));
#10643=CARTESIAN_POINT('Ctrl Pts',(17.356492089269,25.2948534363348,10.5));
#10644=CARTESIAN_POINT('Ctrl Pts',(16.3129080267523,25.7270906668191,10.5));
#10645=CARTESIAN_POINT('Ctrl Pts',(15.1813200828341,25.7556980591216,10.5));
#10646=CARTESIAN_POINT('Ctrl Pts',(14.561689645052,25.7713627815247,10.5));
#10647=CARTESIAN_POINT('',(17.8286345303059,25.09929895401,10.));
#10648=CARTESIAN_POINT('Ctrl Pts',(19.193971902132,23.3923649787903,10.));
#10649=CARTESIAN_POINT('Ctrl Pts',(19.193971902132,23.3923649787903,10.5));
#10650=CARTESIAN_POINT('Ctrl Pts',(19.0888092967915,23.7302276743817,10.));
#10651=CARTESIAN_POINT('Ctrl Pts',(19.0888092967915,23.7302276743817,10.5));
#10652=CARTESIAN_POINT('Ctrl Pts',(18.8582781636555,24.4708699379211,10.));
#10653=CARTESIAN_POINT('Ctrl Pts',(18.8582781636555,24.4708699379211,10.5));
#10654=CARTESIAN_POINT('Ctrl Pts',(18.1913348097307,24.8779297614549,10.));
#10655=CARTESIAN_POINT('Ctrl Pts',(18.1913348097307,24.8779297614549,10.5));
#10656=CARTESIAN_POINT('Ctrl Pts',(17.8286345303059,25.09929895401,10.));
#10657=CARTESIAN_POINT('Ctrl Pts',(17.8286345303059,25.09929895401,10.5));
#10658=CARTESIAN_POINT('',(19.193971902132,23.3923649787903,10.));
#10659=CARTESIAN_POINT('Ctrl Pts',(17.8286345303059,25.09929895401,10.));
#10660=CARTESIAN_POINT('Ctrl Pts',(18.1913348097307,24.8779297614549,10.));
#10661=CARTESIAN_POINT('Ctrl Pts',(18.8582781636555,24.4708699379211,10.));
#10662=CARTESIAN_POINT('Ctrl Pts',(19.0888092967915,23.7302276743817,10.));
#10663=CARTESIAN_POINT('Ctrl Pts',(19.193971902132,23.3923649787903,10.));
#10664=CARTESIAN_POINT('',(19.193971902132,23.3923649787903,10.5));
#10665=CARTESIAN_POINT('Ctrl Pts',(19.193971902132,23.3923649787903,10.5));
#10666=CARTESIAN_POINT('Ctrl Pts',(19.0888092967915,23.7302276743817,10.5));
#10667=CARTESIAN_POINT('Ctrl Pts',(18.8582781636555,24.4708699379211,10.5));
#10668=CARTESIAN_POINT('Ctrl Pts',(18.1913348097307,24.8779297614549,10.5));
#10669=CARTESIAN_POINT('Ctrl Pts',(17.8286345303059,25.09929895401,10.5));
#10670=CARTESIAN_POINT('',(19.193971902132,23.3923649787903,10.));
#10671=CARTESIAN_POINT('Ctrl Pts',(18.5148985683918,19.9788737297058,10.));
#10672=CARTESIAN_POINT('Ctrl Pts',(18.5148985683918,19.9788737297058,10.5));
#10673=CARTESIAN_POINT('Ctrl Pts',(18.7480452269886,20.6523823270929,10.));
#10674=CARTESIAN_POINT('Ctrl Pts',(18.7480452269886,20.6523823270929,10.5));
#10675=CARTESIAN_POINT('Ctrl Pts',(19.1322533378619,21.7622737036899,10.));
#10676=CARTESIAN_POINT('Ctrl Pts',(19.1322533378619,21.7622737036899,10.5));
#10677=CARTESIAN_POINT('Ctrl Pts',(19.1765539568706,22.9323276960595,10.));
#10678=CARTESIAN_POINT('Ctrl Pts',(19.1765539568706,22.9323276960595,10.5));
#10679=CARTESIAN_POINT('Ctrl Pts',(19.193971902132,23.3923649787903,10.));
#10680=CARTESIAN_POINT('Ctrl Pts',(19.193971902132,23.3923649787903,10.5));
#10681=CARTESIAN_POINT('',(18.5148985683918,19.9788737297058,10.));
#10682=CARTESIAN_POINT('Ctrl Pts',(19.193971902132,23.3923649787903,10.));
#10683=CARTESIAN_POINT('Ctrl Pts',(19.1765539568706,22.9323276960595,10.));
#10684=CARTESIAN_POINT('Ctrl Pts',(19.1322533378619,21.7622737036899,10.));
#10685=CARTESIAN_POINT('Ctrl Pts',(18.7480452269886,20.6523823270929,10.));
#10686=CARTESIAN_POINT('Ctrl Pts',(18.5148985683918,19.9788737297058,10.));
#10687=CARTESIAN_POINT('',(18.5148985683918,19.9788737297058,10.5));
#10688=CARTESIAN_POINT('Ctrl Pts',(18.5148985683918,19.9788737297058,10.5));
#10689=CARTESIAN_POINT('Ctrl Pts',(18.7480452269886,20.6523823270929,10.5));
#10690=CARTESIAN_POINT('Ctrl Pts',(19.1322533378619,21.7622737036899,10.5));
#10691=CARTESIAN_POINT('Ctrl Pts',(19.1765539568706,22.9323276960595,10.5));
#10692=CARTESIAN_POINT('Ctrl Pts',(19.193971902132,23.3923649787903,10.5));
#10693=CARTESIAN_POINT('',(18.5148985683918,19.9788737297058,10.));
#10694=CARTESIAN_POINT('Origin',(18.1687910854816,18.9612793922424,10.));
#10695=CARTESIAN_POINT('',(14.3366090797796,7.69423981152423,10.));
#10696=CARTESIAN_POINT('',(18.5148985683918,19.9788737297058,10.5));
#10697=CARTESIAN_POINT('Origin',(0.013403445482254,0.208976268768311,10.5));
#10698=CARTESIAN_POINT('Origin',(-22.9621236026287,18.9612793922424,10.));
#10699=CARTESIAN_POINT('',(-17.7500741183758,18.9612793922424,10.));
#10700=CARTESIAN_POINT('',(-22.9621236026287,18.9612793922424,10.));
#10701=CARTESIAN_POINT('',(-11.4810618013144,18.9612793922424,10.));
#10702=CARTESIAN_POINT('',(-17.7500741183758,18.9612793922424,10.5));
#10703=CARTESIAN_POINT('',(-17.7500741183758,18.9612793922424,10.));
#10704=CARTESIAN_POINT('',(-22.9621236026287,18.9612793922424,10.5));
#10705=CARTESIAN_POINT('',(-17.7500741183758,18.9612793922424,10.5));
#10706=CARTESIAN_POINT('',(-22.9621236026287,18.9612793922424,10.));
#10707=CARTESIAN_POINT('Origin',(-22.3868672549725,20.6526589393616,10.));
#10708=CARTESIAN_POINT('',(-22.3868672549725,20.6526589393616,10.));
#10709=CARTESIAN_POINT('',(-24.3742658818954,14.8092720680206,10.));
#10710=CARTESIAN_POINT('',(-22.3868672549725,20.6526589393616,10.5));
#10711=CARTESIAN_POINT('',(-22.9621236026287,18.9612793922424,10.5));
#10712=CARTESIAN_POINT('',(-22.3868672549725,20.6526589393616,10.));
#10713=CARTESIAN_POINT('Ctrl Pts',(-22.1311204135418,21.7789673805237,10.));
#10714=CARTESIAN_POINT('Ctrl Pts',(-22.1311204135418,21.7789673805237,10.5));
#10715=CARTESIAN_POINT('Ctrl Pts',(-22.1381034355145,21.6519918882647,10.));
#10716=CARTESIAN_POINT('Ctrl Pts',(-22.1381034355145,21.6519918882647,10.5));
#10717=CARTESIAN_POINT('Ctrl Pts',(-22.1594209629034,21.2643655075164,10.));
#10718=CARTESIAN_POINT('Ctrl Pts',(-22.1594209629034,21.2643655075164,10.5));
#10719=CARTESIAN_POINT('Ctrl Pts',(-22.2954186095786,20.8986059562481,10.));
#10720=CARTESIAN_POINT('Ctrl Pts',(-22.2954186095786,20.8986059562481,10.5));
#10721=CARTESIAN_POINT('Ctrl Pts',(-22.3868672549725,20.6526589393616,10.));
#10722=CARTESIAN_POINT('Ctrl Pts',(-22.3868672549725,20.6526589393616,10.5));
#10723=CARTESIAN_POINT('',(-22.1311204135418,21.7789673805237,10.));
#10724=CARTESIAN_POINT('Ctrl Pts',(-22.3868672549725,20.6526589393616,10.));
#10725=CARTESIAN_POINT('Ctrl Pts',(-22.2954186095786,20.8986059562481,10.));
#10726=CARTESIAN_POINT('Ctrl Pts',(-22.1594209629034,21.2643655075164,10.));
#10727=CARTESIAN_POINT('Ctrl Pts',(-22.1381034355145,21.6519918882647,10.));
#10728=CARTESIAN_POINT('Ctrl Pts',(-22.1311204135418,21.7789673805237,10.));
#10729=CARTESIAN_POINT('',(-22.1311204135418,21.7789673805237,10.5));
#10730=CARTESIAN_POINT('Ctrl Pts',(-22.1311204135418,21.7789673805237,10.5));
#10731=CARTESIAN_POINT('Ctrl Pts',(-22.1381034355145,21.6519918882647,10.5));
#10732=CARTESIAN_POINT('Ctrl Pts',(-22.1594209629034,21.2643655075164,10.5));
#10733=CARTESIAN_POINT('Ctrl Pts',(-22.2954186095786,20.8986059562481,10.5));
#10734=CARTESIAN_POINT('Ctrl Pts',(-22.3868672549725,20.6526589393616,10.5));
#10735=CARTESIAN_POINT('',(-22.1311204135418,21.7789673805237,10.));
#10736=CARTESIAN_POINT('Ctrl Pts',(-22.4796406924725,21.9729590415955,10.));
#10737=CARTESIAN_POINT('Ctrl Pts',(-22.4796406924725,21.9729590415955,10.5));
#10738=CARTESIAN_POINT('Ctrl Pts',(-22.3950901914454,21.9693066484495,10.));
#10739=CARTESIAN_POINT('Ctrl Pts',(-22.3950901914454,21.9693066484495,10.5));
#10740=CARTESIAN_POINT('Ctrl Pts',(-22.2433954102997,21.9627537720951,10.));
#10741=CARTESIAN_POINT('Ctrl Pts',(-22.2433954102997,21.9627537720951,10.5));
#10742=CARTESIAN_POINT('Ctrl Pts',(-22.1655686687531,21.8353567878186,10.));
#10743=CARTESIAN_POINT('Ctrl Pts',(-22.1655686687531,21.8353567878186,10.5));
#10744=CARTESIAN_POINT('Ctrl Pts',(-22.1311204135418,21.7789673805237,10.));
#10745=CARTESIAN_POINT('Ctrl Pts',(-22.1311204135418,21.7789673805237,10.5));
#10746=CARTESIAN_POINT('',(-22.4796406924725,21.9729590415955,10.));
#10747=CARTESIAN_POINT('Ctrl Pts',(-22.1311204135418,21.7789673805237,10.));
#10748=CARTESIAN_POINT('Ctrl Pts',(-22.1655686687531,21.8353567878186,10.));
#10749=CARTESIAN_POINT('Ctrl Pts',(-22.2433954102997,21.9627537720951,10.));
#10750=CARTESIAN_POINT('Ctrl Pts',(-22.3950901914454,21.9693066484495,10.));
#10751=CARTESIAN_POINT('Ctrl Pts',(-22.4796406924725,21.9729590415955,10.));
#10752=CARTESIAN_POINT('',(-22.4796406924725,21.9729590415955,10.5));
#10753=CARTESIAN_POINT('Ctrl Pts',(-22.4796406924725,21.9729590415955,10.5));
#10754=CARTESIAN_POINT('Ctrl Pts',(-22.3950901914454,21.9693066484495,10.5));
#10755=CARTESIAN_POINT('Ctrl Pts',(-22.2433954102997,21.9627537720951,10.5));
#10756=CARTESIAN_POINT('Ctrl Pts',(-22.1655686687531,21.8353567878186,10.5));
#10757=CARTESIAN_POINT('Ctrl Pts',(-22.1311204135418,21.7789673805237,10.5));
#10758=CARTESIAN_POINT('',(-22.4796406924725,21.9729590415955,10.));
#10759=CARTESIAN_POINT('Ctrl Pts',(-23.0708329379559,21.6881155967712,10.));
#10760=CARTESIAN_POINT('Ctrl Pts',(-23.0708329379559,21.6881155967712,10.5));
#10761=CARTESIAN_POINT('Ctrl Pts',(-22.9807414590809,21.7710814453129,10.));
#10762=CARTESIAN_POINT('Ctrl Pts',(-22.9807414590809,21.7710814453129,10.5));
#10763=CARTESIAN_POINT('Ctrl Pts',(-22.8118404918689,21.9266234814658,10.));
#10764=CARTESIAN_POINT('Ctrl Pts',(-22.8118404918689,21.9266234814658,10.5));
#10765=CARTESIAN_POINT('Ctrl Pts',(-22.5853306043418,21.9582173070266,10.));
#10766=CARTESIAN_POINT('Ctrl Pts',(-22.5853306043418,21.9582173070266,10.5));
#10767=CARTESIAN_POINT('Ctrl Pts',(-22.4796406924725,21.9729590415955,10.));
#10768=CARTESIAN_POINT('Ctrl Pts',(-22.4796406924725,21.9729590415955,10.5));
#10769=CARTESIAN_POINT('',(-23.0708329379559,21.6881155967712,10.));
#10770=CARTESIAN_POINT('Ctrl Pts',(-22.4796406924725,21.9729590415955,10.));
#10771=CARTESIAN_POINT('Ctrl Pts',(-22.5853306043418,21.9582173070266,10.));
#10772=CARTESIAN_POINT('Ctrl Pts',(-22.8118404918689,21.9266234814658,10.));
#10773=CARTESIAN_POINT('Ctrl Pts',(-22.9807414590809,21.7710814453129,10.));
#10774=CARTESIAN_POINT('Ctrl Pts',(-23.0708329379559,21.6881155967712,10.));
#10775=CARTESIAN_POINT('',(-23.0708329379559,21.6881155967712,10.5));
#10776=CARTESIAN_POINT('Ctrl Pts',(-23.0708329379559,21.6881155967712,10.5));
#10777=CARTESIAN_POINT('Ctrl Pts',(-22.9807414590809,21.7710814453129,10.5));
#10778=CARTESIAN_POINT('Ctrl Pts',(-22.8118404918689,21.9266234814658,10.5));
#10779=CARTESIAN_POINT('Ctrl Pts',(-22.5853306043418,21.9582173070266,10.5));
#10780=CARTESIAN_POINT('Ctrl Pts',(-22.4796406924725,21.9729590415955,10.5));
#10781=CARTESIAN_POINT('',(-23.0708329379559,21.6881155967712,10.));
#10782=CARTESIAN_POINT('Ctrl Pts',(-23.5817448794842,20.7173895835876,10.));
#10783=CARTESIAN_POINT('Ctrl Pts',(-23.5817448794842,20.7173895835876,10.5));
#10784=CARTESIAN_POINT('Ctrl Pts',(-23.5115134443855,20.9187245590832,10.));
#10785=CARTESIAN_POINT('Ctrl Pts',(-23.5115134443855,20.9187245590832,10.5));
#10786=CARTESIAN_POINT('Ctrl Pts',(-23.389441399556,21.2686728709736,10.));
#10787=CARTESIAN_POINT('Ctrl Pts',(-23.389441399556,21.2686728709736,10.5));
#10788=CARTESIAN_POINT('Ctrl Pts',(-23.1658050775997,21.5630863589192,10.));
#10789=CARTESIAN_POINT('Ctrl Pts',(-23.1658050775997,21.5630863589192,10.5));
#10790=CARTESIAN_POINT('Ctrl Pts',(-23.0708329379559,21.6881155967712,10.));
#10791=CARTESIAN_POINT('Ctrl Pts',(-23.0708329379559,21.6881155967712,10.5));
#10792=CARTESIAN_POINT('',(-23.5817448794842,20.7173895835876,10.));
#10793=CARTESIAN_POINT('Ctrl Pts',(-23.0708329379559,21.6881155967712,10.));
#10794=CARTESIAN_POINT('Ctrl Pts',(-23.1658050775997,21.5630863589192,10.));
#10795=CARTESIAN_POINT('Ctrl Pts',(-23.389441399556,21.2686728709736,10.));
#10796=CARTESIAN_POINT('Ctrl Pts',(-23.5115134443855,20.9187245590832,10.));
#10797=CARTESIAN_POINT('Ctrl Pts',(-23.5817448794842,20.7173895835876,10.));
#10798=CARTESIAN_POINT('',(-23.5817448794842,20.7173895835876,10.5));
#10799=CARTESIAN_POINT('Ctrl Pts',(-23.5817448794842,20.7173895835876,10.5));
#10800=CARTESIAN_POINT('Ctrl Pts',(-23.5115134443855,20.9187245590832,10.5));
#10801=CARTESIAN_POINT('Ctrl Pts',(-23.389441399556,21.2686728709736,10.5));
#10802=CARTESIAN_POINT('Ctrl Pts',(-23.1658050775997,21.5630863589192,10.5));
#10803=CARTESIAN_POINT('Ctrl Pts',(-23.0708329379559,21.6881155967712,10.5));
#10804=CARTESIAN_POINT('',(-23.5817448794842,20.7173895835876,10.));
#10805=CARTESIAN_POINT('Ctrl Pts',(-23.821255415678,19.4495272636414,10.));
#10806=CARTESIAN_POINT('Ctrl Pts',(-23.821255415678,19.4495272636414,10.5));
#10807=CARTESIAN_POINT('Ctrl Pts',(-23.8202396700638,19.614808420749,10.));
#10808=CARTESIAN_POINT('Ctrl Pts',(-23.8202396700638,19.614808420749,10.5));
#10809=CARTESIAN_POINT('Ctrl Pts',(-23.8175660144986,20.049863103082,10.));
#10810=CARTESIAN_POINT('Ctrl Pts',(-23.8175660144986,20.049863103082,10.5));
#10811=CARTESIAN_POINT('Ctrl Pts',(-23.6720055958307,20.4618933223766,10.));
#10812=CARTESIAN_POINT('Ctrl Pts',(-23.6720055958307,20.4618933223766,10.5));
#10813=CARTESIAN_POINT('Ctrl Pts',(-23.5817448794842,20.7173895835876,10.));
#10814=CARTESIAN_POINT('Ctrl Pts',(-23.5817448794842,20.7173895835876,10.5));
#10815=CARTESIAN_POINT('',(-23.821255415678,19.4495272636414,10.));
#10816=CARTESIAN_POINT('Ctrl Pts',(-23.5817448794842,20.7173895835876,10.));
#10817=CARTESIAN_POINT('Ctrl Pts',(-23.6720055958307,20.4618933223766,10.));
#10818=CARTESIAN_POINT('Ctrl Pts',(-23.8175660144986,20.049863103082,10.));
#10819=CARTESIAN_POINT('Ctrl Pts',(-23.8202396700638,19.614808420749,10.));
#10820=CARTESIAN_POINT('Ctrl Pts',(-23.821255415678,19.4495272636414,10.));
#10821=CARTESIAN_POINT('',(-23.821255415678,19.4495272636414,10.5));
#10822=CARTESIAN_POINT('Ctrl Pts',(-23.821255415678,19.4495272636414,10.5));
#10823=CARTESIAN_POINT('Ctrl Pts',(-23.8202396700638,19.614808420749,10.5));
#10824=CARTESIAN_POINT('Ctrl Pts',(-23.8175660144986,20.049863103082,10.5));
#10825=CARTESIAN_POINT('Ctrl Pts',(-23.6720055958307,20.4618933223766,10.5));
#10826=CARTESIAN_POINT('Ctrl Pts',(-23.5817448794842,20.7173895835876,10.5));
#10827=CARTESIAN_POINT('',(-23.821255415678,19.4495272636414,10.));
#10828=CARTESIAN_POINT('Ctrl Pts',(-23.2014434039593,18.3038210868835,10.));
#10829=CARTESIAN_POINT('Ctrl Pts',(-23.2014434039593,18.3038210868835,10.5));
#10830=CARTESIAN_POINT('Ctrl Pts',(-23.3559994080136,18.496089325188,10.));
#10831=CARTESIAN_POINT('Ctrl Pts',(-23.3559994080136,18.496089325188,10.5));
#10832=CARTESIAN_POINT('Ctrl Pts',(-23.6333098596661,18.8410645484338,10.));
#10833=CARTESIAN_POINT('Ctrl Pts',(-23.6333098596661,18.8410645484338,10.5));
#10834=CARTESIAN_POINT('Ctrl Pts',(-23.7635868900214,19.2628287938949,10.));
#10835=CARTESIAN_POINT('Ctrl Pts',(-23.7635868900214,19.2628287938949,10.5));
#10836=CARTESIAN_POINT('Ctrl Pts',(-23.821255415678,19.4495272636414,10.));
#10837=CARTESIAN_POINT('Ctrl Pts',(-23.821255415678,19.4495272636414,10.5));
#10838=CARTESIAN_POINT('',(-23.2014434039593,18.3038210868835,10.));
#10839=CARTESIAN_POINT('Ctrl Pts',(-23.821255415678,19.4495272636414,10.));
#10840=CARTESIAN_POINT('Ctrl Pts',(-23.7635868900214,19.2628287938949,10.));
#10841=CARTESIAN_POINT('Ctrl Pts',(-23.6333098596661,18.8410645484338,10.));
#10842=CARTESIAN_POINT('Ctrl Pts',(-23.3559994080136,18.496089325188,10.));
#10843=CARTESIAN_POINT('Ctrl Pts',(-23.2014434039593,18.3038210868835,10.));
#10844=CARTESIAN_POINT('',(-23.2014434039593,18.3038210868835,10.5));
#10845=CARTESIAN_POINT('Ctrl Pts',(-23.2014434039593,18.3038210868835,10.5));
#10846=CARTESIAN_POINT('Ctrl Pts',(-23.3559994080136,18.496089325188,10.5));
#10847=CARTESIAN_POINT('Ctrl Pts',(-23.6333098596661,18.8410645484338,10.5));
#10848=CARTESIAN_POINT('Ctrl Pts',(-23.7635868900214,19.2628287938949,10.5));
#10849=CARTESIAN_POINT('Ctrl Pts',(-23.821255415678,19.4495272636414,10.5));
#10850=CARTESIAN_POINT('',(-23.2014434039593,18.3038210868835,10.));
#10851=CARTESIAN_POINT('Ctrl Pts',(-19.6462075412273,14.8868727684021,10.));
#10852=CARTESIAN_POINT('Ctrl Pts',(-19.6462075412273,14.8868727684021,10.5));
#10853=CARTESIAN_POINT('Ctrl Pts',(-19.9948174155134,15.4150440595557,10.));
#10854=CARTESIAN_POINT('Ctrl Pts',(-19.9948174155134,15.4150440595557,10.5));
#10855=CARTESIAN_POINT('Ctrl Pts',(-20.9160207226171,16.8107392937322,10.));
#10856=CARTESIAN_POINT('Ctrl Pts',(-20.9160207226171,16.8107392937322,10.5));
#10857=CARTESIAN_POINT('Ctrl Pts',(-22.3254085435418,17.7315017032818,10.));
#10858=CARTESIAN_POINT('Ctrl Pts',(-22.3254085435418,17.7315017032818,10.5));
#10859=CARTESIAN_POINT('Ctrl Pts',(-23.2014434039593,18.3038210868835,10.));
#10860=CARTESIAN_POINT('Ctrl Pts',(-23.2014434039593,18.3038210868835,10.5));
#10861=CARTESIAN_POINT('',(-19.6462075412273,14.8868727684021,10.));
#10862=CARTESIAN_POINT('Ctrl Pts',(-23.2014434039593,18.3038210868835,10.));
#10863=CARTESIAN_POINT('Ctrl Pts',(-22.3254085435418,17.7315017032818,10.));
#10864=CARTESIAN_POINT('Ctrl Pts',(-20.9160207226171,16.8107392937322,10.));
#10865=CARTESIAN_POINT('Ctrl Pts',(-19.9948174155134,15.4150440595557,10.));
#10866=CARTESIAN_POINT('Ctrl Pts',(-19.6462075412273,14.8868727684021,10.));
#10867=CARTESIAN_POINT('',(-19.6462075412273,14.8868727684021,10.5));
#10868=CARTESIAN_POINT('Ctrl Pts',(-19.6462075412273,14.8868727684021,10.5));
#10869=CARTESIAN_POINT('Ctrl Pts',(-19.9948174155134,15.4150440595557,10.5));
#10870=CARTESIAN_POINT('Ctrl Pts',(-20.9160207226171,16.8107392937322,10.5));
#10871=CARTESIAN_POINT('Ctrl Pts',(-22.3254085435418,17.7315017032818,10.5));
#10872=CARTESIAN_POINT('Ctrl Pts',(-23.2014434039593,18.3038210868835,10.5));
#10873=CARTESIAN_POINT('',(-19.6462075412273,14.8868727684021,10.));
#10874=CARTESIAN_POINT('Ctrl Pts',(-20.1790063083172,10.5915856361389,10.));
#10875=CARTESIAN_POINT('Ctrl Pts',(-20.1790063083172,10.5915856361389,10.5));
#10876=CARTESIAN_POINT('Ctrl Pts',(-19.8903778195648,11.4313585025322,10.));
#10877=CARTESIAN_POINT('Ctrl Pts',(-19.8903778195648,11.4313585025322,10.5));
#10878=CARTESIAN_POINT('Ctrl Pts',(-19.4081132767552,12.8345210220246,10.));
#10879=CARTESIAN_POINT('Ctrl Pts',(-19.4081132767552,12.8345210220246,10.5));
#10880=CARTESIAN_POINT('Ctrl Pts',(-19.5779968693034,14.2989027391579,10.));
#10881=CARTESIAN_POINT('Ctrl Pts',(-19.5779968693034,14.2989027391579,10.5));
#10882=CARTESIAN_POINT('Ctrl Pts',(-19.6462075412273,14.8868727684021,10.));
#10883=CARTESIAN_POINT('Ctrl Pts',(-19.6462075412273,14.8868727684021,10.5));
#10884=CARTESIAN_POINT('',(-20.1790063083172,10.5915856361389,10.));
#10885=CARTESIAN_POINT('Ctrl Pts',(-19.6462075412273,14.8868727684021,10.));
#10886=CARTESIAN_POINT('Ctrl Pts',(-19.5779968693034,14.2989027391579,10.));
#10887=CARTESIAN_POINT('Ctrl Pts',(-19.4081132767552,12.8345210220246,10.));
#10888=CARTESIAN_POINT('Ctrl Pts',(-19.8903778195648,11.4313585025322,10.));
#10889=CARTESIAN_POINT('Ctrl Pts',(-20.1790063083172,10.5915856361389,10.));
#10890=CARTESIAN_POINT('',(-20.1790063083172,10.5915856361389,10.5));
#10891=CARTESIAN_POINT('Ctrl Pts',(-20.1790063083172,10.5915856361389,10.5));
#10892=CARTESIAN_POINT('Ctrl Pts',(-19.8903778195648,11.4313585025322,10.5));
#10893=CARTESIAN_POINT('Ctrl Pts',(-19.4081132767552,12.8345210220246,10.5));
#10894=CARTESIAN_POINT('Ctrl Pts',(-19.5779968693034,14.2989027391579,10.5));
#10895=CARTESIAN_POINT('Ctrl Pts',(-19.6462075412273,14.8868727684021,10.5));
#10896=CARTESIAN_POINT('',(-20.1790063083172,10.5915856361389,10.));
#10897=CARTESIAN_POINT('Ctrl Pts',(-21.7833821475506,7.40127801895142,10.));
#10898=CARTESIAN_POINT('Ctrl Pts',(-21.7833821475506,7.40127801895142,10.5));
#10899=CARTESIAN_POINT('Ctrl Pts',(-21.4856283653211,7.83315671439075,10.));
#10900=CARTESIAN_POINT('Ctrl Pts',(-21.4856283653211,7.83315671439075,10.5));
#10901=CARTESIAN_POINT('Ctrl Pts',(-20.8045771107005,8.82099144539078,10.));
#10902=CARTESIAN_POINT('Ctrl Pts',(-20.8045771107005,8.82099144539078,10.5));
#10903=CARTESIAN_POINT('Ctrl Pts',(-20.4042893394046,9.95395225459712,10.));
#10904=CARTESIAN_POINT('Ctrl Pts',(-20.4042893394046,9.95395225459712,10.5));
#10905=CARTESIAN_POINT('Ctrl Pts',(-20.1790063083172,10.5915856361389,10.));
#10906=CARTESIAN_POINT('Ctrl Pts',(-20.1790063083172,10.5915856361389,10.5));
#10907=CARTESIAN_POINT('',(-21.7833821475506,7.40127801895142,10.));
#10908=CARTESIAN_POINT('Ctrl Pts',(-20.1790063083172,10.5915856361389,10.));
#10909=CARTESIAN_POINT('Ctrl Pts',(-20.4042893394046,9.95395225459712,10.));
#10910=CARTESIAN_POINT('Ctrl Pts',(-20.8045771107005,8.82099144539078,10.));
#10911=CARTESIAN_POINT('Ctrl Pts',(-21.4856283653211,7.83315671439075,10.));
#10912=CARTESIAN_POINT('Ctrl Pts',(-21.7833821475506,7.40127801895142,10.));
#10913=CARTESIAN_POINT('',(-21.7833821475506,7.40127801895142,10.5));
#10914=CARTESIAN_POINT('Ctrl Pts',(-21.7833821475506,7.40127801895142,10.5));
#10915=CARTESIAN_POINT('Ctrl Pts',(-21.4856283653211,7.83315671439075,10.5));
#10916=CARTESIAN_POINT('Ctrl Pts',(-20.8045771107005,8.82099144539078,10.5));
#10917=CARTESIAN_POINT('Ctrl Pts',(-20.4042893394046,9.95395225459712,10.5));
#10918=CARTESIAN_POINT('Ctrl Pts',(-20.1790063083172,10.5915856361389,10.5));
#10919=CARTESIAN_POINT('',(-21.7833821475506,7.40127801895142,10.));
#10920=CARTESIAN_POINT('Ctrl Pts',(-24.363476485014,5.6487250328064,10.));
#10921=CARTESIAN_POINT('Ctrl Pts',(-24.363476485014,5.6487250328064,10.5));
#10922=CARTESIAN_POINT('Ctrl Pts',(-23.8437405210234,5.88146921286108,10.));
#10923=CARTESIAN_POINT('Ctrl Pts',(-23.8437405210234,5.88146921286108,10.5));
#10924=CARTESIAN_POINT('Ctrl Pts',(-22.8784356463882,6.3137446509984,10.));
#10925=CARTESIAN_POINT('Ctrl Pts',(-22.8784356463882,6.3137446509984,10.5));
#10926=CARTESIAN_POINT('Ctrl Pts',(-22.1292116609098,7.05782344271348,10.));
#10927=CARTESIAN_POINT('Ctrl Pts',(-22.1292116609098,7.05782344271348,10.5));
#10928=CARTESIAN_POINT('Ctrl Pts',(-21.7833821475506,7.40127801895142,10.));
#10929=CARTESIAN_POINT('Ctrl Pts',(-21.7833821475506,7.40127801895142,10.5));
#10930=CARTESIAN_POINT('',(-24.363476485014,5.6487250328064,10.));
#10931=CARTESIAN_POINT('Ctrl Pts',(-21.7833821475506,7.40127801895142,10.));
#10932=CARTESIAN_POINT('Ctrl Pts',(-22.1292116609098,7.05782344271348,10.));
#10933=CARTESIAN_POINT('Ctrl Pts',(-22.8784356463882,6.3137446509984,10.));
#10934=CARTESIAN_POINT('Ctrl Pts',(-23.8437405210234,5.88146921286108,10.));
#10935=CARTESIAN_POINT('Ctrl Pts',(-24.363476485014,5.6487250328064,10.));
#10936=CARTESIAN_POINT('',(-24.363476485014,5.6487250328064,10.5));
#10937=CARTESIAN_POINT('Ctrl Pts',(-24.363476485014,5.6487250328064,10.5));
#10938=CARTESIAN_POINT('Ctrl Pts',(-23.8437405210234,5.88146921286108,10.5));
#10939=CARTESIAN_POINT('Ctrl Pts',(-22.8784356463882,6.3137446509984,10.5));
#10940=CARTESIAN_POINT('Ctrl Pts',(-22.1292116609098,7.05782344271348,10.5));
#10941=CARTESIAN_POINT('Ctrl Pts',(-21.7833821475506,7.40127801895142,10.5));
#10942=CARTESIAN_POINT('',(-24.363476485014,5.6487250328064,10.));
#10943=CARTESIAN_POINT('Ctrl Pts',(-27.982484549284,4.94776010513306,10.));
#10944=CARTESIAN_POINT('Ctrl Pts',(-27.982484549284,4.94776010513306,10.5));
#10945=CARTESIAN_POINT('Ctrl Pts',(-27.3556598506811,4.97575997481185,10.));
#10946=CARTESIAN_POINT('Ctrl Pts',(-27.3556598506811,4.97575997481185,10.5));
#10947=CARTESIAN_POINT('Ctrl Pts',(-26.1146190121088,5.0311964976922,10.));
#10948=CARTESIAN_POINT('Ctrl Pts',(-26.1146190121088,5.0311964976922,10.5));
#10949=CARTESIAN_POINT('Ctrl Pts',(-24.9432236661155,5.44428112150687,10.));
#10950=CARTESIAN_POINT('Ctrl Pts',(-24.9432236661155,5.44428112150687,10.5));
#10951=CARTESIAN_POINT('Ctrl Pts',(-24.363476485014,5.6487250328064,10.));
#10952=CARTESIAN_POINT('Ctrl Pts',(-24.363476485014,5.6487250328064,10.5));
#10953=CARTESIAN_POINT('',(-27.982484549284,4.94776010513306,10.));
#10954=CARTESIAN_POINT('Ctrl Pts',(-24.363476485014,5.6487250328064,10.));
#10955=CARTESIAN_POINT('Ctrl Pts',(-24.9432236661155,5.44428112150687,10.));
#10956=CARTESIAN_POINT('Ctrl Pts',(-26.1146190121088,5.0311964976922,10.));
#10957=CARTESIAN_POINT('Ctrl Pts',(-27.3556598506811,4.97575997481185,10.));
#10958=CARTESIAN_POINT('Ctrl Pts',(-27.982484549284,4.94776010513306,10.));
#10959=CARTESIAN_POINT('',(-27.982484549284,4.94776010513306,10.5));
#10960=CARTESIAN_POINT('Ctrl Pts',(-27.982484549284,4.94776010513306,10.5));
#10961=CARTESIAN_POINT('Ctrl Pts',(-27.3556598506811,4.97575997481185,10.5));
#10962=CARTESIAN_POINT('Ctrl Pts',(-26.1146190121088,5.0311964976922,10.5));
#10963=CARTESIAN_POINT('Ctrl Pts',(-24.9432236661155,5.44428112150687,10.5));
#10964=CARTESIAN_POINT('Ctrl Pts',(-24.363476485014,5.6487250328064,10.5));
#10965=CARTESIAN_POINT('',(-27.982484549284,4.94776010513306,10.));
#10966=CARTESIAN_POINT('Ctrl Pts',(-31.3169352710247,5.75359582901001,10.));
#10967=CARTESIAN_POINT('Ctrl Pts',(-31.3169352710247,5.75359582901001,10.5));
#10968=CARTESIAN_POINT('Ctrl Pts',(-30.8425727170199,5.5191094095311,10.));
#10969=CARTESIAN_POINT('Ctrl Pts',(-30.8425727170199,5.5191094095311,10.5));
#10970=CARTESIAN_POINT('Ctrl Pts',(-29.7949577647919,5.00125344247252,10.));
#10971=CARTESIAN_POINT('Ctrl Pts',(-29.7949577647919,5.00125344247252,10.5));
#10972=CARTESIAN_POINT('Ctrl Pts',(-28.6235022224551,4.96667910174946,10.));
#10973=CARTESIAN_POINT('Ctrl Pts',(-28.6235022224551,4.96667910174946,10.5));
#10974=CARTESIAN_POINT('Ctrl Pts',(-27.982484549284,4.94776010513306,10.));
#10975=CARTESIAN_POINT('Ctrl Pts',(-27.982484549284,4.94776010513306,10.5));
#10976=CARTESIAN_POINT('',(-31.3169352710247,5.75359582901001,10.));
#10977=CARTESIAN_POINT('Ctrl Pts',(-27.982484549284,4.94776010513306,10.));
#10978=CARTESIAN_POINT('Ctrl Pts',(-28.6235022224551,4.96667910174946,10.));
#10979=CARTESIAN_POINT('Ctrl Pts',(-29.7949577647919,5.00125344247252,10.));
#10980=CARTESIAN_POINT('Ctrl Pts',(-30.8425727170199,5.5191094095311,10.));
#10981=CARTESIAN_POINT('Ctrl Pts',(-31.3169352710247,5.75359582901001,10.));
#10982=CARTESIAN_POINT('',(-31.3169352710247,5.75359582901001,10.5));
#10983=CARTESIAN_POINT('Ctrl Pts',(-31.3169352710247,5.75359582901001,10.5));
#10984=CARTESIAN_POINT('Ctrl Pts',(-30.8425727170199,5.5191094095311,10.5));
#10985=CARTESIAN_POINT('Ctrl Pts',(-29.7949577647919,5.00125344247252,10.5));
#10986=CARTESIAN_POINT('Ctrl Pts',(-28.6235022224551,4.96667910174946,10.5));
#10987=CARTESIAN_POINT('Ctrl Pts',(-27.982484549284,4.94776010513306,10.5));
#10988=CARTESIAN_POINT('',(-31.3169352710247,5.75359582901001,10.));
#10989=CARTESIAN_POINT('Ctrl Pts',(-32.5887362658978,7.81739950180054,10.));
#10990=CARTESIAN_POINT('Ctrl Pts',(-32.5887362658978,7.81739950180054,10.5));
#10991=CARTESIAN_POINT('Ctrl Pts',(-32.5164182769425,7.41134901894211,10.));
#10992=CARTESIAN_POINT('Ctrl Pts',(-32.5164182769425,7.41134901894211,10.5));
#10993=CARTESIAN_POINT('Ctrl Pts',(-32.3647987062526,6.56003663071367,10.));
#10994=CARTESIAN_POINT('Ctrl Pts',(-32.3647987062526,6.56003663071367,10.5));
#10995=CARTESIAN_POINT('Ctrl Pts',(-31.676786358649,6.03053897812808,10.));
#10996=CARTESIAN_POINT('Ctrl Pts',(-31.676786358649,6.03053897812808,10.5));
#10997=CARTESIAN_POINT('Ctrl Pts',(-31.3169352710247,5.75359582901001,10.));
#10998=CARTESIAN_POINT('Ctrl Pts',(-31.3169352710247,5.75359582901001,10.5));
#10999=CARTESIAN_POINT('',(-32.5887362658978,7.81739950180054,10.));
#11000=CARTESIAN_POINT('Ctrl Pts',(-31.3169352710247,5.75359582901001,10.));
#11001=CARTESIAN_POINT('Ctrl Pts',(-31.676786358649,6.03053897812808,10.));
#11002=CARTESIAN_POINT('Ctrl Pts',(-32.3647987062526,6.56003663071367,10.));
#11003=CARTESIAN_POINT('Ctrl Pts',(-32.5164182769425,7.41134901894211,10.));
#11004=CARTESIAN_POINT('Ctrl Pts',(-32.5887362658978,7.81739950180054,10.));
#11005=CARTESIAN_POINT('',(-32.5887362658978,7.81739950180054,10.5));
#11006=CARTESIAN_POINT('Ctrl Pts',(-32.5887362658978,7.81739950180054,10.5));
#11007=CARTESIAN_POINT('Ctrl Pts',(-32.5164182769425,7.41134901894211,10.5));
#11008=CARTESIAN_POINT('Ctrl Pts',(-32.3647987062526,6.56003663071367,10.5));
#11009=CARTESIAN_POINT('Ctrl Pts',(-31.676786358649,6.03053897812808,10.5));
#11010=CARTESIAN_POINT('Ctrl Pts',(-31.3169352710247,5.75359582901001,10.5));
#11011=CARTESIAN_POINT('',(-32.5887362658978,7.81739950180054,10.));
#11012=CARTESIAN_POINT('Ctrl Pts',(-31.8686597049236,11.3162684440613,10.));
#11013=CARTESIAN_POINT('Ctrl Pts',(-31.8686597049236,11.3162684440613,10.5));
#11014=CARTESIAN_POINT('Ctrl Pts',(-32.0887559028685,10.657564896941,10.));
#11015=CARTESIAN_POINT('Ctrl Pts',(-32.0887559028685,10.657564896941,10.5));
#11016=CARTESIAN_POINT('Ctrl Pts',(-32.4694290409291,9.5182869417774,10.));
#11017=CARTESIAN_POINT('Ctrl Pts',(-32.4694290409291,9.5182869417774,10.5));
#11018=CARTESIAN_POINT('Ctrl Pts',(-32.5533404481573,8.32201522677749,10.));
#11019=CARTESIAN_POINT('Ctrl Pts',(-32.5533404481573,8.32201522677749,10.5));
#11020=CARTESIAN_POINT('Ctrl Pts',(-32.5887362658978,7.81739950180054,10.));
#11021=CARTESIAN_POINT('Ctrl Pts',(-32.5887362658978,7.81739950180054,10.5));
#11022=CARTESIAN_POINT('',(-31.8686597049236,11.3162684440613,10.));
#11023=CARTESIAN_POINT('Ctrl Pts',(-32.5887362658978,7.81739950180054,10.));
#11024=CARTESIAN_POINT('Ctrl Pts',(-32.5533404481573,8.32201522677749,10.));
#11025=CARTESIAN_POINT('Ctrl Pts',(-32.4694290409291,9.5182869417774,10.));
#11026=CARTESIAN_POINT('Ctrl Pts',(-32.0887559028685,10.657564896941,10.));
#11027=CARTESIAN_POINT('Ctrl Pts',(-31.8686597049236,11.3162684440613,10.));
#11028=CARTESIAN_POINT('',(-31.8686597049236,11.3162684440613,10.5));
#11029=CARTESIAN_POINT('Ctrl Pts',(-31.8686597049236,11.3162684440613,10.5));
#11030=CARTESIAN_POINT('Ctrl Pts',(-32.0887559028685,10.657564896941,10.5));
#11031=CARTESIAN_POINT('Ctrl Pts',(-32.4694290409291,9.5182869417774,10.5));
#11032=CARTESIAN_POINT('Ctrl Pts',(-32.5533404481573,8.32201522677749,10.5));
#11033=CARTESIAN_POINT('Ctrl Pts',(-32.5887362658978,7.81739950180054,10.5));
#11034=CARTESIAN_POINT('',(-31.8686597049236,11.3162684440613,10.));
#11035=CARTESIAN_POINT('Origin',(-31.3504521548748,12.8395867347717,10.));
#11036=CARTESIAN_POINT('',(-31.3504521548748,12.8395867347717,10.));
#11037=CARTESIAN_POINT('',(-31.6819817001459,11.8650254413771,10.));
#11038=CARTESIAN_POINT('',(-31.3504521548748,12.8395867347717,10.5));
#11039=CARTESIAN_POINT('',(-31.8686597049236,11.3162684440613,10.5));
#11040=CARTESIAN_POINT('',(-31.3504521548748,12.8395867347717,10.));
#11041=CARTESIAN_POINT('Origin',(-26.1384074389935,12.8395867347717,10.));
#11042=CARTESIAN_POINT('',(-26.1384074389935,12.8395867347717,10.));
#11043=CARTESIAN_POINT('',(-13.0692037194967,12.8395867347717,10.));
#11044=CARTESIAN_POINT('',(-26.1384074389935,12.8395867347717,10.5));
#11045=CARTESIAN_POINT('',(-31.3504521548748,12.8395867347717,10.5));
#11046=CARTESIAN_POINT('',(-26.1384074389935,12.8395867347717,10.));
#11047=CARTESIAN_POINT('Origin',(-27.0286576449871,10.2220368385315,10.));
#11048=CARTESIAN_POINT('',(-27.0286576449871,10.2220368385315,10.));
#11049=CARTESIAN_POINT('',(-27.185556885517,9.76071530442334,10.));
#11050=CARTESIAN_POINT('',(-27.0286576449871,10.2220368385315,10.5));
#11051=CARTESIAN_POINT('',(-26.1384074389935,12.8395867347717,10.5));
#11052=CARTESIAN_POINT('',(-27.0286576449871,10.2220368385315,10.));
#11053=CARTESIAN_POINT('Ctrl Pts',(-27.3124425113201,8.96982908248901,10.));
#11054=CARTESIAN_POINT('Ctrl Pts',(-27.3124425113201,8.96982908248901,10.5));
#11055=CARTESIAN_POINT('Ctrl Pts',(-27.3044353187023,9.11233961499033,10.));
#11056=CARTESIAN_POINT('Ctrl Pts',(-27.3044353187023,9.11233961499033,10.5));
#11057=CARTESIAN_POINT('Ctrl Pts',(-27.2802267671264,9.54319893620561,10.));
#11058=CARTESIAN_POINT('Ctrl Pts',(-27.2802267671264,9.54319893620561,10.5));
#11059=CARTESIAN_POINT('Ctrl Pts',(-27.1295180922557,9.94987349086284,10.));
#11060=CARTESIAN_POINT('Ctrl Pts',(-27.1295180922557,9.94987349086284,10.5));
#11061=CARTESIAN_POINT('Ctrl Pts',(-27.0286576449871,10.2220368385315,10.));
#11062=CARTESIAN_POINT('Ctrl Pts',(-27.0286576449871,10.2220368385315,10.5));
#11063=CARTESIAN_POINT('',(-27.3124425113201,8.96982908248901,10.));
#11064=CARTESIAN_POINT('Ctrl Pts',(-27.0286576449871,10.2220368385315,10.));
#11065=CARTESIAN_POINT('Ctrl Pts',(-27.1295180922557,9.94987349086284,10.));
#11066=CARTESIAN_POINT('Ctrl Pts',(-27.2802267671264,9.54319893620561,10.));
#11067=CARTESIAN_POINT('Ctrl Pts',(-27.3044353187023,9.11233961499033,10.));
#11068=CARTESIAN_POINT('Ctrl Pts',(-27.3124425113201,8.96982908248901,10.));
#11069=CARTESIAN_POINT('',(-27.3124425113201,8.96982908248901,10.5));
#11070=CARTESIAN_POINT('Ctrl Pts',(-27.3124425113201,8.96982908248901,10.5));
#11071=CARTESIAN_POINT('Ctrl Pts',(-27.3044353187023,9.11233961499033,10.5));
#11072=CARTESIAN_POINT('Ctrl Pts',(-27.2802267671264,9.54319893620561,10.5));
#11073=CARTESIAN_POINT('Ctrl Pts',(-27.1295180922557,9.94987349086284,10.5));
#11074=CARTESIAN_POINT('Ctrl Pts',(-27.0286576449871,10.2220368385315,10.5));
#11075=CARTESIAN_POINT('',(-27.3124425113201,8.96982908248901,10.));
#11076=CARTESIAN_POINT('Ctrl Pts',(-26.8844096362591,8.74616384506226,10.));
#11077=CARTESIAN_POINT('Ctrl Pts',(-26.8844096362591,8.74616384506226,10.5));
#11078=CARTESIAN_POINT('Ctrl Pts',(-26.989932011367,8.74864069402943,10.));
#11079=CARTESIAN_POINT('Ctrl Pts',(-26.989932011367,8.74864069402943,10.5));
#11080=CARTESIAN_POINT('Ctrl Pts',(-27.1740814122133,8.75296309724324,10.));
#11081=CARTESIAN_POINT('Ctrl Pts',(-27.1740814122133,8.75296309724324,10.5));
#11082=CARTESIAN_POINT('Ctrl Pts',(-27.2710425964113,8.90493921536772,10.));
#11083=CARTESIAN_POINT('Ctrl Pts',(-27.2710425964113,8.90493921536772,10.5));
#11084=CARTESIAN_POINT('Ctrl Pts',(-27.3124425113201,8.96982908248901,10.));
#11085=CARTESIAN_POINT('Ctrl Pts',(-27.3124425113201,8.96982908248901,10.5));
#11086=CARTESIAN_POINT('',(-26.8844096362591,8.74616384506226,10.));
#11087=CARTESIAN_POINT('Ctrl Pts',(-27.3124425113201,8.96982908248901,10.));
#11088=CARTESIAN_POINT('Ctrl Pts',(-27.2710425964113,8.90493921536772,10.));
#11089=CARTESIAN_POINT('Ctrl Pts',(-27.1740814122133,8.75296309724324,10.));
#11090=CARTESIAN_POINT('Ctrl Pts',(-26.989932011367,8.74864069402943,10.));
#11091=CARTESIAN_POINT('Ctrl Pts',(-26.8844096362591,8.74616384506226,10.));
#11092=CARTESIAN_POINT('',(-26.8844096362591,8.74616384506226,10.5));
#11093=CARTESIAN_POINT('Ctrl Pts',(-26.8844096362591,8.74616384506226,10.5));
#11094=CARTESIAN_POINT('Ctrl Pts',(-26.989932011367,8.74864069402943,10.5));
#11095=CARTESIAN_POINT('Ctrl Pts',(-27.1740814122133,8.75296309724324,10.5));
#11096=CARTESIAN_POINT('Ctrl Pts',(-27.2710425964113,8.90493921536772,10.5));
#11097=CARTESIAN_POINT('Ctrl Pts',(-27.3124425113201,8.96982908248901,10.5));
#11098=CARTESIAN_POINT('',(-26.8844096362591,8.74616384506226,10.));
#11099=CARTESIAN_POINT('Ctrl Pts',(-26.2168662250042,9.05587434768677,10.));
#11100=CARTESIAN_POINT('Ctrl Pts',(-26.2168662250042,9.05587434768677,10.5));
#11101=CARTESIAN_POINT('Ctrl Pts',(-26.3163699133633,8.96559209654281,10.));
#11102=CARTESIAN_POINT('Ctrl Pts',(-26.3163699133633,8.96559209654281,10.5));
#11103=CARTESIAN_POINT('Ctrl Pts',(-26.5072114834525,8.79243664026144,10.));
#11104=CARTESIAN_POINT('Ctrl Pts',(-26.5072114834525,8.79243664026144,10.5));
#11105=CARTESIAN_POINT('Ctrl Pts',(-26.7623154155504,8.76114175740836,10.));
#11106=CARTESIAN_POINT('Ctrl Pts',(-26.7623154155504,8.76114175740836,10.5));
#11107=CARTESIAN_POINT('Ctrl Pts',(-26.8844096362591,8.74616384506226,10.));
#11108=CARTESIAN_POINT('Ctrl Pts',(-26.8844096362591,8.74616384506226,10.5));
#11109=CARTESIAN_POINT('',(-26.2168662250042,9.05587434768677,10.));
#11110=CARTESIAN_POINT('Ctrl Pts',(-26.8844096362591,8.74616384506226,10.));
#11111=CARTESIAN_POINT('Ctrl Pts',(-26.7623154155504,8.76114175740836,10.));
#11112=CARTESIAN_POINT('Ctrl Pts',(-26.5072114834525,8.79243664026144,10.));
#11113=CARTESIAN_POINT('Ctrl Pts',(-26.3163699133633,8.96559209654281,10.));
#11114=CARTESIAN_POINT('Ctrl Pts',(-26.2168662250042,9.05587434768677,10.));
#11115=CARTESIAN_POINT('',(-26.2168662250042,9.05587434768677,10.5));
#11116=CARTESIAN_POINT('Ctrl Pts',(-26.2168662250042,9.05587434768677,10.5));
#11117=CARTESIAN_POINT('Ctrl Pts',(-26.3163699133633,8.96559209654281,10.5));
#11118=CARTESIAN_POINT('Ctrl Pts',(-26.5072114834525,8.79243664026144,10.5));
#11119=CARTESIAN_POINT('Ctrl Pts',(-26.7623154155504,8.76114175740836,10.5));
#11120=CARTESIAN_POINT('Ctrl Pts',(-26.8844096362591,8.74616384506226,10.5));
#11121=CARTESIAN_POINT('',(-26.2168662250042,9.05587434768677,10.));
#11122=CARTESIAN_POINT('Ctrl Pts',(-25.6768576800823,10.0764489173889,10.));
#11123=CARTESIAN_POINT('Ctrl Pts',(-25.6768576800823,10.0764489173889,10.5));
#11124=CARTESIAN_POINT('Ctrl Pts',(-25.7506475259469,9.86661346435903,10.));
#11125=CARTESIAN_POINT('Ctrl Pts',(-25.7506475259469,9.86661346435903,10.5));
#11126=CARTESIAN_POINT('Ctrl Pts',(-25.8800345686275,9.49867681401159,10.));
#11127=CARTESIAN_POINT('Ctrl Pts',(-25.8800345686275,9.49867681401159,10.5));
#11128=CARTESIAN_POINT('Ctrl Pts',(-26.1156311363048,9.18895906851413,10.));
#11129=CARTESIAN_POINT('Ctrl Pts',(-26.1156311363048,9.18895906851413,10.5));
#11130=CARTESIAN_POINT('Ctrl Pts',(-26.2168662250042,9.05587434768677,10.));
#11131=CARTESIAN_POINT('Ctrl Pts',(-26.2168662250042,9.05587434768677,10.5));
#11132=CARTESIAN_POINT('',(-25.6768576800823,10.0764489173889,10.));
#11133=CARTESIAN_POINT('Ctrl Pts',(-26.2168662250042,9.05587434768677,10.));
#11134=CARTESIAN_POINT('Ctrl Pts',(-26.1156311363048,9.18895906851413,10.));
#11135=CARTESIAN_POINT('Ctrl Pts',(-25.8800345686275,9.49867681401159,10.));
#11136=CARTESIAN_POINT('Ctrl Pts',(-25.7506475259469,9.86661346435903,10.));
#11137=CARTESIAN_POINT('Ctrl Pts',(-25.6768576800823,10.0764489173889,10.));
#11138=CARTESIAN_POINT('',(-25.6768576800823,10.0764489173889,10.5));
#11139=CARTESIAN_POINT('Ctrl Pts',(-25.6768576800823,10.0764489173889,10.5));
#11140=CARTESIAN_POINT('Ctrl Pts',(-25.7506475259469,9.86661346435903,10.5));
#11141=CARTESIAN_POINT('Ctrl Pts',(-25.8800345686275,9.49867681401159,10.5));
#11142=CARTESIAN_POINT('Ctrl Pts',(-26.1156311363048,9.18895906851413,10.5));
#11143=CARTESIAN_POINT('Ctrl Pts',(-26.2168662250042,9.05587434768677,10.5));
#11144=CARTESIAN_POINT('',(-25.6768576800823,10.0764489173889,10.));
#11145=CARTESIAN_POINT('Ctrl Pts',(-25.2652470767498,12.0805191993713,10.));
#11146=CARTESIAN_POINT('Ctrl Pts',(-25.2652470767498,12.0805191993713,10.5));
#11147=CARTESIAN_POINT('Ctrl Pts',(-25.2671618528982,11.8487491241193,10.));
#11148=CARTESIAN_POINT('Ctrl Pts',(-25.2671618528982,11.8487491241193,10.5));
#11149=CARTESIAN_POINT('Ctrl Pts',(-25.2728605776707,11.1589588995851,10.));
#11150=CARTESIAN_POINT('Ctrl Pts',(-25.2728605776707,11.1589588995851,10.5));
#11151=CARTESIAN_POINT('Ctrl Pts',(-25.5156474162816,10.5084117180006,10.));
#11152=CARTESIAN_POINT('Ctrl Pts',(-25.5156474162816,10.5084117180006,10.5));
#11153=CARTESIAN_POINT('Ctrl Pts',(-25.6768576800823,10.0764489173889,10.));
#11154=CARTESIAN_POINT('Ctrl Pts',(-25.6768576800823,10.0764489173889,10.5));
#11155=CARTESIAN_POINT('',(-25.2652470767498,12.0805191993713,10.));
#11156=CARTESIAN_POINT('Ctrl Pts',(-25.6768576800823,10.0764489173889,10.));
#11157=CARTESIAN_POINT('Ctrl Pts',(-25.5156474162816,10.5084117180006,10.));
#11158=CARTESIAN_POINT('Ctrl Pts',(-25.2728605776707,11.1589588995851,10.));
#11159=CARTESIAN_POINT('Ctrl Pts',(-25.2671618528982,11.8487491241193,10.));
#11160=CARTESIAN_POINT('Ctrl Pts',(-25.2652470767498,12.0805191993713,10.));
#11161=CARTESIAN_POINT('',(-25.2652470767498,12.0805191993713,10.5));
#11162=CARTESIAN_POINT('Ctrl Pts',(-25.2652470767498,12.0805191993713,10.5));
#11163=CARTESIAN_POINT('Ctrl Pts',(-25.2671618528982,11.8487491241193,10.5));
#11164=CARTESIAN_POINT('Ctrl Pts',(-25.2728605776707,11.1589588995851,10.5));
#11165=CARTESIAN_POINT('Ctrl Pts',(-25.5156474162816,10.5084117180006,10.5));
#11166=CARTESIAN_POINT('Ctrl Pts',(-25.6768576800823,10.0764489173889,10.5));
#11167=CARTESIAN_POINT('',(-25.2652470767498,12.0805191993713,10.));
#11168=CARTESIAN_POINT('Ctrl Pts',(-27.1173922717571,13.8925194740295,10.));
#11169=CARTESIAN_POINT('Ctrl Pts',(-27.1173922717571,13.8925194740295,10.5));
#11170=CARTESIAN_POINT('Ctrl Pts',(-26.7094319916318,13.5497752133555,10.));
#11171=CARTESIAN_POINT('Ctrl Pts',(-26.7094319916318,13.5497752133555,10.5));
#11172=CARTESIAN_POINT('Ctrl Pts',(-26.0456078101222,12.9920691341285,10.));
#11173=CARTESIAN_POINT('Ctrl Pts',(-26.0456078101222,12.9920691341285,10.5));
#11174=CARTESIAN_POINT('Ctrl Pts',(-25.4823490980128,12.3341190088629,10.));
#11175=CARTESIAN_POINT('Ctrl Pts',(-25.4823490980128,12.3341190088629,10.5));
#11176=CARTESIAN_POINT('Ctrl Pts',(-25.2652470767498,12.0805191993713,10.));
#11177=CARTESIAN_POINT('Ctrl Pts',(-25.2652470767498,12.0805191993713,10.5));
#11178=CARTESIAN_POINT('',(-27.1173922717571,13.8925194740295,10.));
#11179=CARTESIAN_POINT('Ctrl Pts',(-25.2652470767498,12.0805191993713,10.));
#11180=CARTESIAN_POINT('Ctrl Pts',(-25.4823490980128,12.3341190088629,10.));
#11181=CARTESIAN_POINT('Ctrl Pts',(-26.0456078101222,12.9920691341285,10.));
#11182=CARTESIAN_POINT('Ctrl Pts',(-26.7094319916318,13.5497752133555,10.));
#11183=CARTESIAN_POINT('Ctrl Pts',(-27.1173922717571,13.8925194740295,10.));
#11184=CARTESIAN_POINT('',(-27.1173922717571,13.8925194740295,10.5));
#11185=CARTESIAN_POINT('Ctrl Pts',(-27.1173922717571,13.8925194740295,10.5));
#11186=CARTESIAN_POINT('Ctrl Pts',(-26.7094319916318,13.5497752133555,10.5));
#11187=CARTESIAN_POINT('Ctrl Pts',(-26.0456078101222,12.9920691341285,10.5));
#11188=CARTESIAN_POINT('Ctrl Pts',(-25.4823490980128,12.3341190088629,10.5));
#11189=CARTESIAN_POINT('Ctrl Pts',(-25.2652470767498,12.0805191993713,10.5));
#11190=CARTESIAN_POINT('',(-27.1173922717571,13.8925194740295,10.));
#11191=CARTESIAN_POINT('Ctrl Pts',(-29.0350310504436,15.7510018348694,10.));
#11192=CARTESIAN_POINT('Ctrl Pts',(-29.0350310504436,15.7510018348694,10.5));
#11193=CARTESIAN_POINT('Ctrl Pts',(-28.8064102651769,15.4936066155527,10.));
#11194=CARTESIAN_POINT('Ctrl Pts',(-28.8064102651769,15.4936066155527,10.5));
#11195=CARTESIAN_POINT('Ctrl Pts',(-28.2140919926602,14.8267385900499,10.));
#11196=CARTESIAN_POINT('Ctrl Pts',(-28.2140919926602,14.8267385900499,10.5));
#11197=CARTESIAN_POINT('Ctrl Pts',(-27.5346102189357,14.2479248547112,10.));
#11198=CARTESIAN_POINT('Ctrl Pts',(-27.5346102189357,14.2479248547112,10.5));
#11199=CARTESIAN_POINT('Ctrl Pts',(-27.1173922717571,13.8925194740295,10.));
#11200=CARTESIAN_POINT('Ctrl Pts',(-27.1173922717571,13.8925194740295,10.5));
#11201=CARTESIAN_POINT('',(-29.0350310504436,15.7510018348694,10.));
#11202=CARTESIAN_POINT('Ctrl Pts',(-27.1173922717571,13.8925194740295,10.));
#11203=CARTESIAN_POINT('Ctrl Pts',(-27.5346102189357,14.2479248547112,10.));
#11204=CARTESIAN_POINT('Ctrl Pts',(-28.2140919926602,14.8267385900499,10.));
#11205=CARTESIAN_POINT('Ctrl Pts',(-28.8064102651769,15.4936066155527,10.));
#11206=CARTESIAN_POINT('Ctrl Pts',(-29.0350310504436,15.7510018348694,10.));
#11207=CARTESIAN_POINT('',(-29.0350310504436,15.7510018348694,10.5));
#11208=CARTESIAN_POINT('Ctrl Pts',(-29.0350310504436,15.7510018348694,10.5));
#11209=CARTESIAN_POINT('Ctrl Pts',(-28.8064102651769,15.4936066155527,10.5));
#11210=CARTESIAN_POINT('Ctrl Pts',(-28.2140919926602,14.8267385900499,10.5));
#11211=CARTESIAN_POINT('Ctrl Pts',(-27.5346102189357,14.2479248547112,10.5));
#11212=CARTESIAN_POINT('Ctrl Pts',(-27.1173922717571,13.8925194740295,10.5));
#11213=CARTESIAN_POINT('',(-29.0350310504436,15.7510018348694,10.));
#11214=CARTESIAN_POINT('Ctrl Pts',(-29.5405642688274,17.3872590065002,10.));
#11215=CARTESIAN_POINT('Ctrl Pts',(-29.5405642688274,17.3872590065002,10.5));
#11216=CARTESIAN_POINT('Ctrl Pts',(-29.5108256228716,17.0687315594391,10.));
#11217=CARTESIAN_POINT('Ctrl Pts',(-29.5108256228716,17.0687315594391,10.5));
#11218=CARTESIAN_POINT('Ctrl Pts',(-29.4564522333326,16.486344016184,10.));
#11219=CARTESIAN_POINT('Ctrl Pts',(-29.4564522333326,16.486344016184,10.5));
#11220=CARTESIAN_POINT('Ctrl Pts',(-29.1664302162099,15.9802815984425,10.));
#11221=CARTESIAN_POINT('Ctrl Pts',(-29.1664302162099,15.9802815984425,10.5));
#11222=CARTESIAN_POINT('Ctrl Pts',(-29.0350310504436,15.7510018348694,10.));
#11223=CARTESIAN_POINT('Ctrl Pts',(-29.0350310504436,15.7510018348694,10.5));
#11224=CARTESIAN_POINT('',(-29.5405642688274,17.3872590065002,10.));
#11225=CARTESIAN_POINT('Ctrl Pts',(-29.0350310504436,15.7510018348694,10.));
#11226=CARTESIAN_POINT('Ctrl Pts',(-29.1664302162099,15.9802815984425,10.));
#11227=CARTESIAN_POINT('Ctrl Pts',(-29.4564522333326,16.486344016184,10.));
#11228=CARTESIAN_POINT('Ctrl Pts',(-29.5108256228716,17.0687315594391,10.));
#11229=CARTESIAN_POINT('Ctrl Pts',(-29.5405642688274,17.3872590065002,10.));
#11230=CARTESIAN_POINT('',(-29.5405642688274,17.3872590065002,10.5));
#11231=CARTESIAN_POINT('Ctrl Pts',(-29.5405642688274,17.3872590065002,10.5));
#11232=CARTESIAN_POINT('Ctrl Pts',(-29.5108256228716,17.0687315594391,10.5));
#11233=CARTESIAN_POINT('Ctrl Pts',(-29.4564522333326,16.486344016184,10.5));
#11234=CARTESIAN_POINT('Ctrl Pts',(-29.1664302162099,15.9802815984425,10.5));
#11235=CARTESIAN_POINT('Ctrl Pts',(-29.0350310504436,15.7510018348694,10.5));
#11236=CARTESIAN_POINT('',(-29.5405642688274,17.3872590065002,10.));
#11237=CARTESIAN_POINT('Ctrl Pts',(-29.0600030124187,20.0432181358337,10.));
#11238=CARTESIAN_POINT('Ctrl Pts',(-29.0600030124187,20.0432181358337,10.5));
#11239=CARTESIAN_POINT('Ctrl Pts',(-29.2176912090631,19.5582595420141,10.));
#11240=CARTESIAN_POINT('Ctrl Pts',(-29.2176912090631,19.5582595420141,10.5));
#11241=CARTESIAN_POINT('Ctrl Pts',(-29.4989066221214,18.693401967514,10.));
#11242=CARTESIAN_POINT('Ctrl Pts',(-29.4989066221214,18.693401967514,10.5));
#11243=CARTESIAN_POINT('Ctrl Pts',(-29.5278503791473,17.7858930827354,10.));
#11244=CARTESIAN_POINT('Ctrl Pts',(-29.5278503791473,17.7858930827354,10.5));
#11245=CARTESIAN_POINT('Ctrl Pts',(-29.5405642688274,17.3872590065002,10.));
#11246=CARTESIAN_POINT('Ctrl Pts',(-29.5405642688274,17.3872590065002,10.5));
#11247=CARTESIAN_POINT('',(-29.0600030124187,20.0432181358337,10.));
#11248=CARTESIAN_POINT('Ctrl Pts',(-29.5405642688274,17.3872590065002,10.));
#11249=CARTESIAN_POINT('Ctrl Pts',(-29.5278503791473,17.7858930827354,10.));
#11250=CARTESIAN_POINT('Ctrl Pts',(-29.4989066221214,18.693401967514,10.));
#11251=CARTESIAN_POINT('Ctrl Pts',(-29.2176912090631,19.5582595420141,10.));
#11252=CARTESIAN_POINT('Ctrl Pts',(-29.0600030124187,20.0432181358337,10.));
#11253=CARTESIAN_POINT('',(-29.0600030124187,20.0432181358337,10.5));
#11254=CARTESIAN_POINT('Ctrl Pts',(-29.0600030124187,20.0432181358337,10.5));
#11255=CARTESIAN_POINT('Ctrl Pts',(-29.2176912090631,19.5582595420141,10.5));
#11256=CARTESIAN_POINT('Ctrl Pts',(-29.4989066221214,18.693401967514,10.5));
#11257=CARTESIAN_POINT('Ctrl Pts',(-29.5278503791473,17.7858930827354,10.5));
#11258=CARTESIAN_POINT('Ctrl Pts',(-29.5405642688274,17.3872590065002,10.5));
#11259=CARTESIAN_POINT('',(-29.0600030124187,20.0432181358337,10.));
#11260=CARTESIAN_POINT('Ctrl Pts',(-27.2957293689251,23.4481596946716,10.));
#11261=CARTESIAN_POINT('Ctrl Pts',(-27.2957293689251,23.4481596946716,10.5));
#11262=CARTESIAN_POINT('Ctrl Pts',(-27.6267631449761,22.9926327622896,10.));
#11263=CARTESIAN_POINT('Ctrl Pts',(-27.6267631449761,22.9926327622896,10.5));
#11264=CARTESIAN_POINT('Ctrl Pts',(-28.3853953589627,21.948698788645,10.));
#11265=CARTESIAN_POINT('Ctrl Pts',(-28.3853953589627,21.948698788645,10.5));
#11266=CARTESIAN_POINT('Ctrl Pts',(-28.8168284001544,20.7300833330349,10.));
#11267=CARTESIAN_POINT('Ctrl Pts',(-28.8168284001544,20.7300833330349,10.5));
#11268=CARTESIAN_POINT('Ctrl Pts',(-29.0600030124187,20.0432181358337,10.));
#11269=CARTESIAN_POINT('Ctrl Pts',(-29.0600030124187,20.0432181358337,10.5));
#11270=CARTESIAN_POINT('',(-27.2957293689251,23.4481596946716,10.));
#11271=CARTESIAN_POINT('Ctrl Pts',(-29.0600030124187,20.0432181358337,10.));
#11272=CARTESIAN_POINT('Ctrl Pts',(-28.8168284001544,20.7300833330349,10.));
#11273=CARTESIAN_POINT('Ctrl Pts',(-28.3853953589627,21.948698788645,10.));
#11274=CARTESIAN_POINT('Ctrl Pts',(-27.6267631449761,22.9926327622896,10.));
#11275=CARTESIAN_POINT('Ctrl Pts',(-27.2957293689251,23.4481596946716,10.));
#11276=CARTESIAN_POINT('',(-27.2957293689251,23.4481596946716,10.5));
#11277=CARTESIAN_POINT('Ctrl Pts',(-27.2957293689251,23.4481596946716,10.5));
#11278=CARTESIAN_POINT('Ctrl Pts',(-27.6267631449761,22.9926327622896,10.5));
#11279=CARTESIAN_POINT('Ctrl Pts',(-28.3853953589627,21.948698788645,10.5));
#11280=CARTESIAN_POINT('Ctrl Pts',(-28.8168284001544,20.7300833330349,10.5));
#11281=CARTESIAN_POINT('Ctrl Pts',(-29.0600030124187,20.0432181358337,10.5));
#11282=CARTESIAN_POINT('',(-27.2957293689251,23.4481596946716,10.));
#11283=CARTESIAN_POINT('Ctrl Pts',(-24.7674958407879,25.1583647727966,10.));
#11284=CARTESIAN_POINT('Ctrl Pts',(-24.7674958407879,25.1583647727966,10.5));
#11285=CARTESIAN_POINT('Ctrl Pts',(-25.2543442732981,24.9401236541016,10.));
#11286=CARTESIAN_POINT('Ctrl Pts',(-25.2543442732981,24.9401236541016,10.5));
#11287=CARTESIAN_POINT('Ctrl Pts',(-26.1975270343995,24.517320072594,10.));
#11288=CARTESIAN_POINT('Ctrl Pts',(-26.1975270343995,24.517320072594,10.5));
#11289=CARTESIAN_POINT('Ctrl Pts',(-26.9376434057926,23.7967760758569,10.));
#11290=CARTESIAN_POINT('Ctrl Pts',(-26.9376434057926,23.7967760758569,10.5));
#11291=CARTESIAN_POINT('Ctrl Pts',(-27.2957293689251,23.4481596946716,10.));
#11292=CARTESIAN_POINT('Ctrl Pts',(-27.2957293689251,23.4481596946716,10.5));
#11293=CARTESIAN_POINT('',(-24.7674958407879,25.1583647727966,10.));
#11294=CARTESIAN_POINT('Ctrl Pts',(-27.2957293689251,23.4481596946716,10.));
#11295=CARTESIAN_POINT('Ctrl Pts',(-26.9376434057926,23.7967760758569,10.));
#11296=CARTESIAN_POINT('Ctrl Pts',(-26.1975270343995,24.517320072594,10.));
#11297=CARTESIAN_POINT('Ctrl Pts',(-25.2543442732981,24.9401236541016,10.));
#11298=CARTESIAN_POINT('Ctrl Pts',(-24.7674958407879,25.1583647727966,10.));
#11299=CARTESIAN_POINT('',(-24.7674958407879,25.1583647727966,10.5));
#11300=CARTESIAN_POINT('Ctrl Pts',(-24.7674958407879,25.1583647727966,10.5));
#11301=CARTESIAN_POINT('Ctrl Pts',(-25.2543442732981,24.9401236541016,10.5));
#11302=CARTESIAN_POINT('Ctrl Pts',(-26.1975270343995,24.517320072594,10.5));
#11303=CARTESIAN_POINT('Ctrl Pts',(-26.9376434057926,23.7967760758569,10.5));
#11304=CARTESIAN_POINT('Ctrl Pts',(-27.2957293689251,23.4481596946716,10.5));
#11305=CARTESIAN_POINT('',(-24.7674958407879,25.1583647727966,10.));
#11306=CARTESIAN_POINT('Ctrl Pts',(-21.3571755588055,25.7713627815247,10.));
#11307=CARTESIAN_POINT('Ctrl Pts',(-21.3571755588055,25.7713627815247,10.5));
#11308=CARTESIAN_POINT('Ctrl Pts',(-21.9568456135045,25.7488623197499,10.));
#11309=CARTESIAN_POINT('Ctrl Pts',(-21.9568456135045,25.7488623197499,10.5));
#11310=CARTESIAN_POINT('Ctrl Pts',(-23.1229327457132,25.7051090945575,10.));
#11311=CARTESIAN_POINT('Ctrl Pts',(-23.1229327457132,25.7051090945575,10.5));
#11312=CARTESIAN_POINT('Ctrl Pts',(-24.2298298328975,25.337114884421,10.));
#11313=CARTESIAN_POINT('Ctrl Pts',(-24.2298298328975,25.337114884421,10.5));
#11314=CARTESIAN_POINT('Ctrl Pts',(-24.7674958407879,25.1583647727966,10.));
#11315=CARTESIAN_POINT('Ctrl Pts',(-24.7674958407879,25.1583647727966,10.5));
#11316=CARTESIAN_POINT('',(-21.3571755588055,25.7713627815247,10.));
#11317=CARTESIAN_POINT('Ctrl Pts',(-24.7674958407879,25.1583647727966,10.));
#11318=CARTESIAN_POINT('Ctrl Pts',(-24.2298298328975,25.337114884421,10.));
#11319=CARTESIAN_POINT('Ctrl Pts',(-23.1229327457132,25.7051090945575,10.));
#11320=CARTESIAN_POINT('Ctrl Pts',(-21.9568456135045,25.7488623197499,10.));
#11321=CARTESIAN_POINT('Ctrl Pts',(-21.3571755588055,25.7713627815247,10.));
#11322=CARTESIAN_POINT('',(-21.3571755588055,25.7713627815247,10.5));
#11323=CARTESIAN_POINT('Ctrl Pts',(-21.3571755588055,25.7713627815247,10.5));
#11324=CARTESIAN_POINT('Ctrl Pts',(-21.9568456135045,25.7488623197499,10.5));
#11325=CARTESIAN_POINT('Ctrl Pts',(-23.1229327457132,25.7051090945575,10.5));
#11326=CARTESIAN_POINT('Ctrl Pts',(-24.2298298328975,25.337114884421,10.5));
#11327=CARTESIAN_POINT('Ctrl Pts',(-24.7674958407879,25.1583647727966,10.5));
#11328=CARTESIAN_POINT('',(-21.3571755588055,25.7713627815247,10.));
#11329=CARTESIAN_POINT('Ctrl Pts',(-18.0902306735516,25.09929895401,10.));
#11330=CARTESIAN_POINT('Ctrl Pts',(-18.0902306735516,25.09929895401,10.5));
#11331=CARTESIAN_POINT('Ctrl Pts',(-18.5623731145884,25.2948534363348,10.));
#11332=CARTESIAN_POINT('Ctrl Pts',(-18.5623731145884,25.2948534363348,10.5));
#11333=CARTESIAN_POINT('Ctrl Pts',(-19.6059571771051,25.7270906668191,10.));
#11334=CARTESIAN_POINT('Ctrl Pts',(-19.6059571771051,25.7270906668191,10.5));
#11335=CARTESIAN_POINT('Ctrl Pts',(-20.7375451210234,25.7556980591216,10.));
#11336=CARTESIAN_POINT('Ctrl Pts',(-20.7375451210234,25.7556980591216,10.5));
#11337=CARTESIAN_POINT('Ctrl Pts',(-21.3571755588055,25.7713627815247,10.));
#11338=CARTESIAN_POINT('Ctrl Pts',(-21.3571755588055,25.7713627815247,10.5));
#11339=CARTESIAN_POINT('',(-18.0902306735516,25.09929895401,10.));
#11340=CARTESIAN_POINT('Ctrl Pts',(-21.3571755588055,25.7713627815247,10.));
#11341=CARTESIAN_POINT('Ctrl Pts',(-20.7375451210234,25.7556980591216,10.));
#11342=CARTESIAN_POINT('Ctrl Pts',(-19.6059571771051,25.7270906668191,10.));
#11343=CARTESIAN_POINT('Ctrl Pts',(-18.5623731145884,25.2948534363348,10.));
#11344=CARTESIAN_POINT('Ctrl Pts',(-18.0902306735516,25.09929895401,10.));
#11345=CARTESIAN_POINT('',(-18.0902306735516,25.09929895401,10.5));
#11346=CARTESIAN_POINT('Ctrl Pts',(-18.0902306735516,25.09929895401,10.5));
#11347=CARTESIAN_POINT('Ctrl Pts',(-18.5623731145884,25.2948534363348,10.5));
#11348=CARTESIAN_POINT('Ctrl Pts',(-19.6059571771051,25.7270906668191,10.5));
#11349=CARTESIAN_POINT('Ctrl Pts',(-20.7375451210234,25.7556980591216,10.5));
#11350=CARTESIAN_POINT('Ctrl Pts',(-21.3571755588055,25.7713627815247,10.5));
#11351=CARTESIAN_POINT('',(-18.0902306735516,25.09929895401,10.));
#11352=CARTESIAN_POINT('Ctrl Pts',(-16.7248933017254,23.3923649787903,10.));
#11353=CARTESIAN_POINT('Ctrl Pts',(-16.7248933017254,23.3923649787903,10.5));
#11354=CARTESIAN_POINT('Ctrl Pts',(-16.8300559070659,23.7302276743817,10.));
#11355=CARTESIAN_POINT('Ctrl Pts',(-16.8300559070659,23.7302276743817,10.5));
#11356=CARTESIAN_POINT('Ctrl Pts',(-17.0605870402019,24.4708699379211,10.));
#11357=CARTESIAN_POINT('Ctrl Pts',(-17.0605870402019,24.4708699379211,10.5));
#11358=CARTESIAN_POINT('Ctrl Pts',(-17.7275303941267,24.8779297614549,10.));
#11359=CARTESIAN_POINT('Ctrl Pts',(-17.7275303941267,24.8779297614549,10.5));
#11360=CARTESIAN_POINT('Ctrl Pts',(-18.0902306735516,25.09929895401,10.));
#11361=CARTESIAN_POINT('Ctrl Pts',(-18.0902306735516,25.09929895401,10.5));
#11362=CARTESIAN_POINT('',(-16.7248933017254,23.3923649787903,10.));
#11363=CARTESIAN_POINT('Ctrl Pts',(-18.0902306735516,25.09929895401,10.));
#11364=CARTESIAN_POINT('Ctrl Pts',(-17.7275303941267,24.8779297614549,10.));
#11365=CARTESIAN_POINT('Ctrl Pts',(-17.0605870402019,24.4708699379211,10.));
#11366=CARTESIAN_POINT('Ctrl Pts',(-16.8300559070659,23.7302276743817,10.));
#11367=CARTESIAN_POINT('Ctrl Pts',(-16.7248933017254,23.3923649787903,10.));
#11368=CARTESIAN_POINT('',(-16.7248933017254,23.3923649787903,10.5));
#11369=CARTESIAN_POINT('Ctrl Pts',(-16.7248933017254,23.3923649787903,10.5));
#11370=CARTESIAN_POINT('Ctrl Pts',(-16.8300559070659,23.7302276743817,10.5));
#11371=CARTESIAN_POINT('Ctrl Pts',(-17.0605870402019,24.4708699379211,10.5));
#11372=CARTESIAN_POINT('Ctrl Pts',(-17.7275303941267,24.8779297614549,10.5));
#11373=CARTESIAN_POINT('Ctrl Pts',(-18.0902306735516,25.09929895401,10.5));
#11374=CARTESIAN_POINT('',(-16.7248933017254,23.3923649787903,10.));
#11375=CARTESIAN_POINT('Ctrl Pts',(-17.4039666354656,19.9788737297058,10.));
#11376=CARTESIAN_POINT('Ctrl Pts',(-17.4039666354656,19.9788737297058,10.5));
#11377=CARTESIAN_POINT('Ctrl Pts',(-17.1708256090099,20.6523827055914,10.));
#11378=CARTESIAN_POINT('Ctrl Pts',(-17.1708256090099,20.6523827055914,10.5));
#11379=CARTESIAN_POINT('Ctrl Pts',(-16.7866265158532,21.7622754675048,10.));
#11380=CARTESIAN_POINT('Ctrl Pts',(-16.7866265158532,21.7622754675048,10.5));
#11381=CARTESIAN_POINT('Ctrl Pts',(-16.7423153946496,22.9323278441354,10.));
#11382=CARTESIAN_POINT('Ctrl Pts',(-16.7423153946496,22.9323278441354,10.5));
#11383=CARTESIAN_POINT('Ctrl Pts',(-16.7248933017254,23.3923649787903,10.));
#11384=CARTESIAN_POINT('Ctrl Pts',(-16.7248933017254,23.3923649787903,10.5));
#11385=CARTESIAN_POINT('',(-17.4039666354656,19.9788737297058,10.));
#11386=CARTESIAN_POINT('Ctrl Pts',(-16.7248933017254,23.3923649787903,10.));
#11387=CARTESIAN_POINT('Ctrl Pts',(-16.7423153946496,22.9323278441354,10.));
#11388=CARTESIAN_POINT('Ctrl Pts',(-16.7866265158532,21.7622754675048,10.));
#11389=CARTESIAN_POINT('Ctrl Pts',(-17.1708256090099,20.6523827055914,10.));
#11390=CARTESIAN_POINT('Ctrl Pts',(-17.4039666354656,19.9788737297058,10.));
#11391=CARTESIAN_POINT('',(-17.4039666354656,19.9788737297058,10.5));
#11392=CARTESIAN_POINT('Ctrl Pts',(-17.4039666354656,19.9788737297058,10.5));
#11393=CARTESIAN_POINT('Ctrl Pts',(-17.1708256090099,20.6523827055914,10.5));
#11394=CARTESIAN_POINT('Ctrl Pts',(-16.7866265158532,21.7622754675048,10.5));
#11395=CARTESIAN_POINT('Ctrl Pts',(-16.7423153946496,22.9323278441354,10.5));
#11396=CARTESIAN_POINT('Ctrl Pts',(-16.7248933017254,23.3923649787903,10.5));
#11397=CARTESIAN_POINT('',(-17.4039666354656,19.9788737297058,10.));
#11398=CARTESIAN_POINT('Origin',(-17.7500741183758,18.9612793922424,10.));
#11399=CARTESIAN_POINT('',(-19.7200656866256,13.1692859691417,10.));
#11400=CARTESIAN_POINT('',(-17.4039666354656,19.9788737297058,10.5));
#11401=CARTESIAN_POINT('Origin',(0.013403445482254,0.208976268768311,10.5));
#11402=CARTESIAN_POINT('Origin',(-59.1356770694256,17.6705622673035,10.));
#11403=CARTESIAN_POINT('',(-57.826906889677,21.5181374549866,10.));
#11404=CARTESIAN_POINT('',(-59.1356770694256,17.6705622673035,10.));
#11405=CARTESIAN_POINT('',(-58.7630077308626,18.766150570317,10.));
#11406=CARTESIAN_POINT('',(-57.826906889677,21.5181374549866,10.5));
#11407=CARTESIAN_POINT('',(-57.826906889677,21.5181374549866,10.));
#11408=CARTESIAN_POINT('',(-59.1356770694256,17.6705622673035,10.5));
#11409=CARTESIAN_POINT('',(-57.826906889677,21.5181374549866,10.5));
#11410=CARTESIAN_POINT('',(-59.1356770694256,17.6705622673035,10.));
#11411=CARTESIAN_POINT('Ctrl Pts',(-58.2898919284344,17.8471732139587,10.));
#11412=CARTESIAN_POINT('Ctrl Pts',(-58.2898919284344,17.8471732139587,10.5));
#11413=CARTESIAN_POINT('Ctrl Pts',(-58.4119912587113,17.7957817916129,10.));
#11414=CARTESIAN_POINT('Ctrl Pts',(-58.4119912587113,17.7957817916129,10.5));
#11415=CARTESIAN_POINT('Ctrl Pts',(-58.681814818005,17.6822134660285,10.));
#11416=CARTESIAN_POINT('Ctrl Pts',(-58.681814818005,17.6822134660285,10.5));
#11417=CARTESIAN_POINT('Ctrl Pts',(-58.9751051467668,17.6746843448164,10.));
#11418=CARTESIAN_POINT('Ctrl Pts',(-58.9751051467668,17.6746843448164,10.5));
#11419=CARTESIAN_POINT('Ctrl Pts',(-59.1356770694256,17.6705622673035,10.));
#11420=CARTESIAN_POINT('Ctrl Pts',(-59.1356770694256,17.6705622673035,10.5));
#11421=CARTESIAN_POINT('',(-58.2898919284344,17.8471732139587,10.));
#11422=CARTESIAN_POINT('Ctrl Pts',(-59.1356770694256,17.6705622673035,10.));
#11423=CARTESIAN_POINT('Ctrl Pts',(-58.9751051467668,17.6746843448164,10.));
#11424=CARTESIAN_POINT('Ctrl Pts',(-58.681814818005,17.6822134660285,10.));
#11425=CARTESIAN_POINT('Ctrl Pts',(-58.4119912587113,17.7957817916129,10.));
#11426=CARTESIAN_POINT('Ctrl Pts',(-58.2898919284344,17.8471732139587,10.));
#11427=CARTESIAN_POINT('',(-58.2898919284344,17.8471732139587,10.5));
#11428=CARTESIAN_POINT('Ctrl Pts',(-58.2898919284344,17.8471732139587,10.5));
#11429=CARTESIAN_POINT('Ctrl Pts',(-58.4119912587113,17.7957817916129,10.5));
#11430=CARTESIAN_POINT('Ctrl Pts',(-58.681814818005,17.6822134660285,10.5));
#11431=CARTESIAN_POINT('Ctrl Pts',(-58.9751051467668,17.6746843448164,10.5));
#11432=CARTESIAN_POINT('Ctrl Pts',(-59.1356770694256,17.6705622673035,10.5));
#11433=CARTESIAN_POINT('',(-58.2898919284344,17.8471732139587,10.));
#11434=CARTESIAN_POINT('Ctrl Pts',(-57.5758664309978,19.184467792511,10.));
#11435=CARTESIAN_POINT('Ctrl Pts',(-57.5758664309978,19.184467792511,10.5));
#11436=CARTESIAN_POINT('Ctrl Pts',(-57.6750921233179,18.8642253567254,10.));
#11437=CARTESIAN_POINT('Ctrl Pts',(-57.6750921233179,18.8642253567254,10.5));
#11438=CARTESIAN_POINT('Ctrl Pts',(-57.8286288352547,18.3686987500224,10.));
#11439=CARTESIAN_POINT('Ctrl Pts',(-57.8286288352547,18.3686987500224,10.5));
#11440=CARTESIAN_POINT('Ctrl Pts',(-58.1693629781548,17.9834488586725,10.));
#11441=CARTESIAN_POINT('Ctrl Pts',(-58.1693629781548,17.9834488586725,10.5));
#11442=CARTESIAN_POINT('Ctrl Pts',(-58.2898919284344,17.8471732139587,10.));
#11443=CARTESIAN_POINT('Ctrl Pts',(-58.2898919284344,17.8471732139587,10.5));
#11444=CARTESIAN_POINT('',(-57.5758664309978,19.184467792511,10.));
#11445=CARTESIAN_POINT('Ctrl Pts',(-58.2898919284344,17.8471732139587,10.));
#11446=CARTESIAN_POINT('Ctrl Pts',(-58.1693629781548,17.9834488586725,10.));
#11447=CARTESIAN_POINT('Ctrl Pts',(-57.8286288352547,18.3686987500224,10.));
#11448=CARTESIAN_POINT('Ctrl Pts',(-57.6750921233179,18.8642253567254,10.));
#11449=CARTESIAN_POINT('Ctrl Pts',(-57.5758664309978,19.184467792511,10.));
#11450=CARTESIAN_POINT('',(-57.5758664309978,19.184467792511,10.5));
#11451=CARTESIAN_POINT('Ctrl Pts',(-57.5758664309978,19.184467792511,10.5));
#11452=CARTESIAN_POINT('Ctrl Pts',(-57.6750921233179,18.8642253567254,10.5));
#11453=CARTESIAN_POINT('Ctrl Pts',(-57.8286288352547,18.3686987500224,10.5));
#11454=CARTESIAN_POINT('Ctrl Pts',(-58.1693629781548,17.9834488586725,10.5));
#11455=CARTESIAN_POINT('Ctrl Pts',(-58.2898919284344,17.8471732139587,10.5));
#11456=CARTESIAN_POINT('',(-57.5758664309978,19.184467792511,10.));
#11457=CARTESIAN_POINT('Origin',(-57.2109334170818,20.2573800086975,10.));
#11458=CARTESIAN_POINT('',(-57.2109334170818,20.2573800086975,10.));
#11459=CARTESIAN_POINT('',(-57.3325807337851,19.8997338457574,10.));
#11460=CARTESIAN_POINT('',(-57.2109334170818,20.2573800086975,10.5));
#11461=CARTESIAN_POINT('',(-57.5758664309978,19.184467792511,10.5));
#11462=CARTESIAN_POINT('',(-57.2109334170818,20.2573800086975,10.));
#11463=CARTESIAN_POINT('Ctrl Pts',(-57.1155707538128,21.2943720817566,10.));
#11464=CARTESIAN_POINT('Ctrl Pts',(-57.1155707538128,21.2943720817566,10.5));
#11465=CARTESIAN_POINT('Ctrl Pts',(-57.0840862527446,21.1703822795415,10.));
#11466=CARTESIAN_POINT('Ctrl Pts',(-57.0840862527446,21.1703822795415,10.5));
#11467=CARTESIAN_POINT('Ctrl Pts',(-56.9953814723262,20.8210520438235,10.));
#11468=CARTESIAN_POINT('Ctrl Pts',(-56.9953814723262,20.8210520438235,10.5));
#11469=CARTESIAN_POINT('Ctrl Pts',(-57.1264109744461,20.4784076468767,10.));
#11470=CARTESIAN_POINT('Ctrl Pts',(-57.1264109744461,20.4784076468767,10.5));
#11471=CARTESIAN_POINT('Ctrl Pts',(-57.2109334170818,20.2573800086975,10.));
#11472=CARTESIAN_POINT('Ctrl Pts',(-57.2109334170818,20.2573800086975,10.5));
#11473=CARTESIAN_POINT('',(-57.1155707538128,21.2943720817566,10.));
#11474=CARTESIAN_POINT('Ctrl Pts',(-57.2109334170818,20.2573800086975,10.));
#11475=CARTESIAN_POINT('Ctrl Pts',(-57.1264109744461,20.4784076468767,10.));
#11476=CARTESIAN_POINT('Ctrl Pts',(-56.9953814723262,20.8210520438235,10.));
#11477=CARTESIAN_POINT('Ctrl Pts',(-57.0840862527446,21.1703822795415,10.));
#11478=CARTESIAN_POINT('Ctrl Pts',(-57.1155707538128,21.2943720817566,10.));
#11479=CARTESIAN_POINT('',(-57.1155707538128,21.2943720817566,10.5));
#11480=CARTESIAN_POINT('Ctrl Pts',(-57.1155707538128,21.2943720817566,10.5));
#11481=CARTESIAN_POINT('Ctrl Pts',(-57.0840862527446,21.1703822795415,10.5));
#11482=CARTESIAN_POINT('Ctrl Pts',(-56.9953814723262,20.8210520438235,10.5));
#11483=CARTESIAN_POINT('Ctrl Pts',(-57.1264109744461,20.4784076468767,10.5));
#11484=CARTESIAN_POINT('Ctrl Pts',(-57.2109334170818,20.2573800086975,10.5));
#11485=CARTESIAN_POINT('',(-57.1155707538128,21.2943720817566,10.));
#11486=CARTESIAN_POINT('Ctrl Pts',(-57.826906889677,21.5181374549866,10.));
#11487=CARTESIAN_POINT('Ctrl Pts',(-57.826906889677,21.5181374549866,10.5));
#11488=CARTESIAN_POINT('Ctrl Pts',(-57.6729982859519,21.5171111269381,10.));
#11489=CARTESIAN_POINT('Ctrl Pts',(-57.6729982859519,21.5171111269381,10.5));
#11490=CARTESIAN_POINT('Ctrl Pts',(-57.4099427694013,21.5153569608396,10.));
#11491=CARTESIAN_POINT('Ctrl Pts',(-57.4099427694013,21.5153569608396,10.5));
#11492=CARTESIAN_POINT('Ctrl Pts',(-57.2018942009153,21.3591750368943,10.));
#11493=CARTESIAN_POINT('Ctrl Pts',(-57.2018942009153,21.3591750368943,10.5));
#11494=CARTESIAN_POINT('Ctrl Pts',(-57.1155707538128,21.2943720817566,10.));
#11495=CARTESIAN_POINT('Ctrl Pts',(-57.1155707538128,21.2943720817566,10.5));
#11496=CARTESIAN_POINT('Ctrl Pts',(-57.1155707538128,21.2943720817566,10.));
#11497=CARTESIAN_POINT('Ctrl Pts',(-57.2018942009153,21.3591750368943,10.));
#11498=CARTESIAN_POINT('Ctrl Pts',(-57.4099427694013,21.5153569608396,10.));
#11499=CARTESIAN_POINT('Ctrl Pts',(-57.6729982859519,21.5171111269381,10.));
#11500=CARTESIAN_POINT('Ctrl Pts',(-57.826906889677,21.5181374549866,10.));
#11501=CARTESIAN_POINT('Ctrl Pts',(-57.826906889677,21.5181374549866,10.5));
#11502=CARTESIAN_POINT('Ctrl Pts',(-57.6729982859519,21.5171111269381,10.5));
#11503=CARTESIAN_POINT('Ctrl Pts',(-57.4099427694013,21.5153569608396,10.5));
#11504=CARTESIAN_POINT('Ctrl Pts',(-57.2018942009153,21.3591750368943,10.5));
#11505=CARTESIAN_POINT('Ctrl Pts',(-57.1155707538128,21.2943720817566,10.5));
#11506=CARTESIAN_POINT('Origin',(-58.2644431293011,25.3534150123596,10.));
#11507=CARTESIAN_POINT('',(-62.103373259306,25.3534150123596,10.));
#11508=CARTESIAN_POINT('',(-58.2644431293011,25.3534150123596,10.));
#11509=CARTESIAN_POINT('',(-29.1322215646505,25.3534150123596,10.));
#11510=CARTESIAN_POINT('',(-62.103373259306,25.3534150123596,10.5));
#11511=CARTESIAN_POINT('',(-62.103373259306,25.3534150123596,10.));
#11512=CARTESIAN_POINT('',(-58.2644431293011,25.3534150123596,10.5));
#11513=CARTESIAN_POINT('',(-62.103373259306,25.3534150123596,10.5));
#11514=CARTESIAN_POINT('',(-58.2644431293011,25.3534150123596,10.));
#11515=CARTESIAN_POINT('Ctrl Pts',(-53.412434309721,25.0609850883484,10.));
#11516=CARTESIAN_POINT('Ctrl Pts',(-53.412434309721,25.0609850883484,10.5));
#11517=CARTESIAN_POINT('Ctrl Pts',(-54.0229168613659,25.1451391038051,10.));
#11518=CARTESIAN_POINT('Ctrl Pts',(-54.0229168613659,25.1451391038051,10.5));
#11519=CARTESIAN_POINT('Ctrl Pts',(-55.6313389928849,25.3668574486653,10.));
#11520=CARTESIAN_POINT('Ctrl Pts',(-55.6313389928849,25.3668574486653,10.5));
#11521=CARTESIAN_POINT('Ctrl Pts',(-57.256264247539,25.3585619339019,10.));
#11522=CARTESIAN_POINT('Ctrl Pts',(-57.256264247539,25.3585619339019,10.5));
#11523=CARTESIAN_POINT('Ctrl Pts',(-58.2644431293011,25.3534150123596,10.));
#11524=CARTESIAN_POINT('Ctrl Pts',(-58.2644431293011,25.3534150123596,10.5));
#11525=CARTESIAN_POINT('',(-53.412434309721,25.0609850883484,10.));
#11526=CARTESIAN_POINT('Ctrl Pts',(-58.2644431293011,25.3534150123596,10.));
#11527=CARTESIAN_POINT('Ctrl Pts',(-57.256264247539,25.3585619339019,10.));
#11528=CARTESIAN_POINT('Ctrl Pts',(-55.6313389928849,25.3668574486653,10.));
#11529=CARTESIAN_POINT('Ctrl Pts',(-54.0229168613659,25.1451391038051,10.));
#11530=CARTESIAN_POINT('Ctrl Pts',(-53.412434309721,25.0609850883484,10.));
#11531=CARTESIAN_POINT('',(-53.412434309721,25.0609850883484,10.5));
#11532=CARTESIAN_POINT('Ctrl Pts',(-53.412434309721,25.0609850883484,10.5));
#11533=CARTESIAN_POINT('Ctrl Pts',(-54.0229168613659,25.1451391038051,10.5));
#11534=CARTESIAN_POINT('Ctrl Pts',(-55.6313389928849,25.3668574486653,10.5));
#11535=CARTESIAN_POINT('Ctrl Pts',(-57.256264247539,25.3585619339019,10.5));
#11536=CARTESIAN_POINT('Ctrl Pts',(-58.2644431293011,25.3534150123596,10.5));
#11537=CARTESIAN_POINT('',(-53.412434309721,25.0609850883484,10.));
#11538=CARTESIAN_POINT('Ctrl Pts',(-51.7300812900066,23.5559153556824,10.));
#11539=CARTESIAN_POINT('Ctrl Pts',(-51.7300812900066,23.5559153556824,10.5));
#11540=CARTESIAN_POINT('Ctrl Pts',(-51.9096412975358,23.9216184334725,10.));
#11541=CARTESIAN_POINT('Ctrl Pts',(-51.9096412975358,23.9216184334725,10.5));
#11542=CARTESIAN_POINT('Ctrl Pts',(-52.2675331730956,24.6505232837747,10.));
#11543=CARTESIAN_POINT('Ctrl Pts',(-52.2675331730956,24.6505232837747,10.5));
#11544=CARTESIAN_POINT('Ctrl Pts',(-53.031674671892,24.9244778537475,10.));
#11545=CARTESIAN_POINT('Ctrl Pts',(-53.031674671892,24.9244778537475,10.5));
#11546=CARTESIAN_POINT('Ctrl Pts',(-53.412434309721,25.0609850883484,10.));
#11547=CARTESIAN_POINT('Ctrl Pts',(-53.412434309721,25.0609850883484,10.5));
#11548=CARTESIAN_POINT('',(-51.7300812900066,23.5559153556824,10.));
#11549=CARTESIAN_POINT('Ctrl Pts',(-53.412434309721,25.0609850883484,10.));
#11550=CARTESIAN_POINT('Ctrl Pts',(-53.031674671892,24.9244778537475,10.));
#11551=CARTESIAN_POINT('Ctrl Pts',(-52.2675331730956,24.6505232837747,10.));
#11552=CARTESIAN_POINT('Ctrl Pts',(-51.9096412975358,23.9216184334725,10.));
#11553=CARTESIAN_POINT('Ctrl Pts',(-51.7300812900066,23.5559153556824,10.));
#11554=CARTESIAN_POINT('',(-51.7300812900066,23.5559153556824,10.5));
#11555=CARTESIAN_POINT('Ctrl Pts',(-51.7300812900066,23.5559153556824,10.5));
#11556=CARTESIAN_POINT('Ctrl Pts',(-51.9096412975358,23.9216184334725,10.5));
#11557=CARTESIAN_POINT('Ctrl Pts',(-52.2675331730956,24.6505232837747,10.5));
#11558=CARTESIAN_POINT('Ctrl Pts',(-53.031674671892,24.9244778537475,10.5));
#11559=CARTESIAN_POINT('Ctrl Pts',(-53.412434309721,25.0609850883484,10.5));
#11560=CARTESIAN_POINT('',(-51.7300812900066,23.5559153556824,10.));
#11561=CARTESIAN_POINT('Ctrl Pts',(-52.1621482074261,19.7775864601135,10.));
#11562=CARTESIAN_POINT('Ctrl Pts',(-52.1621482074261,19.7775864601135,10.5));
#11563=CARTESIAN_POINT('Ctrl Pts',(-51.9101589595199,20.514146740524,10.));
#11564=CARTESIAN_POINT('Ctrl Pts',(-51.9101589595199,20.514146740524,10.5));
#11565=CARTESIAN_POINT('Ctrl Pts',(-51.4872867502338,21.7501950070179,10.));
#11566=CARTESIAN_POINT('Ctrl Pts',(-51.4872867502338,21.7501950070179,10.5));
#11567=CARTESIAN_POINT('Ctrl Pts',(-51.6602049301651,23.0362283603546,10.));
#11568=CARTESIAN_POINT('Ctrl Pts',(-51.6602049301651,23.0362283603546,10.5));
#11569=CARTESIAN_POINT('Ctrl Pts',(-51.7300812900066,23.5559153556824,10.));
#11570=CARTESIAN_POINT('Ctrl Pts',(-51.7300812900066,23.5559153556824,10.5));
#11571=CARTESIAN_POINT('',(-52.1621482074261,19.7775864601135,10.));
#11572=CARTESIAN_POINT('Ctrl Pts',(-51.7300812900066,23.5559153556824,10.));
#11573=CARTESIAN_POINT('Ctrl Pts',(-51.6602049301651,23.0362283603546,10.));
#11574=CARTESIAN_POINT('Ctrl Pts',(-51.4872867502338,21.7501950070179,10.));
#11575=CARTESIAN_POINT('Ctrl Pts',(-51.9101589595199,20.514146740524,10.));
#11576=CARTESIAN_POINT('Ctrl Pts',(-52.1621482074261,19.7775864601135,10.));
#11577=CARTESIAN_POINT('',(-52.1621482074261,19.7775864601135,10.5));
#11578=CARTESIAN_POINT('Ctrl Pts',(-52.1621482074261,19.7775864601135,10.5));
#11579=CARTESIAN_POINT('Ctrl Pts',(-51.9101589595199,20.514146740524,10.5));
#11580=CARTESIAN_POINT('Ctrl Pts',(-51.4872867502338,21.7501950070179,10.5));
#11581=CARTESIAN_POINT('Ctrl Pts',(-51.6602049301651,23.0362283603546,10.5));
#11582=CARTESIAN_POINT('Ctrl Pts',(-51.7300812900066,23.5559153556824,10.5));
#11583=CARTESIAN_POINT('',(-52.1621482074261,19.7775864601135,10.));
#11584=CARTESIAN_POINT('Ctrl Pts',(-53.8809935748577,16.5605854988098,10.));
#11585=CARTESIAN_POINT('Ctrl Pts',(-53.8809935748577,16.5605854988098,10.5));
#11586=CARTESIAN_POINT('Ctrl Pts',(-53.5638603631096,16.9611267034005,10.));
#11587=CARTESIAN_POINT('Ctrl Pts',(-53.5638603631096,16.9611267034005,10.5));
#11588=CARTESIAN_POINT('Ctrl Pts',(-52.79957811019,17.9264199079319,10.));
#11589=CARTESIAN_POINT('Ctrl Pts',(-52.79957811019,17.9264199079319,10.5));
#11590=CARTESIAN_POINT('Ctrl Pts',(-52.397428715058,19.0943059861038,10.));
#11591=CARTESIAN_POINT('Ctrl Pts',(-52.397428715058,19.0943059861038,10.5));
#11592=CARTESIAN_POINT('Ctrl Pts',(-52.1621482074261,19.7775864601135,10.));
#11593=CARTESIAN_POINT('Ctrl Pts',(-52.1621482074261,19.7775864601135,10.5));
#11594=CARTESIAN_POINT('',(-53.8809935748577,16.5605854988098,10.));
#11595=CARTESIAN_POINT('Ctrl Pts',(-52.1621482074261,19.7775864601135,10.));
#11596=CARTESIAN_POINT('Ctrl Pts',(-52.397428715058,19.0943059861038,10.));
#11597=CARTESIAN_POINT('Ctrl Pts',(-52.79957811019,17.9264199079319,10.));
#11598=CARTESIAN_POINT('Ctrl Pts',(-53.5638603631096,16.9611267034005,10.));
#11599=CARTESIAN_POINT('Ctrl Pts',(-53.8809935748577,16.5605854988098,10.));
#11600=CARTESIAN_POINT('',(-53.8809935748577,16.5605854988098,10.5));
#11601=CARTESIAN_POINT('Ctrl Pts',(-53.8809935748577,16.5605854988098,10.5));
#11602=CARTESIAN_POINT('Ctrl Pts',(-53.5638603631096,16.9611267034005,10.5));
#11603=CARTESIAN_POINT('Ctrl Pts',(-52.79957811019,17.9264199079319,10.5));
#11604=CARTESIAN_POINT('Ctrl Pts',(-52.397428715058,19.0943059861038,10.5));
#11605=CARTESIAN_POINT('Ctrl Pts',(-52.1621482074261,19.7775864601135,10.5));
#11606=CARTESIAN_POINT('',(-53.8809935748577,16.5605854988098,10.));
#11607=CARTESIAN_POINT('Ctrl Pts',(-56.3573662936687,15.6639933586121,10.));
#11608=CARTESIAN_POINT('Ctrl Pts',(-56.3573662936687,15.6639933586121,10.5));
#11609=CARTESIAN_POINT('Ctrl Pts',(-55.8749580828763,15.7002048033081,10.));
#11610=CARTESIAN_POINT('Ctrl Pts',(-55.8749580828763,15.7002048033081,10.5));
#11611=CARTESIAN_POINT('Ctrl Pts',(-54.9631738743423,15.7686468876329,10.));
#11612=CARTESIAN_POINT('Ctrl Pts',(-54.9631738743423,15.7686468876329,10.5));
#11613=CARTESIAN_POINT('Ctrl Pts',(-54.2274564684428,16.307044251662,10.));
#11614=CARTESIAN_POINT('Ctrl Pts',(-54.2274564684428,16.307044251662,10.5));
#11615=CARTESIAN_POINT('Ctrl Pts',(-53.8809935748577,16.5605854988098,10.));
#11616=CARTESIAN_POINT('Ctrl Pts',(-53.8809935748577,16.5605854988098,10.5));
#11617=CARTESIAN_POINT('',(-56.3573662936687,15.6639933586121,10.));
#11618=CARTESIAN_POINT('Ctrl Pts',(-53.8809935748577,16.5605854988098,10.));
#11619=CARTESIAN_POINT('Ctrl Pts',(-54.2274564684428,16.307044251662,10.));
#11620=CARTESIAN_POINT('Ctrl Pts',(-54.9631738743423,15.7686468876329,10.));
#11621=CARTESIAN_POINT('Ctrl Pts',(-55.8749580828763,15.7002048033081,10.));
#11622=CARTESIAN_POINT('Ctrl Pts',(-56.3573662936687,15.6639933586121,10.));
#11623=CARTESIAN_POINT('',(-56.3573662936687,15.6639933586121,10.5));
#11624=CARTESIAN_POINT('Ctrl Pts',(-56.3573662936687,15.6639933586121,10.5));
#11625=CARTESIAN_POINT('Ctrl Pts',(-55.8749580828763,15.7002048033081,10.5));
#11626=CARTESIAN_POINT('Ctrl Pts',(-54.9631738743423,15.7686468876329,10.5));
#11627=CARTESIAN_POINT('Ctrl Pts',(-54.2274564684428,16.307044251662,10.5));
#11628=CARTESIAN_POINT('Ctrl Pts',(-53.8809935748577,16.5605854988098,10.5));
#11629=CARTESIAN_POINT('',(-56.3573662936687,15.6639933586121,10.));
#11630=CARTESIAN_POINT('Ctrl Pts',(-54.6466843783855,14.9352765083313,10.));
#11631=CARTESIAN_POINT('Ctrl Pts',(-54.6466843783855,14.9352765083313,10.5));
#11632=CARTESIAN_POINT('Ctrl Pts',(-54.8320808283126,15.135864405881,10.));
#11633=CARTESIAN_POINT('Ctrl Pts',(-54.8320808283126,15.135864405881,10.5));
#11634=CARTESIAN_POINT('Ctrl Pts',(-55.2832399927917,15.6239917044282,10.));
#11635=CARTESIAN_POINT('Ctrl Pts',(-55.2832399927917,15.6239917044282,10.5));
#11636=CARTESIAN_POINT('Ctrl Pts',(-55.9591880125448,15.6491647580164,10.));
#11637=CARTESIAN_POINT('Ctrl Pts',(-55.9591880125448,15.6491647580164,10.5));
#11638=CARTESIAN_POINT('Ctrl Pts',(-56.3573662936687,15.6639933586121,10.));
#11639=CARTESIAN_POINT('Ctrl Pts',(-56.3573662936687,15.6639933586121,10.5));
#11640=CARTESIAN_POINT('',(-54.6466843783855,14.9352765083313,10.));
#11641=CARTESIAN_POINT('Ctrl Pts',(-56.3573662936687,15.6639933586121,10.));
#11642=CARTESIAN_POINT('Ctrl Pts',(-55.9591880125448,15.6491647580164,10.));
#11643=CARTESIAN_POINT('Ctrl Pts',(-55.2832399927917,15.6239917044282,10.));
#11644=CARTESIAN_POINT('Ctrl Pts',(-54.8320808283126,15.135864405881,10.));
#11645=CARTESIAN_POINT('Ctrl Pts',(-54.6466843783855,14.9352765083313,10.));
#11646=CARTESIAN_POINT('',(-54.6466843783855,14.9352765083313,10.5));
#11647=CARTESIAN_POINT('Ctrl Pts',(-54.6466843783855,14.9352765083313,10.5));
#11648=CARTESIAN_POINT('Ctrl Pts',(-54.8320808283126,15.135864405881,10.5));
#11649=CARTESIAN_POINT('Ctrl Pts',(-55.2832399927917,15.6239917044282,10.5));
#11650=CARTESIAN_POINT('Ctrl Pts',(-55.9591880125448,15.6491647580164,10.5));
#11651=CARTESIAN_POINT('Ctrl Pts',(-56.3573662936687,15.6639933586121,10.5));
#11652=CARTESIAN_POINT('',(-54.6466843783855,14.9352765083313,10.));
#11653=CARTESIAN_POINT('Ctrl Pts',(-54.3693368136883,13.6886382102966,10.));
#11654=CARTESIAN_POINT('Ctrl Pts',(-54.3693368136883,13.6886382102966,10.5));
#11655=CARTESIAN_POINT('Ctrl Pts',(-54.3708321616198,13.8891041048935,10.));
#11656=CARTESIAN_POINT('Ctrl Pts',(-54.3708321616198,13.8891041048935,10.5));
#11657=CARTESIAN_POINT('Ctrl Pts',(-54.3740724446411,14.3234954735703,10.));
#11658=CARTESIAN_POINT('Ctrl Pts',(-54.3740724446411,14.3234954735703,10.5));
#11659=CARTESIAN_POINT('Ctrl Pts',(-54.5512642546341,14.7211398003602,10.));
#11660=CARTESIAN_POINT('Ctrl Pts',(-54.5512642546341,14.7211398003602,10.5));
#11661=CARTESIAN_POINT('Ctrl Pts',(-54.6466843783855,14.9352765083313,10.));
#11662=CARTESIAN_POINT('Ctrl Pts',(-54.6466843783855,14.9352765083313,10.5));
#11663=CARTESIAN_POINT('',(-54.3693368136883,13.6886382102966,10.));
#11664=CARTESIAN_POINT('Ctrl Pts',(-54.6466843783855,14.9352765083313,10.));
#11665=CARTESIAN_POINT('Ctrl Pts',(-54.5512642546341,14.7211398003602,10.));
#11666=CARTESIAN_POINT('Ctrl Pts',(-54.3740724446411,14.3234954735703,10.));
#11667=CARTESIAN_POINT('Ctrl Pts',(-54.3708321616198,13.8891041048935,10.));
#11668=CARTESIAN_POINT('Ctrl Pts',(-54.3693368136883,13.6886382102966,10.));
#11669=CARTESIAN_POINT('',(-54.3693368136883,13.6886382102966,10.5));
#11670=CARTESIAN_POINT('Ctrl Pts',(-54.3693368136883,13.6886382102966,10.5));
#11671=CARTESIAN_POINT('Ctrl Pts',(-54.3708321616198,13.8891041048935,10.5));
#11672=CARTESIAN_POINT('Ctrl Pts',(-54.3740724446411,14.3234954735703,10.5));
#11673=CARTESIAN_POINT('Ctrl Pts',(-54.5512642546341,14.7211398003602,10.5));
#11674=CARTESIAN_POINT('Ctrl Pts',(-54.6466843783855,14.9352765083313,10.5));
#11675=CARTESIAN_POINT('',(-54.3693368136883,13.6886382102966,10.));
#11676=CARTESIAN_POINT('Ctrl Pts',(-55.2358643710613,10.7408213615417,10.));
#11677=CARTESIAN_POINT('Ctrl Pts',(-55.2358643710613,10.7408213615417,10.5));
#11678=CARTESIAN_POINT('Ctrl Pts',(-55.0120982287787,11.3791997742367,10.));
#11679=CARTESIAN_POINT('Ctrl Pts',(-55.0120982287787,11.3791997742367,10.5));
#11680=CARTESIAN_POINT('Ctrl Pts',(-54.6726526385595,12.3475980085269,10.));
#11681=CARTESIAN_POINT('Ctrl Pts',(-54.6726526385595,12.3475980085269,10.5));
#11682=CARTESIAN_POINT('Ctrl Pts',(-54.4464308081512,13.3477850881963,10.));
#11683=CARTESIAN_POINT('Ctrl Pts',(-54.4464308081512,13.3477850881963,10.5));
#11684=CARTESIAN_POINT('Ctrl Pts',(-54.3693368136883,13.6886382102966,10.));
#11685=CARTESIAN_POINT('Ctrl Pts',(-54.3693368136883,13.6886382102966,10.5));
#11686=CARTESIAN_POINT('',(-55.2358643710613,10.7408213615417,10.));
#11687=CARTESIAN_POINT('Ctrl Pts',(-54.3693368136883,13.6886382102966,10.));
#11688=CARTESIAN_POINT('Ctrl Pts',(-54.4464308081512,13.3477850881963,10.));
#11689=CARTESIAN_POINT('Ctrl Pts',(-54.6726526385595,12.3475980085269,10.));
#11690=CARTESIAN_POINT('Ctrl Pts',(-55.0120982287787,11.3791997742367,10.));
#11691=CARTESIAN_POINT('Ctrl Pts',(-55.2358643710613,10.7408213615417,10.));
#11692=CARTESIAN_POINT('',(-55.2358643710613,10.7408213615417,10.5));
#11693=CARTESIAN_POINT('Ctrl Pts',(-55.2358643710613,10.7408213615417,10.5));
#11694=CARTESIAN_POINT('Ctrl Pts',(-55.0120982287787,11.3791997742367,10.5));
#11695=CARTESIAN_POINT('Ctrl Pts',(-54.6726526385595,12.3475980085269,10.5));
#11696=CARTESIAN_POINT('Ctrl Pts',(-54.4464308081512,13.3477850881963,10.5));
#11697=CARTESIAN_POINT('Ctrl Pts',(-54.3693368136883,13.6886382102966,10.5));
#11698=CARTESIAN_POINT('',(-55.2358643710613,10.7408213615417,10.));
#11699=CARTESIAN_POINT('Origin',(-57.0682255923748,5.35341501235962,10.));
#11700=CARTESIAN_POINT('',(-57.0682255923748,5.35341501235962,10.));
#11701=CARTESIAN_POINT('',(-54.9256243958769,11.652971647543,10.));
#11702=CARTESIAN_POINT('',(-57.0682255923748,5.35341501235962,10.5));
#11703=CARTESIAN_POINT('',(-55.2358643710613,10.7408213615417,10.5));
#11704=CARTESIAN_POINT('',(-57.0682255923748,5.35341501235962,10.));
#11705=CARTESIAN_POINT('Origin',(-62.2802703082561,5.35341501235962,10.));
#11706=CARTESIAN_POINT('',(-62.2802703082561,5.35341501235962,10.));
#11707=CARTESIAN_POINT('',(-31.1401351541281,5.35341501235962,10.));
#11708=CARTESIAN_POINT('',(-62.2802703082561,5.35341501235962,10.5));
#11709=CARTESIAN_POINT('',(-57.0682255923748,5.35341501235962,10.5));
#11710=CARTESIAN_POINT('',(-62.2802703082561,5.35341501235962,10.));
#11711=CARTESIAN_POINT('Origin',(-59.9934689700603,12.0766758918762,10.));
#11712=CARTESIAN_POINT('',(-59.9934689700603,12.0766758918762,10.));
#11713=CARTESIAN_POINT('',(-58.7238562301491,15.809373404252,10.));
#11714=CARTESIAN_POINT('',(-59.9934689700603,12.0766758918762,10.5));
#11715=CARTESIAN_POINT('',(-62.2802703082561,5.35341501235962,10.5));
#11716=CARTESIAN_POINT('',(-59.9934689700603,12.0766758918762,10.));
#11717=CARTESIAN_POINT('Ctrl Pts',(-59.5826260745525,13.8520884513855,10.));
#11718=CARTESIAN_POINT('Ctrl Pts',(-59.5826260745525,13.8520884513855,10.5));
#11719=CARTESIAN_POINT('Ctrl Pts',(-59.5949922592276,13.6545193636812,10.));
#11720=CARTESIAN_POINT('Ctrl Pts',(-59.5949922592276,13.6545193636812,10.5));
#11721=CARTESIAN_POINT('Ctrl Pts',(-59.6332385097524,13.0434758589263,10.));
#11722=CARTESIAN_POINT('Ctrl Pts',(-59.6332385097524,13.0434758589263,10.5));
#11723=CARTESIAN_POINT('Ctrl Pts',(-59.8480873457768,12.4668565263702,10.));
#11724=CARTESIAN_POINT('Ctrl Pts',(-59.8480873457768,12.4668565263702,10.5));
#11725=CARTESIAN_POINT('Ctrl Pts',(-59.9934689700603,12.0766758918762,10.));
#11726=CARTESIAN_POINT('Ctrl Pts',(-59.9934689700603,12.0766758918762,10.5));
#11727=CARTESIAN_POINT('',(-59.5826260745525,13.8520884513855,10.));
#11728=CARTESIAN_POINT('Ctrl Pts',(-59.9934689700603,12.0766758918762,10.));
#11729=CARTESIAN_POINT('Ctrl Pts',(-59.8480873457768,12.4668565263702,10.));
#11730=CARTESIAN_POINT('Ctrl Pts',(-59.6332385097524,13.0434758589263,10.));
#11731=CARTESIAN_POINT('Ctrl Pts',(-59.5949922592276,13.6545193636812,10.));
#11732=CARTESIAN_POINT('Ctrl Pts',(-59.5826260745525,13.8520884513855,10.));
#11733=CARTESIAN_POINT('',(-59.5826260745525,13.8520884513855,10.5));
#11734=CARTESIAN_POINT('Ctrl Pts',(-59.5826260745525,13.8520884513855,10.5));
#11735=CARTESIAN_POINT('Ctrl Pts',(-59.5949922592276,13.6545193636812,10.5));
#11736=CARTESIAN_POINT('Ctrl Pts',(-59.6332385097524,13.0434758589263,10.5));
#11737=CARTESIAN_POINT('Ctrl Pts',(-59.8480873457768,12.4668565263702,10.5));
#11738=CARTESIAN_POINT('Ctrl Pts',(-59.9934689700603,12.0766758918762,10.5));
#11739=CARTESIAN_POINT('',(-59.5826260745525,13.8520884513855,10.));
#11740=CARTESIAN_POINT('Ctrl Pts',(-60.3355519473553,14.1425967216492,10.));
#11741=CARTESIAN_POINT('Ctrl Pts',(-60.3355519473553,14.1425967216492,10.5));
#11742=CARTESIAN_POINT('Ctrl Pts',(-60.1491978166336,14.1475517181675,10.));
#11743=CARTESIAN_POINT('Ctrl Pts',(-60.1491978166336,14.1475517181675,10.5));
#11744=CARTESIAN_POINT('Ctrl Pts',(-59.8484707573623,14.1555477927695,10.));
#11745=CARTESIAN_POINT('Ctrl Pts',(-59.8484707573623,14.1555477927695,10.5));
#11746=CARTESIAN_POINT('Ctrl Pts',(-59.6558745346932,13.9357009172688,10.));
#11747=CARTESIAN_POINT('Ctrl Pts',(-59.6558745346932,13.9357009172688,10.5));
#11748=CARTESIAN_POINT('Ctrl Pts',(-59.5826260745525,13.8520884513855,10.));
#11749=CARTESIAN_POINT('Ctrl Pts',(-59.5826260745525,13.8520884513855,10.5));
#11750=CARTESIAN_POINT('',(-60.3355519473553,14.1425967216492,10.));
#11751=CARTESIAN_POINT('Ctrl Pts',(-59.5826260745525,13.8520884513855,10.));
#11752=CARTESIAN_POINT('Ctrl Pts',(-59.6558745346932,13.9357009172688,10.));
#11753=CARTESIAN_POINT('Ctrl Pts',(-59.8484707573623,14.1555477927695,10.));
#11754=CARTESIAN_POINT('Ctrl Pts',(-60.1491978166336,14.1475517181675,10.));
#11755=CARTESIAN_POINT('Ctrl Pts',(-60.3355519473553,14.1425967216492,10.));
#11756=CARTESIAN_POINT('',(-60.3355519473553,14.1425967216492,10.5));
#11757=CARTESIAN_POINT('Ctrl Pts',(-60.3355519473553,14.1425967216492,10.5));
#11758=CARTESIAN_POINT('Ctrl Pts',(-60.1491978166336,14.1475517181675,10.5));
#11759=CARTESIAN_POINT('Ctrl Pts',(-59.8484707573623,14.1555477927695,10.5));
#11760=CARTESIAN_POINT('Ctrl Pts',(-59.6558745346932,13.9357009172688,10.5));
#11761=CARTESIAN_POINT('Ctrl Pts',(-59.5826260745525,13.8520884513855,10.5));
#11762=CARTESIAN_POINT('',(-60.3355519473553,14.1425967216492,10.));
#11763=CARTESIAN_POINT('Origin',(-63.3251397311687,5.35341501235962,10.));
#11764=CARTESIAN_POINT('',(-63.3251397311687,5.35341501235962,10.));
#11765=CARTESIAN_POINT('',(-60.8577794016507,12.6072840560591,10.));
#11766=CARTESIAN_POINT('',(-63.3251397311687,5.35341501235962,10.5));
#11767=CARTESIAN_POINT('',(-60.3355519473553,14.1425967216492,10.5));
#11768=CARTESIAN_POINT('',(-63.3251397311687,5.35341501235962,10.));
#11769=CARTESIAN_POINT('Origin',(-68.9059607684612,5.35341501235962,10.));
#11770=CARTESIAN_POINT('',(-68.9059607684612,5.35341501235962,10.));
#11771=CARTESIAN_POINT('',(-34.4529803842306,5.35341501235962,10.));
#11772=CARTESIAN_POINT('',(-68.9059607684612,5.35341501235962,10.5));
#11773=CARTESIAN_POINT('',(-63.3251397311687,5.35341501235962,10.5));
#11774=CARTESIAN_POINT('',(-68.9059607684612,5.35341501235962,10.));
#11775=CARTESIAN_POINT('Origin',(-62.103373259306,25.3534150123596,10.));
#11776=CARTESIAN_POINT('',(-62.7481891362681,23.4576191079502,10.));
#11777=CARTESIAN_POINT('',(-68.9059607684612,5.35341501235962,10.5));
#11778=CARTESIAN_POINT('Origin',(0.013403445482254,0.208976268768311,10.5));
#11779=CARTESIAN_POINT('Origin',(0.,0.,10.));
#11780=CARTESIAN_POINT('',(111.691991924311,91.025,10.));
#11781=CARTESIAN_POINT('',(111.691991924311,-91.025,10.));
#11782=CARTESIAN_POINT('',(111.691991924311,-111.025,10.));
#11783=CARTESIAN_POINT('',(109.0125,93.7044919243112,10.));
#11784=CARTESIAN_POINT('Origin',(109.0125,91.025,10.));
#11785=CARTESIAN_POINT('',(-109.0125,93.7044919243112,10.));
#11786=CARTESIAN_POINT('',(129.0125,93.7044919243112,10.));
#11787=CARTESIAN_POINT('',(-111.691991924311,91.025,10.));
#11788=CARTESIAN_POINT('Origin',(-109.0125,91.025,10.));
#11789=CARTESIAN_POINT('',(-111.691991924311,-91.025,10.));
#11790=CARTESIAN_POINT('',(-111.691991924311,111.025,10.));
#11791=CARTESIAN_POINT('',(-109.0125,-93.7044919243112,10.));
#11792=CARTESIAN_POINT('Origin',(-109.0125,-91.025,10.));
#11793=CARTESIAN_POINT('',(109.0125,-93.7044919243112,10.));
#11794=CARTESIAN_POINT('',(-129.0125,-93.7044919243112,10.));
#11795=CARTESIAN_POINT('Origin',(109.0125,-91.025,10.));
#11796=CARTESIAN_POINT('Origin',(111.691991924311,-111.025,-10.));
#11797=CARTESIAN_POINT('',(129.0125,-91.025,0.));
#11798=CARTESIAN_POINT('Origin',(111.691991924311,-91.025,-10.));
#11799=CARTESIAN_POINT('',(129.0125,91.025,0.));
#11800=CARTESIAN_POINT('',(129.0125,-111.025,0.));
#11801=CARTESIAN_POINT('Origin',(111.691991924311,91.025,-10.));
#11802=CARTESIAN_POINT('Ctrl Pts',(129.0125,-91.025,-1.11022302462516E-15));
#11803=CARTESIAN_POINT('Ctrl Pts',(129.0125,-111.025,-1.11022302462516E-15));
#11804=CARTESIAN_POINT('Ctrl Pts',(109.0125,-111.025,-1.11022302462516E-15));
#11805=CARTESIAN_POINT('Ctrl Pts',(123.238997308104,-91.025,9.99999999999999));
#11806=CARTESIAN_POINT('Ctrl Pts',(123.238997308104,-105.251497308104,9.99999999999999));
#11807=CARTESIAN_POINT('Ctrl Pts',(109.0125,-105.251497308104,10.));
#11808=CARTESIAN_POINT('Ctrl Pts',(111.691991924311,-91.025,10.));
#11809=CARTESIAN_POINT('Ctrl Pts',(111.691991924311,-93.7044919243112,10.));
#11810=CARTESIAN_POINT('Ctrl Pts',(109.0125,-93.7044919243112,10.));
#11811=CARTESIAN_POINT('',(109.0125,-111.025,0.));
#11812=CARTESIAN_POINT('Origin',(109.0125,-93.7044919243112,-10.));
#11813=CARTESIAN_POINT('Origin',(109.0125,-91.025,0.));
#11814=CARTESIAN_POINT('',(117.695231984334,-104.35476124985,5.));
#11815=CARTESIAN_POINT('',(122.34226124985,-99.7077319843338,5.));
#11816=CARTESIAN_POINT('Ctrl Pts',(117.695231984334,-104.35476124985,5.00000000000001));
#11817=CARTESIAN_POINT('Ctrl Pts',(117.112780078564,-104.249606074131,5.35807044589582));
#11818=CARTESIAN_POINT('Ctrl Pts',(116.568233546828,-104.018039969833,5.74575609767745));
#11819=CARTESIAN_POINT('Ctrl Pts',(115.634679841489,-103.357744929751,6.50256448313742));
#11820=CARTESIAN_POINT('Ctrl Pts',(115.240210901429,-102.932047302801,6.87385594848891));
#11821=CARTESIAN_POINT('Ctrl Pts',(114.755126463092,-102.097138403638,7.44387895081745));
#11822=CARTESIAN_POINT('Ctrl Pts',(114.607288667038,-101.733528707578,7.65751728958801));
#11823=CARTESIAN_POINT('Ctrl Pts',(114.438244752885,-101.024157607279,8.01382546586522));
#11824=CARTESIAN_POINT('Ctrl Pts',(114.400211536342,-100.687953559772,8.16140362113643));
#11825=CARTESIAN_POINT('Ctrl Pts',(114.413764532185,-99.9571446845582,8.43808287772247));
#11826=CARTESIAN_POINT('Ctrl Pts',(114.477228148543,-99.5654194688697,8.56065421768746));
#11827=CARTESIAN_POINT('Ctrl Pts',(114.748310833644,-98.7309172797776,8.76747468308553));
#11828=CARTESIAN_POINT('Ctrl Pts',(114.976352528051,-98.3029790377092,8.83826686468469));
#11829=CARTESIAN_POINT('Ctrl Pts',(115.572996721434,-97.5556612230504,8.89172018937017));
#11830=CARTESIAN_POINT('Ctrl Pts',(115.928134393958,-97.2436605664433,8.87667382741989));
#11831=CARTESIAN_POINT('Ctrl Pts',(116.739605377216,-96.750108163132,8.76301349649443));
#11832=CARTESIAN_POINT('Ctrl Pts',(117.186781705916,-96.5802280157592,8.66318246618621));
#11833=CARTESIAN_POINT('Ctrl Pts',(118.004126253472,-96.4218454735081,8.41666953400116));
#11834=CARTESIAN_POINT('Ctrl Pts',(118.363950072175,-96.4031766304797,8.28653775815561));
#11835=CARTESIAN_POINT('Ctrl Pts',(119.064445350659,-96.4574173994344,7.98997171846615));
#11836=CARTESIAN_POINT('Ctrl Pts',(119.401963942179,-96.5297707711291,7.82500429563637));
#11837=CARTESIAN_POINT('Ctrl Pts',(120.150568398164,-96.7902155687129,7.40692939158185));
#11838=CARTESIAN_POINT('Ctrl Pts',(120.542885691305,-97.0089518758503,7.14480079946983));
#11839=CARTESIAN_POINT('Ctrl Pts',(121.253422678689,-97.5703987654172,6.57799939736925));
#11840=CARTESIAN_POINT('Ctrl Pts',(121.563980752212,-97.9206254580831,6.27185209098266));
#11841=CARTESIAN_POINT('Ctrl Pts',(122.068054767439,-98.7345900568202,5.63754003406319));
#11842=CARTESIAN_POINT('Ctrl Pts',(122.251870250438,-99.2070584843203,5.30779602851677));
#11843=CARTESIAN_POINT('Ctrl Pts',(122.34226124985,-99.7077319843338,5.));
#11844=CARTESIAN_POINT('Origin',(109.0125,-91.025,5.));
#11845=CARTESIAN_POINT('Ctrl Pts',(109.0125,111.025,-1.11022302462516E-15));
#11846=CARTESIAN_POINT('Ctrl Pts',(129.0125,111.025,-1.11022302462516E-15));
#11847=CARTESIAN_POINT('Ctrl Pts',(129.0125,91.0249999999997,-1.11022302462516E-15));
#11848=CARTESIAN_POINT('Ctrl Pts',(109.0125,105.251497308104,10.));
#11849=CARTESIAN_POINT('Ctrl Pts',(123.238997308104,105.251497308104,9.99999999999999));
#11850=CARTESIAN_POINT('Ctrl Pts',(123.238997308104,91.0249999999998,9.99999999999999));
#11851=CARTESIAN_POINT('Ctrl Pts',(109.0125,93.7044919243112,10.));
#11852=CARTESIAN_POINT('Ctrl Pts',(111.691991924311,93.7044919243112,10.));
#11853=CARTESIAN_POINT('Ctrl Pts',(111.691991924311,91.025,10.));
#11854=CARTESIAN_POINT('',(109.0125,111.025,0.));
#11855=CARTESIAN_POINT('Origin',(109.0125,93.7044919243112,-10.));
#11856=CARTESIAN_POINT('Origin',(109.0125,91.025,0.));
#11857=CARTESIAN_POINT('',(122.34226124985,99.7077319843338,5.));
#11858=CARTESIAN_POINT('',(117.695231984334,104.35476124985,5.));
#11859=CARTESIAN_POINT('Ctrl Pts',(122.34226124985,99.7077319843338,5.));
#11860=CARTESIAN_POINT('Ctrl Pts',(122.237106074131,99.1252800785637,5.35807044589583));
#11861=CARTESIAN_POINT('Ctrl Pts',(122.005539969833,98.580733546828,5.74575609767747));
#11862=CARTESIAN_POINT('Ctrl Pts',(121.345244929751,97.6471798414889,6.50256448313749));
#11863=CARTESIAN_POINT('Ctrl Pts',(120.919547302801,97.2527109014293,6.87385594848894));
#11864=CARTESIAN_POINT('Ctrl Pts',(120.084638403638,96.767626463092,7.44387895081732));
#11865=CARTESIAN_POINT('Ctrl Pts',(119.721028707578,96.6197886670379,7.65751728958795));
#11866=CARTESIAN_POINT('Ctrl Pts',(119.011657607279,96.4507447528852,8.01382546586522));
#11867=CARTESIAN_POINT('Ctrl Pts',(118.675453559772,96.4127115363419,8.16140362113643));
#11868=CARTESIAN_POINT('Ctrl Pts',(117.944644684558,96.4262645321846,8.43808287772254));
#11869=CARTESIAN_POINT('Ctrl Pts',(117.55291946887,96.4897281485433,8.56065421768747));
#11870=CARTESIAN_POINT('Ctrl Pts',(116.718417279778,96.7608108336441,8.76747468308548));
#11871=CARTESIAN_POINT('Ctrl Pts',(116.290479037709,96.9888525280505,8.83826686468469));
#11872=CARTESIAN_POINT('Ctrl Pts',(115.54316122305,97.5854967214342,8.89172018937017));
#11873=CARTESIAN_POINT('Ctrl Pts',(115.231160566443,97.9406343939579,8.87667382741987));
#11874=CARTESIAN_POINT('Ctrl Pts',(114.737608163132,98.7521053772159,8.76301349649442));
#11875=CARTESIAN_POINT('Ctrl Pts',(114.567728015759,99.1992817059159,8.66318246618619));
#11876=CARTESIAN_POINT('Ctrl Pts',(114.409345473508,100.016626253472,8.41666953400114));
#11877=CARTESIAN_POINT('Ctrl Pts',(114.39067663048,100.376450072175,8.28653775815556));
#11878=CARTESIAN_POINT('Ctrl Pts',(114.444917399434,101.076945350659,7.98997171846617));
#11879=CARTESIAN_POINT('Ctrl Pts',(114.517270771129,101.414463942179,7.82500429563644));
#11880=CARTESIAN_POINT('Ctrl Pts',(114.777715568713,102.163068398164,7.4069293915818));
#11881=CARTESIAN_POINT('Ctrl Pts',(114.99645187585,102.555385691305,7.14480079946973));
#11882=CARTESIAN_POINT('Ctrl Pts',(115.557898765417,103.265922678689,6.57799939736923));
#11883=CARTESIAN_POINT('Ctrl Pts',(115.908125458083,103.576480752212,6.27185209098267));
#11884=CARTESIAN_POINT('Ctrl Pts',(116.72209005682,104.080554767439,5.63754003406314));
#11885=CARTESIAN_POINT('Ctrl Pts',(117.19455848432,104.264370250438,5.30779602851675));
#11886=CARTESIAN_POINT('Ctrl Pts',(117.695231984334,104.35476124985,4.99999999999999));
#11887=CARTESIAN_POINT('Origin',(109.0125,91.025,5.));
#11888=CARTESIAN_POINT('Origin',(-129.0125,-93.7044919243112,-10.));
#11889=CARTESIAN_POINT('',(-109.0125,-111.025,0.));
#11890=CARTESIAN_POINT('Origin',(-109.0125,-93.7044919243112,-10.));
#11891=CARTESIAN_POINT('',(-129.0125,-111.025,0.));
#11892=CARTESIAN_POINT('Origin',(129.0125,93.7044919243112,-10.));
#11893=CARTESIAN_POINT('',(-109.0125,111.025,0.));
#11894=CARTESIAN_POINT('Origin',(-109.0125,93.7044919243112,-10.));
#11895=CARTESIAN_POINT('',(129.0125,111.025,0.));
#11896=CARTESIAN_POINT('Ctrl Pts',(-109.0125,-111.025,-1.11022302462516E-15));
#11897=CARTESIAN_POINT('Ctrl Pts',(-129.0125,-111.025,-1.11022302462516E-15));
#11898=CARTESIAN_POINT('Ctrl Pts',(-129.0125,-91.025,-1.11022302462516E-15));
#11899=CARTESIAN_POINT('Ctrl Pts',(-109.0125,-105.251497308104,9.99999999999999));
#11900=CARTESIAN_POINT('Ctrl Pts',(-123.238997308104,-105.251497308104,
9.99999999999999));
#11901=CARTESIAN_POINT('Ctrl Pts',(-123.238997308104,-91.025,10.));
#11902=CARTESIAN_POINT('Ctrl Pts',(-109.0125,-93.7044919243112,10.));
#11903=CARTESIAN_POINT('Ctrl Pts',(-111.691991924311,-93.7044919243112,
10.));
#11904=CARTESIAN_POINT('Ctrl Pts',(-111.691991924311,-91.025,10.));
#11905=CARTESIAN_POINT('',(-129.0125,-91.025,0.));
#11906=CARTESIAN_POINT('Origin',(-111.691991924311,-91.025,-10.));
#11907=CARTESIAN_POINT('Origin',(-109.0125,-91.025,0.));
#11908=CARTESIAN_POINT('',(-122.34226124985,-99.7077319843338,5.));
#11909=CARTESIAN_POINT('',(-117.695231984334,-104.35476124985,5.));
#11910=CARTESIAN_POINT('Ctrl Pts',(-122.34226124985,-99.7077319843338,5.));
#11911=CARTESIAN_POINT('Ctrl Pts',(-122.237106074131,-99.1252800785637,
5.35807044589581));
#11912=CARTESIAN_POINT('Ctrl Pts',(-122.005539969833,-98.580733546828,5.74575609767745));
#11913=CARTESIAN_POINT('Ctrl Pts',(-121.345244929751,-97.6471798414889,
6.5025644831375));
#11914=CARTESIAN_POINT('Ctrl Pts',(-120.919547302801,-97.2527109014293,
6.87385594848894));
#11915=CARTESIAN_POINT('Ctrl Pts',(-120.084638403638,-96.7676264630919,
7.44387895081736));
#11916=CARTESIAN_POINT('Ctrl Pts',(-119.721028707578,-96.6197886670379,
7.65751728958798));
#11917=CARTESIAN_POINT('Ctrl Pts',(-119.011657607279,-96.4507447528852,
8.01382546586522));
#11918=CARTESIAN_POINT('Ctrl Pts',(-118.675453559772,-96.4127115363419,
8.16140362113643));
#11919=CARTESIAN_POINT('Ctrl Pts',(-117.944644684558,-96.4262645321846,
8.43808287772254));
#11920=CARTESIAN_POINT('Ctrl Pts',(-117.55291946887,-96.4897281485433,8.56065421768747));
#11921=CARTESIAN_POINT('Ctrl Pts',(-116.718417279778,-96.7608108336441,
8.7674746830855));
#11922=CARTESIAN_POINT('Ctrl Pts',(-116.290479037709,-96.9888525280506,
8.83826686468469));
#11923=CARTESIAN_POINT('Ctrl Pts',(-115.54316122305,-97.5854967214342,8.89172018937017));
#11924=CARTESIAN_POINT('Ctrl Pts',(-115.231160566443,-97.9406343939578,
8.87667382741988));
#11925=CARTESIAN_POINT('Ctrl Pts',(-114.737608163132,-98.752105377216,8.76301349649441));
#11926=CARTESIAN_POINT('Ctrl Pts',(-114.567728015759,-99.199281705916,8.66318246618616));
#11927=CARTESIAN_POINT('Ctrl Pts',(-114.409345473508,-100.016626253472,
8.41666953400115));
#11928=CARTESIAN_POINT('Ctrl Pts',(-114.39067663048,-100.376450072175,8.28653775815561));
#11929=CARTESIAN_POINT('Ctrl Pts',(-114.444917399434,-101.076945350659,
7.98997171846613));
#11930=CARTESIAN_POINT('Ctrl Pts',(-114.517270771129,-101.41446394218,7.82500429563633));
#11931=CARTESIAN_POINT('Ctrl Pts',(-114.777715568713,-102.163068398164,
7.40692939158182));
#11932=CARTESIAN_POINT('Ctrl Pts',(-114.99645187585,-102.555385691305,7.1448007994698));
#11933=CARTESIAN_POINT('Ctrl Pts',(-115.557898765417,-103.265922678689,
6.57799939736923));
#11934=CARTESIAN_POINT('Ctrl Pts',(-115.908125458083,-103.576480752212,
6.27185209098267));
#11935=CARTESIAN_POINT('Ctrl Pts',(-116.72209005682,-104.080554767439,5.63754003406314));
#11936=CARTESIAN_POINT('Ctrl Pts',(-117.19455848432,-104.264370250438,5.30779602851675));
#11937=CARTESIAN_POINT('Ctrl Pts',(-117.695231984334,-104.35476124985,5.));
#11938=CARTESIAN_POINT('Origin',(-109.0125,-91.025,5.));
#11939=CARTESIAN_POINT('Ctrl Pts',(-129.0125,91.0250000000003,-1.11022302462516E-15));
#11940=CARTESIAN_POINT('Ctrl Pts',(-129.0125,111.025,-1.11022302462516E-15));
#11941=CARTESIAN_POINT('Ctrl Pts',(-109.0125,111.025,-1.11022302462516E-15));
#11942=CARTESIAN_POINT('Ctrl Pts',(-123.238997308104,91.0250000000002,10.));
#11943=CARTESIAN_POINT('Ctrl Pts',(-123.238997308104,105.251497308104,9.99999999999999));
#11944=CARTESIAN_POINT('Ctrl Pts',(-109.0125,105.251497308104,9.99999999999999));
#11945=CARTESIAN_POINT('Ctrl Pts',(-111.691991924311,91.025,10.));
#11946=CARTESIAN_POINT('Ctrl Pts',(-111.691991924311,93.7044919243113,10.));
#11947=CARTESIAN_POINT('Ctrl Pts',(-109.0125,93.7044919243112,10.));
#11948=CARTESIAN_POINT('',(-129.0125,91.025,0.));
#11949=CARTESIAN_POINT('Origin',(-111.691991924311,91.025,-10.));
#11950=CARTESIAN_POINT('Origin',(-109.0125,91.025,0.));
#11951=CARTESIAN_POINT('',(-117.695231984334,104.35476124985,5.));
#11952=CARTESIAN_POINT('',(-122.34226124985,99.7077319843338,5.));
#11953=CARTESIAN_POINT('Ctrl Pts',(-117.695231984334,104.35476124985,5.));
#11954=CARTESIAN_POINT('Ctrl Pts',(-117.112780078564,104.249606074131,5.35807044589582));
#11955=CARTESIAN_POINT('Ctrl Pts',(-116.568233546828,104.018039969833,5.74575609767745));
#11956=CARTESIAN_POINT('Ctrl Pts',(-115.634679841489,103.357744929751,6.50256448313747));
#11957=CARTESIAN_POINT('Ctrl Pts',(-115.240210901429,102.932047302801,6.87385594848893));
#11958=CARTESIAN_POINT('Ctrl Pts',(-114.755126463092,102.097138403638,7.44387895081739));
#11959=CARTESIAN_POINT('Ctrl Pts',(-114.607288667038,101.733528707578,7.65751728958798));
#11960=CARTESIAN_POINT('Ctrl Pts',(-114.438244752885,101.024157607279,8.01382546586522));
#11961=CARTESIAN_POINT('Ctrl Pts',(-114.400211536342,100.687953559772,8.16140362113643));
#11962=CARTESIAN_POINT('Ctrl Pts',(-114.413764532185,99.9571446845579,8.43808287772259));
#11963=CARTESIAN_POINT('Ctrl Pts',(-114.477228148543,99.5654194688695,8.56065421768748));
#11964=CARTESIAN_POINT('Ctrl Pts',(-114.748310833644,98.7309172797779,8.76747468308545));
#11965=CARTESIAN_POINT('Ctrl Pts',(-114.97635252805,98.3029790377093,8.83826686468469));
#11966=CARTESIAN_POINT('Ctrl Pts',(-115.572996721434,97.5556612230503,8.89172018937017));
#11967=CARTESIAN_POINT('Ctrl Pts',(-115.928134393958,97.2436605664432,8.87667382741988));
#11968=CARTESIAN_POINT('Ctrl Pts',(-116.739605377216,96.750108163132,8.76301349649442));
#11969=CARTESIAN_POINT('Ctrl Pts',(-117.186781705916,96.5802280157592,8.66318246618619));
#11970=CARTESIAN_POINT('Ctrl Pts',(-118.004126253472,96.4218454735081,8.41666953400114));
#11971=CARTESIAN_POINT('Ctrl Pts',(-118.363950072175,96.4031766304797,8.28653775815556));
#11972=CARTESIAN_POINT('Ctrl Pts',(-119.064445350659,96.4574173994344,7.98997171846617));
#11973=CARTESIAN_POINT('Ctrl Pts',(-119.401963942179,96.529770771129,7.82500429563643));
#11974=CARTESIAN_POINT('Ctrl Pts',(-120.150568398164,96.7902155687129,7.40692939158182));
#11975=CARTESIAN_POINT('Ctrl Pts',(-120.542885691305,97.0089518758504,7.14480079946977));
#11976=CARTESIAN_POINT('Ctrl Pts',(-121.253422678689,97.5703987654172,6.57799939736925));
#11977=CARTESIAN_POINT('Ctrl Pts',(-121.563980752212,97.920625458083,6.2718520909827));
#11978=CARTESIAN_POINT('Ctrl Pts',(-122.068054767439,98.7345900568203,5.63754003406311));
#11979=CARTESIAN_POINT('Ctrl Pts',(-122.251870250438,99.2070584843203,5.30779602851674));
#11980=CARTESIAN_POINT('Ctrl Pts',(-122.34226124985,99.7077319843338,5.));
#11981=CARTESIAN_POINT('Origin',(-109.0125,91.025,5.));
#11982=CARTESIAN_POINT('Origin',(-111.691991924311,111.025,-10.));
#11983=CARTESIAN_POINT('',(-129.0125,111.025,0.));
#11984=CARTESIAN_POINT('Origin',(118.405898282202,-100.418398282202,10.));
#11985=CARTESIAN_POINT('Origin',(118.405898282202,-100.418398282202,5.));
#11986=CARTESIAN_POINT('Origin',(118.405898282202,100.418398282202,10.));
#11987=CARTESIAN_POINT('Origin',(118.405898282202,100.418398282202,5.));
#11988=CARTESIAN_POINT('Origin',(-118.405898282202,-100.418398282202,10.));
#11989=CARTESIAN_POINT('Origin',(-118.405898282202,-100.418398282202,5.));
#11990=CARTESIAN_POINT('Origin',(-118.405898282202,100.418398282202,10.));
#11991=CARTESIAN_POINT('Origin',(-118.405898282202,100.418398282202,5.));
#11992=CARTESIAN_POINT('Origin',(0.,0.,10.));
#11993=CARTESIAN_POINT('Origin',(64.0125,46.025,0.));
#11994=CARTESIAN_POINT('',(64.0125,-46.025,0.));
#11995=CARTESIAN_POINT('',(64.0125,46.025,0.));
#11996=CARTESIAN_POINT('',(64.0125,23.0125,0.));
#11997=CARTESIAN_POINT('',(64.0125,-46.025,-65.));
#11998=CARTESIAN_POINT('',(64.0125,-46.025,0.));
#11999=CARTESIAN_POINT('',(64.0125,46.025,-65.));
#12000=CARTESIAN_POINT('',(64.0125,-46.025,-65.));
#12001=CARTESIAN_POINT('',(64.0125,46.025,0.));
#12002=CARTESIAN_POINT('Origin',(-64.0125,46.025,0.));
#12003=CARTESIAN_POINT('',(-64.0125,46.025,0.));
#12004=CARTESIAN_POINT('',(-32.00625,46.025,0.));
#12005=CARTESIAN_POINT('',(-64.0125,46.025,-65.));
#12006=CARTESIAN_POINT('',(64.0125,46.025,-65.));
#12007=CARTESIAN_POINT('',(-64.0125,46.025,0.));
#12008=CARTESIAN_POINT('Origin',(-64.0125,-46.025,0.));
#12009=CARTESIAN_POINT('',(-64.0125,-46.025,0.));
#12010=CARTESIAN_POINT('',(-64.0125,-23.0125,0.));
#12011=CARTESIAN_POINT('',(-64.0125,-46.025,-65.));
#12012=CARTESIAN_POINT('',(-64.0125,46.025,-65.));
#12013=CARTESIAN_POINT('',(-64.0125,-46.025,0.));
#12014=CARTESIAN_POINT('Origin',(64.0125,-46.025,0.));
#12015=CARTESIAN_POINT('',(32.00625,-46.025,0.));
#12016=CARTESIAN_POINT('',(-64.0125,-46.025,-65.));
#12017=CARTESIAN_POINT('Origin',(0.,0.,-65.));
#12018=CARTESIAN_POINT('Origin',(-118.405898282202,-100.418398282202,5.));
#12019=CARTESIAN_POINT('',(-115.905898282202,-100.418398282202,5.));
#12020=CARTESIAN_POINT('Origin',(-118.405898282202,-100.418398282202,5.));
#12021=CARTESIAN_POINT('Origin',(118.405898282202,-100.418398282202,5.));
#12022=CARTESIAN_POINT('',(120.905898282202,-100.418398282202,5.));
#12023=CARTESIAN_POINT('Origin',(118.405898282202,-100.418398282202,5.));
#12024=CARTESIAN_POINT('Origin',(-118.405898282202,100.418398282202,5.));
#12025=CARTESIAN_POINT('',(-115.905898282202,100.418398282202,5.));
#12026=CARTESIAN_POINT('Origin',(-118.405898282202,100.418398282202,5.));
#12027=CARTESIAN_POINT('Origin',(118.405898282202,100.418398282202,5.));
#12028=CARTESIAN_POINT('',(120.905898282202,100.418398282202,5.));
#12029=CARTESIAN_POINT('Origin',(118.405898282202,100.418398282202,5.));
#12030=CARTESIAN_POINT('Origin',(118.405898282202,-100.418398282202,10.));
#12031=CARTESIAN_POINT('',(120.905898282202,-100.418398282202,0.));
#12032=CARTESIAN_POINT('',(120.905898282202,-100.418398282202,10.));
#12033=CARTESIAN_POINT('Origin',(118.405898282202,-100.418398282202,0.));
#12034=CARTESIAN_POINT('Origin',(118.405898282202,100.418398282202,10.));
#12035=CARTESIAN_POINT('',(120.905898282202,100.418398282202,0.));
#12036=CARTESIAN_POINT('',(120.905898282202,100.418398282202,10.));
#12037=CARTESIAN_POINT('Origin',(118.405898282202,100.418398282202,0.));
#12038=CARTESIAN_POINT('Origin',(-118.405898282202,-100.418398282202,10.));
#12039=CARTESIAN_POINT('',(-115.905898282202,-100.418398282202,0.));
#12040=CARTESIAN_POINT('',(-115.905898282202,-100.418398282202,10.));
#12041=CARTESIAN_POINT('Origin',(-118.405898282202,-100.418398282202,0.));
#12042=CARTESIAN_POINT('Origin',(-118.405898282202,100.418398282202,10.));
#12043=CARTESIAN_POINT('',(-115.905898282202,100.418398282202,0.));
#12044=CARTESIAN_POINT('',(-115.905898282202,100.418398282202,10.));
#12045=CARTESIAN_POINT('Origin',(-118.405898282202,100.418398282202,0.));
#12046=CARTESIAN_POINT('Origin',(0.,0.,0.));
#12047=UNCERTAINTY_MEASURE_WITH_UNIT(LENGTH_MEASURE(0.01),#12051,
'DISTANCE_ACCURACY_VALUE',
'Maximum model space distance between geometric entities at asserted c
onnectivities');
#12048=UNCERTAINTY_MEASURE_WITH_UNIT(LENGTH_MEASURE(0.01),#12051,
'DISTANCE_ACCURACY_VALUE',
'Maximum model space distance between geometric entities at asserted c
onnectivities');
#12049=(
GEOMETRIC_REPRESENTATION_CONTEXT(3)
GLOBAL_UNCERTAINTY_ASSIGNED_CONTEXT((#12047))
GLOBAL_UNIT_ASSIGNED_CONTEXT((#12051,#12053,#12054))
REPRESENTATION_CONTEXT('','3D')
);
#12050=(
GEOMETRIC_REPRESENTATION_CONTEXT(3)
GLOBAL_UNCERTAINTY_ASSIGNED_CONTEXT((#12048))
GLOBAL_UNIT_ASSIGNED_CONTEXT((#12051,#12053,#12054))
REPRESENTATION_CONTEXT('','3D')
);
#12051=(
LENGTH_UNIT()
NAMED_UNIT(*)
SI_UNIT(.MILLI.,.METRE.)
);
#12052=(
LENGTH_UNIT()
NAMED_UNIT(*)
SI_UNIT($,.METRE.)
);
#12053=(
NAMED_UNIT(*)
PLANE_ANGLE_UNIT()
SI_UNIT($,.RADIAN.)
);
#12054=(
NAMED_UNIT(*)
SI_UNIT($,.STERADIAN.)
SOLID_ANGLE_UNIT()
);
#12055=SHAPE_DEFINITION_REPRESENTATION(#12056,#12057);
#12056=PRODUCT_DEFINITION_SHAPE('',$,#12059);
#12057=SHAPE_REPRESENTATION('',(#6323),#12049);
#12058=PRODUCT_DEFINITION_CONTEXT('part definition',#12063,'design');
#12059=PRODUCT_DEFINITION('Crahsense outter shel part-2',
'Crahsense outter shel part-2 v4',#12060,#12058);
#12060=PRODUCT_DEFINITION_FORMATION('',$,#12065);
#12061=PRODUCT_RELATED_PRODUCT_CATEGORY(
'Crahsense outter shel part-2 v4','Crahsense outter shel part-2 v4',(#12065));
#12062=APPLICATION_PROTOCOL_DEFINITION('international standard',
'automotive_design',2009,#12063);
#12063=APPLICATION_CONTEXT(
'Core Data for Automotive Mechanical Design Process');
#12064=PRODUCT_CONTEXT('part definition',#12063,'mechanical');
#12065=PRODUCT('Crahsense outter shel part-2',
'Crahsense outter shel part-2 v4',$,(#12064));
#12066=PRESENTATION_STYLE_ASSIGNMENT((#12067));
#12067=SURFACE_STYLE_USAGE(.BOTH.,#12068);
#12068=SURFACE_SIDE_STYLE('',(#12069));
#12069=SURFACE_STYLE_FILL_AREA(#12070);
#12070=FILL_AREA_STYLE('Plastic - Matte (White)',(#12071));
#12071=FILL_AREA_STYLE_COLOUR('Plastic - Matte (White)',#12072);
#12072=COLOUR_RGB('Plastic - Matte (White)',0.964705882352941,0.964705882352941,
0.952941176470588);
ENDSEC;
END-ISO-10303-21;
